workbook,workbook_version,sheet,csv_file,columns,data_rows,records,notes
uk_climate_nature_governance.xlsx,26,Public Bodies,csv/uk_climate_nature_governance/Public_Bodies.csv,18,44,44,
uk_climate_nature_governance.xlsx,26,Legislation,csv/uk_climate_nature_governance/Legislation.csv,16,67,67,
uk_climate_nature_governance.xlsx,26,Policies & Activities,csv/uk_climate_nature_governance/Policies_and_Activities.csv,19,69,69,
uk_climate_nature_governance.xlsx,26,Data Dictionary,csv/uk_climate_nature_governance/Data_Dictionary.csv,6,34,,
uk_climate_nature_governance.xlsx,26,Cross-Reference Index,csv/uk_climate_nature_governance/Cross_Reference_Index.csv,8,180,180,
uk_climate_nature_governance.xlsx,26,Changelog,csv/uk_climate_nature_governance/Changelog.csv,4,15,,"key/value block (Workbook, Version, Last updated), then a Version|Date|Summary|Author table; row 1 is not a header; 1 merged range(s): the text sits in the first cell of each merged range; the other cells are empty"
international_climate_nature_governance.xlsx,16,Conventions & Treaties,csv/international_climate_nature_governance/Conventions_and_Treaties.csv,20,24,24,
international_climate_nature_governance.xlsx,16,EU Legislation,csv/international_climate_nature_governance/EU_Legislation.csv,19,22,22,
international_climate_nature_governance.xlsx,16,Associated Bodies,csv/international_climate_nature_governance/Associated_Bodies.csv,18,35,35,
international_climate_nature_governance.xlsx,16,Intl Policies & Activities,csv/international_climate_nature_governance/Intl_Policies_and_Activities.csv,16,25,25,
international_climate_nature_governance.xlsx,16,Data Dictionary,csv/international_climate_nature_governance/Data_Dictionary.csv,6,42,,
international_climate_nature_governance.xlsx,16,Cross-Reference Index,csv/international_climate_nature_governance/Cross_Reference_Index.csv,6,106,106,
international_climate_nature_governance.xlsx,16,Changelog,csv/international_climate_nature_governance/Changelog.csv,4,10,,"key/value block (Workbook, Version, Last updated), then a Version|Date|Summary|Author table; row 1 is not a header; 1 merged range(s): the text sits in the first cell of each merged range; the other cells are empty"
indicators_climate_nature.xlsx,27,Indicator Framework,csv/indicators_climate_nature/Indicator_Framework.csv,13,12,,3 merged range(s): the text sits in the first cell of each merged range; the other cells are empty
indicators_climate_nature.xlsx,27,EIF Indicators,csv/indicators_climate_nature/EIF_Indicators.csv,20,66,66,
indicators_climate_nature.xlsx,27,CCC Indicators,csv/indicators_climate_nature/CCC_Indicators.csv,19,149,149,
indicators_climate_nature.xlsx,27,JNCC UK Biodiversity Indicators,csv/indicators_climate_nature/JNCC_UK_Biodiversity_Indicators.csv,21,77,77,
indicators_climate_nature.xlsx,27,SoN 2023 Indicators,csv/indicators_climate_nature/SoN_2023_Indicators.csv,17,32,32,
indicators_climate_nature.xlsx,27,EEA Biodiversity Indicators,csv/indicators_climate_nature/EEA_Biodiversity_Indicators.csv,18,62,62,
indicators_climate_nature.xlsx,27,BIP Indicators,csv/indicators_climate_nature/BIP_Indicators.csv,18,81,81,
indicators_climate_nature.xlsx,27,IPBES Indicators,csv/indicators_climate_nature/IPBES_Indicators.csv,17,143,143,
indicators_climate_nature.xlsx,27,CBD GBF Indicators,csv/indicators_climate_nature/CBD_GBF_Indicators.csv,17,206,202,4 section-banner row(s) have Record_ID but no Indicator_Name; not indicator records
indicators_climate_nature.xlsx,27,SDG Indicators,csv/indicators_climate_nature/SDG_Indicators.csv,18,173,173,
indicators_climate_nature.xlsx,27,SDG Goal Lookup,csv/indicators_climate_nature/SDG_Goal_Lookup.csv,5,19,,
indicators_climate_nature.xlsx,27,GBF Target Lookup,csv/indicators_climate_nature/GBF_Target_Lookup.csv,5,29,,
indicators_climate_nature.xlsx,27,SDG Target Lookup,csv/indicators_climate_nature/SDG_Target_Lookup.csv,6,129,,
indicators_climate_nature.xlsx,27,References,csv/indicators_climate_nature/References.csv,5,24,,
indicators_climate_nature.xlsx,27,Data Dictionary,csv/indicators_climate_nature/Data_Dictionary.csv,6,77,,
indicators_climate_nature.xlsx,27,Legend,csv/indicators_climate_nature/Legend.csv,2,22,,
indicators_climate_nature.xlsx,27,NCF Legend,csv/indicators_climate_nature/NCF_Legend.csv,5,5,,
indicators_climate_nature.xlsx,27,Changelog,csv/indicators_climate_nature/Changelog.csv,4,27,,"key/value block (Workbook, Version, Last updated), then a Version|Date|Summary|Author table; row 1 is not a header; 1 merged range(s): the text sits in the first cell of each merged range; the other cells are empty"
