Record_ID,Name,Acronym,Record_Type,General_Type,Policy_Sector,Year_Adopted,Year_In_Force,Number_Of_Parties,Secretariat_Location,Key_Provisions,Parent_Convention,Geographic_Extent,Status,UK_Ratification,UK_Links,Intl_Links,Official_Link,Date_Last_Updated,Indicator_Frameworks
INT-L-001,UN Framework Convention on Climate Change,UNFCCC,International Convention,Convention / Treaty,Climate,1992,1994,198 Parties,"Bonn, Germany (UNFCCC Secretariat)",Foundational legally binding global treaty on climate change. Objective: stabilise GHG concentrations to prevent dangerous anthropogenic interference with the climate system. Establishes principles including common but differentiated responsibilities. Requires parties to submit National Communications and Nationally Determined Contributions (NDCs). Basis for all subsequent climate negotiations and agreements including Kyoto Protocol and Paris Agreement.,—,Global,In force,Ratified 1993; UK bound by all amendments,[LEG-001] Climate Change Act 2008; UK NDC (2035: −81% vs 1990); [LEG-003] Carbon Budget Orders (1st–7th); Net Zero Strategy / Carbon Budget Delivery Plan (CBDP) 2023,,https://unfccc.int/,May 2026,
INT-L-002,Kyoto Protocol to the UNFCCC,,International Convention,Protocol / Agreement,Climate,1997,2005,192 Parties,"Bonn, Germany (UNFCCC Secretariat)","First legally binding international agreement with quantified GHG emission reduction commitments for developed countries. Established emissions trading, clean development mechanism (CDM) and joint implementation. Committed Annex I countries to ~5% reduction vs 1990 in first commitment period (2008–12); second period (2013–20). Superseded in ambition by Paris Agreement but remains in force.",[INT-L-001] UN Framework Convention on Climate Change (UNFCCC),Global,In force (second commitment period ongoing),Ratified 2002,[LEG-001] Climate Change Act 2008; [LEG-003] Carbon Budget Orders (1st–7th),,https://unfccc.int/kyoto_protocol,May 2026,
INT-L-003,Paris Agreement,,International Convention,Protocol / Agreement,Climate,2015,2016,195 Parties,"Bonn, Germany (UNFCCC Secretariat)","Landmark legally binding international agreement on climate change. Goal: limit global temperature rise to well below 2°C above pre-industrial levels, pursuing 1.5°C. Each country submits NDCs (Nationally Determined Contributions). 5-yearly ratchet mechanism (Global Stocktake). Article 6 creates international carbon markets. Article 7 establishes global adaptation goal. Loss and Damage (Article 8). Replaces Kyoto Protocol as main mechanism for developed countries from 2020.",[INT-L-001] UN Framework Convention on Climate Change (UNFCCC),Global,In force,Ratified 2016; UK NDC: −81% by 2035 vs 1990 (submitted Feb 2025),[LEG-001] Climate Change Act 2008; [LEG-003] Carbon Budget Orders (1st–7th); [POL-004] UK Net Zero Strategy / Carbon Budget Delivery Plan (CBDP) 2023; Paris Agreement / UK NDC (2035: −81% vs 1990),,https://unfccc.int/process-and-meetings/the-paris-agreement,May 2026,
INT-L-004,UN Convention on Biological Diversity,CBD,International Convention,Convention / Treaty,Nature & Biodiversity,1992,1993,196 Parties,"Montreal, Canada (CBD Secretariat)","Internationally binding treaty with three objectives: (1) conservation of biological diversity; (2) sustainable use of its components; (3) fair and equitable sharing of benefits from genetic resources (ABS). Requires National Biodiversity Strategies and Action Plans (NBSAPs). Underpins CITES, Cartagena Protocol, Nagoya Protocol and Kunming-Montreal GBF. Secretariat administered by UNEP.",—,Global,In force,Ratified 1994,[POL-003] UK National Biodiversity Strategy and Action Plan (NBSAP) 2025; [LEG-004] Environment Act 2021; [ORG-004] Joint Nature Conservation Committee (JNCC); [ORG-005] Natural England; [LEG-010] Biodiversity Beyond National Jurisdiction Act 2026; UN Convention on Biological Diversity (CBD) / Kunming-Montreal GBF,,https://www.cbd.int/,May 2026,[IFW-05]
INT-L-005,Cartagena Protocol on Biosafety,,International Convention,Protocol / Agreement,Nature & Biodiversity | Biosecurity,2000,2003,173 Parties,"Montreal, Canada (CBD Secretariat)","Legally binding protocol under the CBD on safe handling, transport and use of Living Modified Organisms (LMOs) resulting from biotechnology. Establishes Advance Informed Agreement (AIA) procedure, precautionary approach to LMO trade. Includes Biosafety Clearing-House information sharing system.",[INT-L-004] UN Convention on Biological Diversity (CBD),Global,In force,Ratified 2002,[ORG-020] Animal and Plant Health Agency (APHA); [LEG-004] Environment Act 2021,,https://bch.cbd.int/protocol,May 2026,
INT-L-006,Nagoya Protocol on Access and Benefit-Sharing,,International Convention,Protocol / Agreement,Nature & Biodiversity,2010,2014,141 Parties,"Montreal, Canada (CBD Secretariat)",Supplementary agreement to the CBD providing transparent legal framework for access to genetic resources and sharing of benefits arising from their use. Requires prior informed consent and mutually agreed terms. Includes an Access and Benefit-sharing Clearing-House. Directly relevant to traditional knowledge and CBD Article 15/8j obligations.,[INT-L-004] UN Convention on Biological Diversity (CBD),Global,In force,Ratified 2016,[ORG-019] Royal Botanic Gardens Kew (RBG Kew); [ORG-020] Animal and Plant Health Agency (APHA); [POL-003] UK National Biodiversity Strategy and Action Plan (NBSAP) 2025,,https://www.cbd.int/abs/,May 2026,
INT-L-007,Kunming-Montreal Global Biodiversity Framework,GBF,International Convention,Framework / Decision,Nature & Biodiversity,2022,2022,196 Parties (CBD decision),"Montreal, Canada (CBD Secretariat)","Landmark decision adopted at CBD COP15 (Dec 2022). Sets 4 goals and 23 action targets for 2030 to halt and reverse biodiversity loss. Key targets: 30×30 (protect 30% of land and sea by 2030), restore 30% of degraded ecosystems, reduce harmful subsidies by $500bn/year, mobilise $200bn/year for biodiversity. Includes a monitoring framework with headline, component and complementary indicators. Requires updated NBSAPs from all parties.",[INT-L-004] UN Convention on Biological Diversity (CBD),Global,In force (implementation 2022–2030),CBD party; UK NBSAP submitted Feb 2025,[POL-003] UK National Biodiversity Strategy and Action Plan (NBSAP) 2025; [ORG-004] Joint Nature Conservation Committee (JNCC); [POL-022] 30×30 Technical Working Group; [LEG-004] Environment Act 2021; JNCC UK Biodiversity Indicators; UN Convention on Biological Diversity (CBD) / Kunming-Montreal GBF; [POL-078] 30by30 on land in England; [POL-110] 30 by 30 in Scotland,,https://www.cbd.int/gbf/,May 2026,[IFW-05]
INT-L-008,UN Convention to Combat Desertification,UNCCD,International Convention,Convention / Treaty,Land Use & Agriculture | Climate,1994,1996,197 Parties,"Bonn, Germany (UNCCD Secretariat)","Only legally binding international framework addressing desertification and the effects of drought. Promotes sustainable land management, Land Degradation Neutrality (LDN) commitment (Target 15.3 SDG). Covers drylands in 100+ countries. Joint work programme with UNFCCC and CBD (Rio Conventions). Adopted a 2030 strategic framework; LDN target adopted by 127 countries.",—,Global,In force,Ratified 1996,Defra 25 Year Environment Plan; [POL-009] Land Use Framework (LUF) 2025; [POL-010] England Peat Action Plan 2021,,https://www.unccd.int/,May 2026,
INT-L-009,Ramsar Convention on Wetlands,,International Convention,Convention / Treaty,Nature & Biodiversity | Water,1971,1975,172 Parties,"Gland, Switzerland (Ramsar Secretariat)","Intergovernmental treaty providing framework for conservation and wise use of wetlands. Designates Wetlands of International Importance (Ramsar Sites). Parties commit to wise use of all wetlands, designate at least one Ramsar site, and cooperate on transboundary wetlands. 175 Ramsar sites in UK, Overseas Territories and Crown Dependencies. Strategic Plan 2016–2024. Links to CBD, CMS, and World Heritage Convention.",—,Global,In force,Ratified 1976; 175 sites in UK+OTs (1M+ ha),[ORG-005] Natural England; [ORG-014] NatureScot; [ORG-015] Natural Resources Wales (NRW); [ORG-004] Joint Nature Conservation Committee (JNCC); [POL-001] Environmental Improvement Plan (EIP) 2025,,https://www.ramsar.org/,May 2026,
INT-L-010,Convention on International Trade in Endangered Species,CITES,International Convention,Convention / Treaty,Nature & Biodiversity | Biosecurity,1973,1975,183 Parties,"Geneva, Switzerland (CITES Secretariat)","Legally binding international agreement regulating international trade in specimens of wild animals and plants to prevent overexploitation. Three appendices with varying levels of protection. Requires import/export permits from national Management Authorities. COP meets every 3 years. APHA is UK CITES Management Authority. UK Scientific Authority is JNCC. Around 38,000 species covered.",—,Global,In force,Ratified 1976; APHA is UK Management Authority; JNCC is UK Scientific Authority,[ORG-020] Animal and Plant Health Agency (APHA); [ORG-004] Joint Nature Conservation Committee (JNCC); [LEG-005] Wildlife and Countryside Act 1981 (as amended),,https://cites.org/,May 2026,
INT-L-011,Convention on Migratory Species (CMS / Bonn Convention),CMS,International Convention,Convention / Treaty,Nature & Biodiversity,1979,1983,133 Parties,"Bonn, Germany (CMS Secretariat / UNEP)","Intergovernmental treaty under UNEP auspices for conservation of migratory animals across their migratory range. Appendix I (endangered): strict protection; Appendix II (unfavourable conservation status): encourage agreements. Has prompted several regional agreements including ASCOBANS (cetaceans), AEWA (waterbirds), EUROBATS (bats). JNCC provides scientific advice. Works alongside Ramsar, CBD.",—,Global,In force,Ratified 1985,[ORG-004] Joint Nature Conservation Committee (JNCC); [LEG-005] Wildlife and Countryside Act 1981 (as amended),,https://www.cms.int/,May 2026,
INT-L-012,Bern Convention on European Wildlife and Natural Habitats,,International Convention,Convention / Treaty,Nature & Biodiversity,1979,1982,50 Parties,"Strasbourg, France (Council of Europe)","Council of Europe treaty requiring strict protection of >500 plant and >1,000 animal species listed in appendices. Protects migratory birds and their habitats. Establishes Emerald Network (equivalent of EU Natura 2000 for non-EU countries). Post-Brexit UK remains party as independent contracting party.",—,Greater Europe (non-EU),In force,Ratified 1982; UK continues as independent party post-Brexit,[LEG-005] Wildlife and Countryside Act 1981 (as amended); [LEG-007] Conservation of Habitats and Species Regulations 2017; [ORG-005] Natural England; [ORG-014] NatureScot; [ORG-015] Natural Resources Wales (NRW),,https://www.coe.int/en/web/bern-convention,May 2026,
INT-L-013,OSPAR Convention for the Protection of the Marine Environment of the North-East Atlantic,OSPAR,International Convention,Convention / Treaty,Marine & Fisheries | Nature & Biodiversity,1992,1998,16 Parties (15 govts + EU),"London, UK (OSPAR Secretariat)","Legally binding treaty combining the Oslo (1972) and Paris (1974) Conventions. Covers all pollution sources affecting the North-East Atlantic. Five annexes: I (land-based), II (dumping), III (offshore), IV (radioactive substances), V (biodiversity and ecosystems, added 1998). Guided by precautionary and polluter-pays principles. North-East Atlantic Environment Strategy 2030 (NEAES 2030). Amended 2025 to enlarge maritime area.",—,North-East Atlantic,In force (amended 2025),Ratified 1998; Annex V and Appendix 3 ratified 2000,[LEG-011] Marine and Coastal Access Act 2009; [LEG-022] Marine Strategy Regulations 2010 (as amended); [ORG-008] Marine Management Organisation (MMO); [ORG-004] Joint Nature Conservation Committee (JNCC); [ORG-005] Natural England; [POL-028] UK Marine Strategy (UKMS) 2025 — Programme of Measures,,https://www.ospar.org/,May 2026,
INT-L-014,UN Convention on the Law of the Sea,UNCLOS,International Convention,Convention / Treaty,Marine & Fisheries,1982,1994,169 Parties,"Kingston, Jamaica (International Seabed Authority / Division for Ocean Affairs, DOALOS)","Comprehensive international framework governing all aspects of ocean space including territorial sea, EEZ, continental shelf, high seas and the international seabed area. Part XII protects the marine environment. Provides legal basis for all marine governance. Parent treaty for BBNJ Agreement and key framework for OSPAR, IMO, ISA activities.",—,Global,In force,Ratified 1997,[LEG-011] Marine and Coastal Access Act 2009; [LEG-010] Biodiversity Beyond National Jurisdiction Act 2026; [ORG-008] Marine Management Organisation (MMO),,https://www.un.org/depts/los/,May 2026,
INT-L-015,Agreement on Biodiversity Beyond National Jurisdiction (BBNJ — 'High Seas Treaty'),BBNJ,International Convention,Protocol / Agreement,Marine & Fisheries | Nature & Biodiversity,2023,Not yet in force (ratification ongoing),60 ratifications needed; 40+ by May 2026,New York (UN),Legally binding international agreement under UNCLOS on conservation and sustainable use of marine biological diversity in areas beyond national jurisdiction (ABNJ — the high seas). Four elements: marine genetic resources (ABS); area-based management tools (ABMTs) and marine protected areas; environmental impact assessments (EIAs); capacity building and technology transfer. Historic agreement for high seas governance.,[INT-L-014] UN Convention on the Law of the Sea (UNCLOS),Global (high seas / ABNJ),Signed 2023; ratification phase (UK ratified via Biodiversity Beyond National Jurisdiction Act 2026),Ratified Feb 2026 via Biodiversity Beyond National Jurisdiction Act 2026,[LEG-010] Biodiversity Beyond National Jurisdiction Act 2026; [ORG-008] Marine Management Organisation (MMO); [ORG-004] Joint Nature Conservation Committee (JNCC),,https://www.un.org/bbnjagreement/,May 2026,
INT-L-016,International Convention for the Prevention of Pollution from Ships,MARPOL,International Convention,Convention / Treaty,Marine & Fisheries | Climate,1973/1978,1983,159 Parties,"London, UK (IMO Secretariat)","Main international convention covering prevention of pollution of the marine environment by ships. 6 annexes: oil; noxious liquid substances; harmful substances in packaged form; sewage; garbage; air pollution (Annex VI). Annex VI covers ship emission standards (SOx, NOx, CO2). IMO 2023 GHG Strategy targets net-zero shipping by 2050. UK MCA administers MARPOL compliance.",—,Global,In force,Party; Maritime and Coastguard Agency (MCA) administers,"Shipping sector (Climate Act & Net Zero); [ORG-001] Defra (Dept for Environment, Food & Rural Affairs)",,https://www.imo.org/en/About/Conventions/Pages/International-Convention-for-the-Prevention-of-Pollution-from-Ships-(MARPOL).aspx,May 2026,
INT-L-017,Helsinki Convention (HELCOM) — Baltic Marine Environment Protection Convention,HELCOM,International Convention,Convention / Treaty,Marine & Fisheries,1974/1992,2000,10 Parties (9 coastal states + EU),"Helsinki, Finland (HELCOM Secretariat)","Legally binding convention for protection of the marine environment of the Baltic Sea area. Requires joint programmes and measures to reduce land-based, ship-source and airborne pollution. Works alongside OSPAR for North Sea. UK is not a HELCOM party but OSPAR cooperates with HELCOM. Included for completeness as key regional marine governance body.",—,Baltic Sea,In force,UK is not a party (North Sea covered by OSPAR),[LEG-011] Marine and Coastal Access Act 2009; [LEG-022] Marine Strategy Regulations 2010 (as amended),,https://helcom.fi/,May 2026,
INT-L-018,London Protocol (Protocol to the Convention on the Prevention of Marine Pollution by Dumping of Wastes),,International Convention,Protocol / Agreement,Marine & Fisheries | Climate,1996,2006,53 Parties,"London, UK (IMO Secretariat)","Protocol to the London Convention (1972) on dumping of wastes at sea. Prohibits dumping except for listed materials (dredged material, sewage sludge, fish waste etc.). Amended in 2006 to allow sub-seabed CO2 storage under OSPAR framework. Amended in 2009 to allow marine geo-engineering research. IMO administers; Environment Agency acts as UK competent authority.",—,Global,In force,Party 1996,[LEG-011] Marine and Coastal Access Act 2009; [ORG-006] Environment Agency (EA),,https://www.imo.org/en/OurWork/Environment/Pages/London-Convention-Protocol.aspx,May 2026,
INT-L-019,Montreal Protocol on Substances that Deplete the Ozone Layer,,International Convention,Protocol / Agreement,Climate,1987,1989,198 Parties,"Nairobi, Kenya (Ozone Secretariat / UNEP)",Legally binding treaty phasing out production and use of ozone-depleting substances (ODSs). Kigali Amendment (2016) extends phase-down of hydrofluorocarbons (HFCs — potent GHGs). One of the most successful international environmental agreements. UN Environment Programme administers. Directly relevant to F-gas indicators in UK climate monitoring.,—,Global,In force,Ratified 1987; Kigali Amendment ratified 2019,F-gas emissions (Climate Act & Net Zero); Waste & F-gases sector indicators; [ORG-001] Defra,,https://www.unep.org/ozonaction/who-we-are/about-montreal-protocol,May 2026,
INT-L-020,UNCCD Land Degradation Neutrality (LDN) Framework and Voluntary Targets,LDN,International Convention,Framework / Decision,Land Use & Agriculture,2015,2015,127 voluntary commitments,"Bonn, Germany (UNCCD Secretariat)",Nations can voluntarily set Land Degradation Neutrality targets under the UNCCD framework. LDN means no net loss of productive land and ecosystem services over time. UK has not formally set LDN targets but Environment Act 2021 targets and EIP 2025 align with LDN principles. Supports SDG Target 15.3. Closely linked to 30×30 commitments.,[INT-L-008] UN Convention to Combat Desertification (UNCCD),Global,Ongoing (voluntary commitments),UK aligned but no formal LDN targets set,[POL-001] Environmental Improvement Plan (EIP) 2025; [POL-009] Land Use Framework (LUF) 2025; [POL-010] England Peat Action Plan 2021,,https://www.unccd.int/land-and-life/land-degradation-neutrality/overview,May 2026,
INT-L-021,UNESCO Convention Concerning the Protection of the World Cultural and Natural Heritage,,International Convention,Convention / Treaty,Nature & Biodiversity,1972,1975,194 Parties,"Paris, France (UNESCO World Heritage Centre)","Establishes framework for designating and protecting World Cultural and Natural Heritage sites. Natural World Heritage sites must have Outstanding Universal Value (OUV) based on natural criteria. UK has 7 natural/mixed World Heritage Sites (Jurassic Coast, Giant's Causeway etc.). Historic England and natural statutory bodies provide scientific input.",—,Global,In force,Ratified 1984,[ORG-005] Natural England; [ORG-014] NatureScot; [ORG-015] Natural Resources Wales (NRW); Historic England,,https://whc.unesco.org/,May 2026,
INT-L-022,"Aarhus Convention — UN/ECE Convention on Access to Information, Public Participation and Access to Justice in Environmental Matters",,International Convention,Convention / Treaty,Nature & Biodiversity | Climate,1998,2001,47 Parties,"Geneva, Switzerland (UN/ECE Secretariat)","Establishes rights of access to environmental information, public participation in environmental decision-making, and access to justice in environmental matters. Important basis for UK environmental governance transparency. Post-Brexit UK continues as independent party. Aarhus Compliance Committee monitors compliance.",—,Pan-European,In force,Ratified 2005; continues as independent party post-Brexit,[ORG-007] Office for Environmental Protection (OEP); [LEG-004] Environment Act 2021; [POL-111] Environmental Principles Policy Statement (EPPS),,https://unece.org/environment-policy/public-participation/aarhus-convention/introduction,May 2026,
INT-L-023,International Plant Protection Convention,IPPC,International Convention,Convention / Treaty,Biosecurity | Nature & Biodiversity | Land Use & Agriculture,1951,1952,~185 contracting parties,"Rome, Italy (IPPC Secretariat, hosted by FAO)","FAO multilateral treaty (revised text in force 2005) to prevent the international spread of plant pests and to promote appropriate phytosanitary measures. Sets the International Standards for Phytosanitary Measures (ISPMs, e.g. ISPM 15 on wood packaging). The reference standard-setting body for plant health under the WTO SPS Agreement. Operates through Regional Plant Protection Organizations (RPPOs) such as EPPO.",[INT-O-030] Food and Agriculture Organization of the United Nations (FAO),Global,In force,Contracting party,[LEG-043] Plant Health Act 1967; [LEG-044] Plant Health (England) Order 2015; [LEG-044] Plant Health (Scotland) Order 2005; Plant Biosecurity Strategy for GB [POL-034]; [POL-033] Tree Health Resilience Strategy; [ORG-020] Animal and Plant Health Agency (APHA); [ORG-009] Forestry Commission (FC),,https://www.ippc.int/,June 2026,
INT-L-024,International Treaty on Plant Genetic Resources for Food and Agriculture,ITPGRFA,International Convention,Convention / Treaty,Nature & Biodiversity | Land Use & Agriculture,2001,2004,~150 contracting parties,"Rome, Italy (Treaty Secretariat, hosted by FAO)","Binding FAO treaty, in harmony with the CBD, governing conservation and sustainable use of crop genetic diversity and fair sharing of benefits. Establishes a Multilateral System of Access and Benefit-sharing covering 64 major food and forage crops (Annex I) and recognises Farmers' Rights. Underpins agrobiodiversity and food-system resilience under climate change.",[INT-O-030] Food and Agriculture Organization of the United Nations (FAO),Global,In force,Ratified 2004,[ORG-001] Defra; [ORG-019] Royal Botanic Gardens Kew (RBG Kew),[INT-L-004] UN Convention on Biological Diversity (CBD); [INT-L-006] Nagoya Protocol on Access and Benefit-Sharing,https://www.fao.org/plant-treaty/en/,June 2026,
