Record_ID,Name,Record_Type,General_Type,Policy_Sector,Year_Adopted,Year_In_Force,Number_Of_Parties,Secretariat_Location,Key_Provisions,Parent_Convention,Geographic_Extent,Status,UK_Ratification,UK_Links,Intl_Links,Official_Link,Date_Last_Updated,Indicator_Frameworks
EU-L-001,EU Habitats Directive (Council Directive 92/43/EEC),EU Legislation,Directive,Nature & Biodiversity,1992,1994,27 EU Member States; UK retained domestically,"European Commission (DG ENV); Brussels, Belgium","Requires Member States to protect listed natural habitats and species of European importance. Establishes Natura 2000 — the EU Special Areas of Conservation (SAC) network. Article 6: management and Habitats Regulations Assessment (HRA) obligations. Article 11: obligatory surveillance of conservation status. Article 17: six-yearly reporting cycle on habitat and species status (2019–2024 cycle; reports due 2025). Annex I: 233 habitat types; Annex II: ~1,000 species requiring SAC designation. Consolidated: last amended by Directive (EU) 2025/1237 (wolf protection status, June 2025).",—,EU; UK retained post-Brexit via Conservation of Habitats and Species Regulations 2017,In force (as amended),Retained as Conservation of Habitats and Species Regulations 2017 [LEG-007]; no longer subject to CJEU jurisdiction; UK SACs remain designated,[LEG-007] Conservation of Habitats and Species Regulations 2017; [ORG-005] Natural England (NE); [ORG-014] NatureScot; [ORG-015] NRW; [ORG-004] JNCC; [POL-003] UK National Biodiversity Strategy and Action Plan (NBSAP) 2025,,https://environment.ec.europa.eu/topics/nature-and-biodiversity/habitats-directive_en,May 2026,
EU-L-002,EU Birds Directive (Directive 2009/147/EC — codification of 79/409/EEC),EU Legislation,Directive,Nature & Biodiversity,1979,1981,27 EU Member States; UK retained domestically,"European Commission (DG ENV); Brussels, Belgium",Requires protection of all wild bird species naturally occurring in EU. Establishes Special Protection Areas (SPAs) as part of Natura 2000. Annex I: 193 species requiring special conservation measures including SPA designation. Annex II: huntable species. Article 12: Member States report every three years on implementation. Pan-European Common Bird Monitoring Scheme (PECBMS) provides the Common Bird Index underpinning EIF D3 and EEA SEBI indicators. Codified version (2009/147/EC) replaces original 79/409/EEC but legal substance unchanged.,—,EU; UK retained post-Brexit,In force (as amended),Retained domestically; UK SPAs remain designated; JNCC and Natural England cite Article 12 reporting data; Conservation of Habitats and Species Regulations 2017 [LEG-007] implements SPA duties,[LEG-007] Conservation of Habitats and Species Regulations 2017; [LEG-005] Wildlife and Countryside Act 1981; [ORG-005] Natural England (NE); [ORG-004] JNCC; EEA Biodiversity Strategy Indicators,,https://environment.ec.europa.eu/topics/nature-and-biodiversity/birds-directive_en,May 2026,
EU-L-003,EU Water Framework Directive (Directive 2000/60/EC),EU Legislation,Directive,Water | Nature & Biodiversity,2000,2000,27 EU Member States; UK retained domestically,"European Commission (DG ENV); Brussels, Belgium","Requires achievement of good ecological and chemical status for all surface and groundwater bodies through six-year river basin management plans (current EU cycle 2022–2027). Article 8: monitoring programmes. Article 4: environmental objectives with limited derogations. Groundwater protected by Groundwater Directive 2006/118/EC (daughter directive). Closely linked to EU Nature Restoration Law 2024 (25,000 km free-flowing rivers) and EEA water indicators.",—,"EU; UK retained post-Brexit (England, Wales, Scotland, Northern Ireland)",In force (retained in UK; divergence possible),"Retained as Water Framework Directive (retained UK law) [LEG-047]; EA, NRW, SEPA, NIEA administer river basin management plans; UK may diverge from EU implementation post-Brexit",[LEG-047] Water Framework Directive (retained UK law); [ORG-006] Environment Agency (EA); [ORG-015] Natural Resources Wales (NRW); EEA Biodiversity Strategy Indicators; [POL-001] Environmental Improvement Plan (EIP) 2025,,https://environment.ec.europa.eu/topics/water/water-framework-directive_en,May 2026,
EU-L-004,EU Marine Strategy Framework Directive (Directive 2008/56/EC — MSFD),EU Legislation,Directive,Marine & Fisheries | Nature & Biodiversity | Water,2008,2008,27 EU Member States; UK retained domestically,"European Commission (DG ENV / DG MARE); Brussels, Belgium","Requires Member States to achieve or maintain Good Environmental Status (GES) in EU marine waters by 2020 (extended in practice). 11 GES descriptors covering biodiversity, non-indigenous species, commercial fish stocks, food webs, eutrophication, seabed integrity, hydrography, contaminants, contaminants in seafood, marine litter, and energy/noise. Six-year cycles: assessment, GES definition, monitoring programme, programme of measures. Current EU cycle: 2022–2027. Closely linked to OSPAR, HELCOM, and Marine Strategy Regulations 2010 (UK).",—,"EU; UK retained domestically for England, Wales, Scotland, Northern Ireland",In force (retained in UK),Retained as Marine Strategy Regulations 2010 (as amended) [LEG-022]; UK Marine Strategy 2025 Programme of Measures is the UK implementation; MMO and Defra lead,[LEG-022] Marine Strategy Regulations 2010 (as amended); UK Marine Strategy (UKMS) 2025; [ORG-008] Marine Management Organisation (MMO); EEA Biodiversity Strategy Indicators,[INT-L-013] OSPAR Convention for the Protection of the Marine Environment of the North-East Atlantic,https://environment.ec.europa.eu/topics/marine-and-water/marine-strategy-framework-directive_en,May 2026,
EU-L-005,"EU Climate Law (Regulation EU 2021/1119, amended by Regulation EU 2026/667)",EU Legislation,Regulation,Climate,2021,2021,27 EU Member States,"European Commission (DG CLIMA); Brussels, Belgium","Legally binding net-zero GHG target for EU by 2050; at least −55% net GHG by 2030 vs 1990 levels. Amended March 2026 (Regulation EU 2026/667) to add binding 2040 target of −90% net GHG vs 1990. Establishes EU Scientific Advisory Board on Climate Change (independent of Commission). Mandates alignment of all EU policies with climate-neutrality objective. Requires Commission to assess Member State progress every five years (in line with Paris stocktake). Forms legal backbone for Fit for 55 package: ETS reform, ESR, LULUCF Regulation, RED III, EED III, CBAM. 2030 target limit: max 225 MtCO₂e contribution from net removals (LULUCF cap).",—,EU (27 member states); UK not bound post-Brexit,In force (amended 2026),UK not bound but Carbon Budget 7 target (−87% by 2035) and CBDP influenced by EU ambition; EU Climate Law cited in EEA biodiversity strategy indicators; UK–EU TCA includes energy and climate cooperation provisions,UK Carbon Budget Delivery Plan (CBDP 2023); [LEG-014] Energy Act 2023; [LEG-001] Climate Change Act 2008; EEA Biodiversity Strategy Indicators; [POL-029] 2030 Strategic Framework for International Climate and Nature Action,,https://eur-lex.europa.eu/legal-content/EN/TXT/?uri=CELEX:32021R1119,May 2026,
EU-L-006,EU Nature Restoration Law (Regulation EU 2024/1991),EU Legislation,Regulation,Nature & Biodiversity | Land Use & Agriculture | Marine & Fisheries,2024,2024,27 EU Member States,"European Commission (DG ENV); Brussels, Belgium","First legally binding EU-wide nature restoration law. Requires restoration of at least 20% of EU land and sea by 2030, 60% by 2040, 90% by 2050. Covers terrestrial, coastal, freshwater, marine, urban, agricultural and forest ecosystems. Key agricultural targets: increasing trend in farmland bird index, grassland butterfly index, and organic carbon in cropland soils. Restoring 25,000 km of free-flowing rivers. 3 billion additional trees by 2030. Member States must submit national restoration plans to Commission by July 2026. Builds on Habitats Directive Article 17 baseline data. Core delivery mechanism for EU Biodiversity Strategy 2030.",[EU-L-001] EU Habitats Directive (Council Directive 92/43/EEC); [EU-L-002] EU Birds Directive (Directive 2009/147/EC),EU (27 member states); UK not bound post-Brexit,In force (18 August 2024); national plans due July 2026,UK not bound but EIP 2025 targets structurally aligned; NRL cited as international benchmark in UK NBSAP 2025; JNCC monitors EU restoration progress,[POL-001] Environmental Improvement Plan (EIP) 2025; [POL-003] UK National Biodiversity Strategy and Action Plan (NBSAP) 2025; EEA Biodiversity Strategy Indicators; [ORG-004] JNCC,,https://eur-lex.europa.eu/eli/reg/2024/1991/oj/eng,May 2026,[IFW-09]
EU-L-007,"EU LULUCF Regulation (Regulation EU 2018/841, amended by Regulation EU 2023/839)",EU Legislation,Regulation,Climate | Land Use & Agriculture | Nature & Biodiversity,2018,2018,27 EU Member States,"European Commission (DG CLIMA); Brussels, Belgium","Sets binding annual GHG accounting targets for the Land Use, Land-Use Change and Forestry (LULUCF) sector. Amended 2023: EU-wide target increased to −310 MtCO₂e net removals by 2030 (from −225 MtCO₂e). Individual national targets assigned to each Member State. Covers managed forests, croplands, grasslands, wetlands, settlements, and harvested wood products. Closely linked to EU Biodiversity Strategy 2030, EU Forest Strategy 2030, and EU Climate Law carbon sink objective. Post-2030 framework to be integrated with EU ETS as part of longer-term carbon market design.","[EU-L-005] EU Climate Law (Regulation EU 2021/1119, amended by Regulation EU 2026/667)",EU (27 member states); UK not bound post-Brexit,In force (as amended 2023),UK not bound; UK LULUCF targets in Carbon Budget Delivery Plan developed independently but methodology informed by EU approach; EEA LULUCF indicators referenced in biodiversity spreadsheet,UK Carbon Budget Delivery Plan (CBDP 2023); [POL-013] Environmental Land Management (ELM) Schemes; [POL-009] Land Use Framework (LUF); EEA Biodiversity Strategy Indicators,,https://eur-lex.europa.eu/legal-content/EN/TXT/?uri=CELEX:32018R0841,May 2026,
EU-L-008,EU Regulation on Invasive Alien Species (Regulation EU 1143/2014),EU Legislation,Regulation,Nature & Biodiversity | Biosecurity,2014,2015,27 EU Member States; UK retained modified equivalent,"European Commission (DG ENV); Brussels, Belgium","Establishes framework to prevent introduction and spread of invasive alien species (IAS) within EU. 'Union list' (currently 88 species) triggers mandatory prevention, early warning, rapid eradication, and management measures. Prohibited actions: keeping, breeding, transporting, selling, using or releasing listed species. Member States must produce action plans for IAS introduction pathways. Directly aligned with IPBES IAS Assessment 2023 and GBF Target 6 (reduce IAS introduction rates by 50%). Union list last updated 2022 (Commission Delegated Regulation 2022/1203).",[INT-L-004] UN Convention on Biological Diversity (CBD),EU (27 member states); UK retained modified equivalent,In force (as amended),"UK retained a modified equivalent post-Brexit; GB IAS Strategy and NIEA, NatureScot, NRW implement IAS controls under UK legislation; APHA enforces import/export controls",[POL-001] Environmental Improvement Plan (EIP) 2025; [ORG-016] NIEA; [ORG-014] NatureScot; [ORG-015] NRW; [ORG-020] Animal and Plant Health Agency (APHA); EEA Biodiversity Strategy Indicators,[INT-P-004] IPBES Invasive Alien Species Assessment 2023,https://eur-lex.europa.eu/legal-content/EN/TXT/?uri=CELEX:32014R1143,May 2026,
EU-L-009,EU 8th Environment Action Programme (Decision EU 2022/591),EU Legislation,Decision,"Climate | Nature & Biodiversity | Governance, Society & Data",2022,2022,27 EU Member States,"European Commission (DG ENV); Brussels, Belgium","EU's legally agreed overarching environmental policy agenda to 2030. Six thematic priority objectives: (1) climate neutrality; (2) climate adaptation and resilience; (3) circular economy; (4) zero pollution ambition; (5) protecting, restoring and enhancing biodiversity and natural capital; (6) sustainability in production and consumption. Long-term 2050 vision: 'living well within planetary boundaries'. Establishes a headline indicator monitoring framework (EEA, adopted July 2022). Forms EU basis for SDG environmental objectives. Commission mid-term review published 2024.",—,EU (27 member states); UK not bound post-Brexit,In force (runs to 31 December 2030),UK not bound but EIP 2025 and Net Zero Strategy objectives mirror 8th EAP thematic priorities; EEA indicators used in 8th EAP monitoring are referenced extensively in biodiversity indicators spreadsheet,[POL-001] Environmental Improvement Plan (EIP) 2025; UK Carbon Budget Delivery Plan (CBDP 2023); EEA Biodiversity Strategy Indicators; [POL-029] 2030 Strategic Framework for International Climate and Nature Action,,https://environment.ec.europa.eu/strategy/environment-action-programme-eap-2030_en,May 2026,
EU-L-010,EU National Emission Ceilings Directive (Directive EU 2016/2284 — NEC Directive),EU Legislation,Directive,Pollution & Waste | Nature & Biodiversity | Climate,2016,2016,27 EU Member States,"European Commission (DG ENV); Brussels, Belgium","Sets national emission reduction commitments for five key air pollutants from 2020 and 2030: SO₂, NOₓ, NMVOC, NH₃, and fine particulate matter (PM2.5). NH₃ reductions directly relevant to critical nitrogen load exceedances in habitats — a major biodiversity pressure. Requires national air pollution control programmes and annual reporting to EEA. Closely linked to EU Zero Pollution Action Plan, EU Farm to Fork (−50% nutrient losses), and Nature Restoration Law. NH₃ predominantly from agriculture; NEC Directive is key lever for reducing nitrogen deposition on sensitive habitats.",—,EU (27 member states); UK retained modified equivalent,In force,UK retained and implemented via National Emission Ceilings Regulations 2018 (SI 2018/129); Defra and DESNZ track compliance; NH₃ from agriculture is a key pressure on UK SSSIs and Natura sites,[POL-001] Environmental Improvement Plan (EIP) 2025; EEA Biodiversity Strategy Indicators; [ORG-001] Defra; [ORG-006] Environment Agency (EA),,https://eur-lex.europa.eu/legal-content/EN/TXT/?uri=CELEX:32016L2284,May 2026,
EU-L-011,EU Nitrates Directive (Council Directive 91/676/EEC),EU Legislation,Directive,Water | Land Use & Agriculture | Nature & Biodiversity,1991,1993,27 EU Member States; UK retained domestically,"European Commission (DG ENV); Brussels, Belgium","Requires Member States to designate Nitrate Vulnerable Zones (NVZs) and implement Action Programmes to reduce water pollution from agricultural nitrates. Four-year review cycles. Requires limits on livestock manure application (170 kg N/ha/year in NVZs). Closely linked to Water Framework Directive, EU Farm to Fork (−50% nutrient losses), and EEA nitrogen indicators. In England, implemented through the Nitrate Pollution Prevention Regulations 2015; NVZ rules apply to ~58% of England.",[EU-L-003] EU Water Framework Directive (Directive 2000/60/EC),EU (27 member states); UK retained domestically,In force (retained in UK),Retained domestically; England: Nitrate Pollution Prevention Regulations 2015; EA enforces NVZ Action Programme rules; linked to EIP 2025 water quality goals,[POL-001] Environmental Improvement Plan (EIP) 2025; [LEG-047] Water Framework Directive (retained UK law); [ORG-006] Environment Agency (EA); EEA Biodiversity Strategy Indicators,,https://eur-lex.europa.eu/legal-content/EN/TXT/?uri=CELEX:31991L0676,May 2026,
EU-L-012,EU Floods Directive (Directive 2007/60/EC),EU Legislation,Directive,Water | Climate | Nature & Biodiversity,2007,2007,27 EU Member States; UK retained domestically,"European Commission (DG ENV); Brussels, Belgium",Requires Member States to assess and manage flood risks through a three-phase cycle: (1) preliminary flood risk assessment; (2) flood hazard and risk maps; (3) flood risk management plans (FRMPs). Six-year cycles aligned with WFD. Promotes flood plain restoration and nature-based solutions as part of risk management. Closely linked to EU Adaptation Strategy 2021 and Nature Restoration Law (floodplain connectivity targets). Current EU cycle: 2022–2027.,[EU-L-003] EU Water Framework Directive (Directive 2000/60/EC),EU (27 member states); UK retained domestically,In force (retained in UK),Retained domestically; England: Flood Risk Regulations 2009; EA leads on FRMPs and flood hazard mapping; EEA flood indicators referenced in biodiversity spreadsheet,[POL-001] Environmental Improvement Plan (EIP) 2025; [LEG-047] Water Framework Directive (retained UK law); [ORG-006] Environment Agency (EA); EEA Biodiversity Strategy Indicators,,https://eur-lex.europa.eu/legal-content/EN/TXT/?uri=CELEX:32007L0060,May 2026,
EU-L-013,EU Maritime Spatial Planning Directive (Directive 2014/89/EU),EU Legislation,Directive,Marine & Fisheries | Nature & Biodiversity | Transport | Land Use & Agriculture,2014,2014,27 EU Member States; UK retained domestically,"European Commission (DG MARE); Brussels, Belgium","Requires Member States to produce Maritime Spatial Plans (MSPs) for their marine waters by 2021. Plans must cover all marine activities including energy, fisheries, conservation, navigation, and aquaculture. Requires transboundary consultation. Closely linked to MSFD and EU Biodiversity Strategy 2030 marine 30×30 targets. UK retained and implemented via Marine and Coastal Access Act 2009 and Marine Policy Statement.",—,EU (27 member states); UK retained domestically,In force (retained in UK),Retained domestically; Marine and Coastal Access Act 2009 [LEG-011] and Marine Policy Statement are UK equivalent; Marine Management Organisation (MMO) leads,[LEG-011] Marine and Coastal Access Act 2009; [ORG-008] Marine Management Organisation (MMO); UK Marine Strategy (UKMS) 2025,[INT-L-013] OSPAR Convention for the Protection of the Marine Environment of the North-East Atlantic,https://eur-lex.europa.eu/legal-content/EN/TXT/?uri=CELEX:32014L0089,May 2026,
EU-L-014,"EU Emissions Trading System (Directive 2003/87/EC, as amended by Directive EU 2023/959)",EU Legislation,Directive,Climate,2003,2005,27 EU Member States,"European Commission (DG CLIMA); Brussels, Belgium","Cap-and-trade system for GHG emissions from power generation, heavy industry, aviation, and (from 2024) maritime transport. Phase 4 (2021–2030): annual linear reduction factor 4.3% (increased from 2.2%). 2024 reform (Directive EU 2023/959): separate ETS II for buildings and road transport from 2027. EU ETS covers ~40% of EU GHG emissions. Auction revenues fund green investment via Innovation and Modernisation Funds. Carbon Border Adjustment Mechanism (CBAM — Regulation EU 2023/956) complements ETS for imports. Closely linked to EU Climate Law −55% 2030 target.","[EU-L-005] EU Climate Law (Regulation EU 2021/1119, amended by Regulation EU 2026/667)",EU (27 member states); UK has own UK ETS post-Brexit,In force (Phase 4: 2021–2030; ETS II from 2027),"UK replaced EU ETS with UK ETS from January 2021 (GHG ETS Order 2020, [LEG-030]); UK–EU ETS linking under periodic discussion; EU ETS carbon price influences UK ETS market",[LEG-030] Greenhouse Gas Emissions Trading Scheme Order 2020; [ORG-013] UK ETS Authority; [LEG-014] Energy Act 2023; EEA Biodiversity Strategy Indicators,,https://climate.ec.europa.eu/eu-action/eu-emissions-trading-system-eu-ets_en,May 2026,
EU-L-015,EU Common Agricultural Policy (CAP) — Strategic Plans Regulation (EU 2021/2115),EU Legislation,Regulation,Land Use & Agriculture | Nature & Biodiversity,2021,2023,27 EU Member States,"European Commission (DG AGRI); Brussels, Belgium","Reformed CAP framework for 2023–2027 requiring Member States to produce strategic plans integrating eco-schemes (minimum 25% of direct payments) and agri-environment and climate measures. New architecture: eco-schemes replace greening; enhanced conditionality (GAEC standards for soil, water, landscape). Directly aligned with EU Biodiversity Strategy 2030 and Farm to Fork targets. Key nature targets through CAP: halt decline of farmland birds; reduce pesticide use; increase organic farming. Total EU CAP budget ~€387bn for 2021–2027. UK left CAP on 31 December 2020; replaced by ELM schemes and Agriculture Act 2020 [LEG-018].",—,EU (27 member states); UK not applicable post-Brexit,In force (2023–2027 period),UK no longer in CAP; Agriculture Act 2020 [LEG-018] and ELM schemes are UK equivalent; EU CAP design informs UK agri-environment policy benchmarking; farmland bird indicator trends compared EU vs UK,[LEG-018] Agriculture Act 2020; [POL-013] Environmental Land Management (ELM) Schemes; EEA Biodiversity Strategy Indicators; [POL-001] Environmental Improvement Plan (EIP) 2025,,https://agriculture.ec.europa.eu/common-agricultural-policy/cap-overview/cap-2023-27_en,May 2026,
EU-L-016,EU Groundwater Directive (Directive 2006/118/EC),EU Legislation,Directive,Water | Nature & Biodiversity,2006,2006,27 EU Member States; UK retained domestically,"European Commission (DG ENV); Brussels, Belgium","Daughter directive of the WFD. Sets quality standards and threshold values for groundwater chemical status. Requires identification and reversal of significant and sustained upward trends in pollutant concentrations. Protects groundwater-dependent terrestrial ecosystems including wetlands and chalk grasslands. Closely linked to Nitrates Directive, WFD, and EEA water quality indicators.",[EU-L-003] EU Water Framework Directive (Directive 2000/60/EC),EU (27 member states); UK retained domestically,In force (retained in UK),Retained domestically via Environmental Permitting (England and Wales) Regulations 2016 [LEG-026] and Water Resources Act 1991 [LEG-025]; EA enforces groundwater quality standards,[LEG-047] Water Framework Directive (retained UK law); [LEG-025] Water Resources Act 1991; [LEG-026] Environmental Permitting (England and Wales) Regulations 2016; [ORG-006] Environment Agency (EA),,https://eur-lex.europa.eu/legal-content/EN/TXT/?uri=CELEX:32006L0118,May 2026,
EU-L-017,EU Bathing Water Directive (Directive 2006/7/EC — revision of 76/160/EEC),EU Legislation,Directive,Water | Nature & Biodiversity,2006,2006,27 EU Member States; UK retained domestically,"European Commission (DG ENV); Brussels, Belgium","Requires monitoring of bathing water quality at designated bathing sites and public information provision. Four quality categories: excellent, good, sufficient, poor. Member States must improve poor-quality sites. Underpins EU Zero Pollution Action Plan bathing water targets. Revision under discussion (2023 consultation) to address emerging contaminants and climate adaptation. In UK: implemented via Bathing Water Regulations 2013 (SI 2013/1675); EA monitors ~400 designated bathing waters in England.",[EU-L-003] EU Water Framework Directive (Directive 2000/60/EC),EU (27 member states); UK retained domestically,In force (retained in UK; revision pending in EU),Retained domestically via Bathing Water Regulations 2013; EA and Welsh Government monitor compliance; EEA bathing water indicators cited in biodiversity spreadsheet,[POL-001] Environmental Improvement Plan (EIP) 2025; [LEG-013] Water (Special Measures) Act 2025; [ORG-006] Environment Agency (EA); EEA Biodiversity Strategy Indicators,,https://eur-lex.europa.eu/legal-content/EN/TXT/?uri=CELEX:32006L0007,May 2026,
EU-L-018,EU Single-Use Plastics Directive (Directive EU 2019/904),EU Legislation,Directive,"Marine & Fisheries | Nature & Biodiversity | Governance, Society & Data",2019,2019,27 EU Member States; UK implemented equivalent,"European Commission (DG ENV); Brussels, Belgium","Bans or restricts the most common single-use plastic items found on European beaches and seas. Products covered: cutlery, plates, straws, balloon sticks, cotton buds, oxo-degradable plastics. EPR schemes required for: cups, food containers, wet wipes, tobacco filters, fishing gear. Underpins MSFD GES Descriptor 10 (marine litter) and EEA marine litter indicators. Directly linked to EU Zero Pollution Action Plan and OSPAR marine litter commitments.",—,EU (27 member states); UK implemented equivalent post-Brexit,In force,"UK implemented equivalent measures: The Environmental Protection (Single-use Plastics) (England) Regulations 2021; Scotland, Wales and NI have separate regulations; Marine Strategy Regulations 2010 [LEG-022] track marine litter",[LEG-022] Marine Strategy Regulations 2010 (as amended); UK Marine Strategy (UKMS) 2025; EEA Biodiversity Strategy Indicators,[INT-L-013] OSPAR Convention for the Protection of the Marine Environment of the North-East Atlantic,https://eur-lex.europa.eu/legal-content/EN/TXT/?uri=CELEX:32019L0904,May 2026,
EU-L-019,EU Renewable Energy Directive III (Directive EU 2023/2413 — RED III recast),EU Legislation,Directive,Climate | Energy,2023,2023,27 EU Member States,"European Commission (DG ENER); Brussels, Belgium","Sets binding EU target of 42.5% renewable energy in final energy consumption by 2030 (aspirational 45%). Part of the Fit for 55 package. Includes sector-specific targets for heating and cooling, transport, and industry. Streamlines permitting for renewable energy projects (permit-go-ahead areas). Includes sustainability criteria for bioenergy, closely linked to LULUCF Regulation and forest biodiversity. UK not bound; referenced in EEA energy transition indicators in biodiversity spreadsheet.","[EU-L-005] EU Climate Law (Regulation EU 2021/1119, amended by Regulation EU 2026/667)",EU (27 member states); UK not bound post-Brexit,In force (2023),UK not bound; UK Contracts for Difference (CfD) scheme and Clean Power 2030 target are equivalent domestic mechanisms; EEA renewable energy indicators cited in biodiversity spreadsheet,[LEG-014] Energy Act 2023; [POL-016] Contracts for Difference (CfD) scheme; [POL-005] Clean Power 2030 Action Plan; EEA Biodiversity Strategy Indicators,,https://eur-lex.europa.eu/legal-content/EN/TXT/?uri=CELEX:32023L2413,May 2026,
EU-L-020,EU Energy Efficiency Directive III (Directive EU 2023/1791 — EED III recast),EU Legislation,Directive,Climate | Energy,2023,2023,27 EU Member States,"European Commission (DG ENER); Brussels, Belgium",Sets binding EU energy efficiency targets: primary energy consumption ≤992.5 Mtoe; final energy ≤763 Mtoe by 2030. Strengthens the energy efficiency first principle. Requires public sector to lead by example (3% annual renovation rate). Introduces obligations for large companies to conduct energy audits. Part of the Fit for 55 package alongside RED III and EU Climate Law. UK not bound; referenced in EEA energy indicators in biodiversity spreadsheet.,"[EU-L-005] EU Climate Law (Regulation EU 2021/1119, amended by Regulation EU 2026/667)",EU (27 member states); UK not bound post-Brexit,In force (2023),UK not bound; Energy Act 2023 [LEG-014] and UK National Energy Efficiency Action Plan are equivalent domestic framework; EEA energy efficiency indicators cited in biodiversity spreadsheet,[LEG-014] Energy Act 2023; UK Carbon Budget Delivery Plan (CBDP 2023); EEA Biodiversity Strategy Indicators,,https://eur-lex.europa.eu/legal-content/EN/TXT/?uri=CELEX:32023L1791,May 2026,
EU-L-021,"EU Deforestation Regulation (EUDR, Regulation EU 2023/1115, amended by Regulation EU 2025/2650)",EU Legislation,Regulation,"Land Use & Agriculture | Nature & Biodiversity | Climate | Governance, Society & Data",2023,2023,27 EU Member States,"European Commission (DG ENV); Brussels, Belgium","Requires operators and traders placing seven commodities (cattle, cocoa, coffee, oil palm, rubber, soya, wood) and derived products on, or exporting them from, the EU market to conduct due diligence proving they are deforestation-free (post-31 Dec 2020) and legally produced, with geolocation of plots. Application postponed twice and substantially simplified: applies from 30 December 2026 for large/medium operators and 30 June 2027 for micro/small operators (Regulation EU 2025/2650).",[EU-L-009] EU 8th Environment Action Programme,EU (27 member states); extraterritorial effect on trading partners incl. UK,In force (applies from 30 Dec 2026),"UK not bound post-Brexit, but UK operators exporting covered goods to the EU must comply; UK developing its own forest-risk-commodity due diligence under the Environment Act 2021, Schedule 17 (secondary legislation pending)",Environment Act 2021 — Schedule 17 forest risk commodities [LEG-004]; [ORG-001] Defra,[INT-P-010] Glasgow Leaders Declaration on Forests and Land Use; [INT-P-017] REDD+ — Reducing Emissions from Deforestation and Forest Degradation,https://eur-lex.europa.eu/legal-content/EN/TXT/?uri=CELEX:32023R1115,June 2026,
EU-L-022,"EU Soil Monitoring Law (Soil Monitoring and Resilience Directive, Directive EU 2025/2360)",EU Legislation,Directive,Land Use & Agriculture | Climate | Nature & Biodiversity | Water,2025,2025,27 EU Member States,"European Commission (DG ENV); Brussels, Belgium","The EU's first dedicated soil-health law (adopted 12 November 2025). Establishes an EU-wide framework to monitor and assess soil health on a common methodology (including PFAS and pesticide monitoring), with measurement at least every five years, identification and management of contaminated sites, and voluntary principles to reduce soil sealing and land take, working towards the aspirational goal of healthy soils across the EU by 2050. Relevant to soil carbon, agriculture and flood/erosion regulation.",[EU-L-009] EU 8th Environment Action Programme,EU (27 member states); UK not bound,In force,UK not bound; no equivalent UK soil-health law (the proposed England Soil Health Action Plan was not taken forward) — relevant gap for comparison; EEA soil indicators referenced in the biodiversity indicators workbook,[POL-001] Environmental Improvement Plan; [LEG-004] Environment Act 2021; EEA Biodiversity / soil indicators,,https://eur-lex.europa.eu/legal-content/EN/TXT/?uri=CELEX:32025L2360,June 2026,
