Record_ID,Name,Record_Type,General_Type,Policy_Sector,Year_Status,Parent_Convention,Lead_Body,Key_Commitments,Geographic_Extent,UK_Engagement,UK_Links,Intl_Links,Official_Link,Date_Last_Updated,Indicator_Frameworks
INT-P-001,UN Sustainable Development Goals (SDGs) — 2030 Agenda,International Policy,Strategy / Framework,"Governance, Society & Data",2015 – 2030,—,[INT-O-032] UN General Assembly,"17 global goals adopted unanimously in Sept 2015 as part of the 2030 Agenda for Sustainable Development. Directly relevant to climate-nature: SDG 13 (Climate Action), SDG 14 (Life Below Water), SDG 15 (Life on Land), SDG 6 (Clean Water), SDG 2 (Zero Hunger), SDG 7 (Affordable Clean Energy). 169 targets and 232 indicators. UK committed to all 17 goals in EIP 2025. Voluntary National Reviews (VNRs) report on progress.",Global,"UK committed; Defra leads UK reporting; EIP 2025 aligns to SDGs; UK VNR published 2019, 2022","[POL-001] Environmental Improvement Plan (EIP) 2025; [POL-003] UK National Biodiversity Strategy and Action Plan (NBSAP) 2025; [ORG-001] Defra (Dept for Environment, Food & Rural Affairs); [POL-029] 2030 Strategic Framework for International Climate and Nature Action",,https://sdgs.un.org/goals,May 2026,[IFW-08]
INT-P-002,IPCC Sixth Assessment Report (AR6) 2021–2022,International Policy,Assessment / Report,Climate,2021–22 (AR7 cycle begins 2023),[INT-L-001] UN Framework Convention on Climate Change (UNFCCC),[INT-O-002] IPCC — Intergovernmental Panel on Climate Change,"Most comprehensive assessment of climate science to date. WGI (physical science, 2021): '>1.1°C warming since pre-industrial; 1.5°C likely breached by early 2030s; every fraction of degree matters.' WGII (impacts, 2022): ~3.3–3.6bn people highly vulnerable to climate change; nature is under increasing pressure from climate change. WGIII (mitigation, 2022): rapid and deep emissions reductions needed in all sectors; NbS can contribute 10–30% of needed mitigation. Cross-chapter paper on biodiversity hotspots. The AR6-cycle ocean and cryosphere assessment is covered in detail by the IPCC SROCC [INT-P-032].",Global,IPCC AR6 cited in CCC Progress Reports; informs UK CCRA3; Met Office contributed as lead author organisation,[ORG-003] Climate Change Committee (CCC); [ORG-017] Met Office; [ORG-002] DESNZ (Dept for Energy Security and Net Zero); [POL-025] UK National Climate Science Partnership (UKNCSP); IPCC AR6 / Cross-chapter Papers,[INT-P-032] IPCC Special Report on the Ocean and Cryosphere in a Changing Climate (SROCC) 2019,https://www.ipcc.ch/assessment-report/ar6/,May 2026,
INT-P-003,IPBES Global Assessment on Biodiversity and Ecosystem Services 2019,International Policy,Assessment / Report,Nature & Biodiversity,2019 (next comprehensive assessment cycle ongoing),[INT-L-004] UN Convention on Biological Diversity (CBD),[INT-O-006] IPBES — Intergovernmental Science-Policy Platform on Biodiversity and Ecosystem Services,"First global assessment of biodiversity and ecosystem services. Key findings: 1 million species threatened with extinction; ecosystems are deteriorating at unprecedented rates; the five direct drivers of change are (in order): land/sea use change, direct exploitation, climate change, pollution, invasive species. Introduced Nature's Contributions to People (NCP) framework. Evidence base for Kunming-Montreal GBF.",Global,"Cited in UK NBSAP, EIP and State of Nature reports; JNCC, NE and UK academics contributed as authors",[ORG-004] Joint Nature Conservation Committee (JNCC); [POL-003] UK National Biodiversity Strategy and Action Plan (NBSAP) 2025; State of Nature 2023; IPBES Global Assessment,,https://ipbes.net/global-assessment,May 2026,[IFW-07]
INT-P-004,IPBES Invasive Alien Species Assessment 2023,International Policy,Assessment / Report,Nature & Biodiversity | Biosecurity,September 2023,[INT-L-004] UN Convention on Biological Diversity (CBD),[INT-O-006] IPBES — Intergovernmental Science-Policy Platform on Biodiversity and Ecosystem Services,"First global assessment of invasive alien species (IAS). Found >37,000 alien species established worldwide; >3,500 are harmful IAS. IAS implicated in 60% of global extinctions. Economic costs >$423bn/year. Key messages: prevention is 100x cheaper than management; IAS are increasing. Direct input to GBF Target 6 (reduce IAS introduction rate by 50%). Informs UK INNS indicators (JNCC B6) and EIF H1–H2.",Global,Informs UK INNS indicators and biosecurity strategy; UKCEH and JNCC scientists contributed,[ORG-004] Joint Nature Conservation Committee (JNCC); [POL-034] Plant Biosecurity Strategy for Great Britain (2023–2028); [ORG-020] Animal and Plant Health Agency (APHA); [POL-003] UK National Biodiversity Strategy and Action Plan (NBSAP) 2025,,https://ipbes.net/ias,May 2026,
INT-P-005,IPBES-IPCC Workshop Report: Biodiversity and Climate Change (2021),International Policy,Assessment / Report,Nature & Biodiversity | Climate,June 2021,[INT-L-001] UN Framework Convention on Climate Change (UNFCCC),[INT-O-023] IPBES-IPCC Joint Work Programme,"Landmark joint scientific report exploring the links between biodiversity and climate change. Key findings: addressing climate change and biodiversity loss together is essential; 30–50% of Earth's land, freshwater and ocean area needs effective conservation and restoration to address both crises simultaneously; nature-based solutions can contribute significantly to climate mitigation; biodiversity is critical for ecosystem resilience to climate change.",Global,"Cited in CCC reports, NBSAP and EIP; UK scientists contributed (Met Office, UKCEH, JNCC)",[ORG-003] Climate Change Committee (CCC); [ORG-004] Joint Nature Conservation Committee (JNCC); [POL-003] UK National Biodiversity Strategy and Action Plan (NBSAP) 2025; [ORG-017] Met Office; [POL-025] UK National Climate Science Partnership (UKNCSP),,https://ipbes.net/sites/default/files/2021-06/20210609_workshop_report_embargo_3pm_CEST_10_june_0.pdf,May 2026,
INT-P-006,GBF Monitoring Framework and Indicator Framework,International Policy,Strategy / Framework,Nature & Biodiversity,Adopted CBD COP15 Dec 2022; being operationalised 2023–2030,[INT-L-004] UN Convention on Biological Diversity (CBD),CBD Secretariat / UNEP-WCMC (indicator portal),"Official monitoring framework for the Kunming-Montreal GBF. Three tiers: 21 headline indicators (e.g., Red List Index, Living Planet Index), 98 component indicators, and complementary indicators. Parties report progress through national reports and updated NBSAPs. GBF indicators portal at gbf-indicators.org tracks global progress. Key indicators include: Species Protection Index (SDG 15.5.1), Biodiversity Finance Index, Ecosystem Integrity Index.",Global,UK contributes data via JNCC UK Biodiversity Indicators; NBSAP tracks GBF target alignment; JNCC contributes to international indicator databases,[POL-003] UK National Biodiversity Strategy and Action Plan (NBSAP) 2025; [ORG-004] Joint Nature Conservation Committee (JNCC); JNCC UK Biodiversity Indicators; [POL-022] 30×30 Technical Working Group,,https://www.gbf-indicators.org/,May 2026,[IFW-05]
INT-P-007,UNFCCC Global Stocktake (GST),International Policy,Assessment / Report,Climate,First GST concluded COP28 Dubai 2023; next GST 2028,[INT-L-001] UN Framework Convention on Climate Change (UNFCCC),[INT-O-001] UNFCCC — Conference of the Parties (COP),Mechanism under Paris Agreement (Art. 14) to assess collective progress every 5 years. First GST (2021–2023) concluded: current NDCs insufficient; world not on track for 1.5°C; calls for tripling renewables and doubling energy efficiency by 2030; first explicit call to transition away from fossil fuels; nature-based solutions highlighted. Outcomes intended to inform updated NDCs due in 2025.,Global,UK NDC updated Feb 2025 in response to GST outcomes; CCC advises government on NDC ambition,[ORG-003] Climate Change Committee (CCC); [ORG-002] DESNZ (Dept for Energy Security and Net Zero); Paris Agreement / UK NDC (2035: −81% vs 1990),,https://unfccc.int/topics/global-stocktake,May 2026,
INT-P-008,UN SEEA EA — System of Environmental-Economic Accounting Ecosystem Accounting,International Policy,Strategy / Framework,Nature & Biodiversity | Finance,Adopted UN Statistical Commission 2021 (international statistical standard),—,UN Committee of Experts on Environmental-Economic Accounting (UNCEEA),"International statistical standard adopted by UN for measuring and reporting on ecosystems and their services in physical and monetary terms. Covers: ecosystem extent accounts, ecosystem condition accounts, ecosystem service flow accounts, and monetary ecosystem asset accounts. Basis for national natural capital accounts including the UK ONS Natural Capital Accounts. Aligns with CBD GBF monitoring framework.",Global,ONS UK Natural Capital Accounts follow SEEA EA; ONS is leading implementer; Defra and ONS contribute to international SEEA work,"ONS Natural Capital Accounts; [ORG-001] Defra (Dept for Environment, Food & Rural Affairs); [POL-026] Natural Capital and Ecosystem Assessment (NCEA) Programme; SEEA EA (UN Ecosystem Accounts)",,https://seea.un.org/ecosystem-accounting,May 2026,
INT-P-009,High Ambition Coalition for Nature and People (HAC),International Policy,Pledge / Declaration,Nature & Biodiversity,Launched Jan 2021; ongoing,[INT-L-004] UN Convention on Biological Diversity (CBD),Government of France and UK (co-founders); over 119 member countries,"Multi-country coalition championing an ambitious post-2020 global biodiversity framework, particularly the 30×30 target. UK was a co-founder and champion. Coalition advocacy at CBD COP15 was a key driver of the 30×30 target being adopted in the Kunming-Montreal GBF. Now focuses on implementation of 30×30 and other GBF targets. Membership includes ~119 countries.",Global,UK co-founder; Defra leads; Defra Secretary of State championed at COP15,"[POL-003] UK National Biodiversity Strategy and Action Plan (NBSAP) 2025; [POL-022] 30×30 Technical Working Group; [ORG-001] Defra (Dept for Environment, Food & Rural Affairs); [POL-029] 2030 Strategic Framework for International Climate and Nature Action",,https://www.hacfornatureandpeople.org/,May 2026,
INT-P-010,"Glasgow Leaders' Declaration on Forests and Land Use (COP26, 2021)",International Policy,Pledge / Declaration,Land Use & Agriculture | Nature & Biodiversity | Climate,November 2021 (COP26 Glasgow),[INT-L-001] UN Framework Convention on Climate Change (UNFCCC),UK Government (COP26 Presidency); over 145 signatory leaders,"Politically binding commitment by 145 world leaders (covering >90% of world's forests) to halt and reverse forest loss and land degradation by 2030. Supported by $19.2 billion of public and private finance for forest protection. Led by the UK as COP26 Presidency. Closely linked to UNFCCC Article 5 (REDD+), the Kunming-Montreal GBF and UK 2030 Strategic Framework. Implementation tracked through the Glasgow–Sharm el-Sheikh Work Programme on forests.",Global (145+ signatories),UK led as COP26 Presidency; Defra and FCDO implement; linked to UK International Climate Finance (ICF),"[POL-029] 2030 Strategic Framework for International Climate and Nature Action; [ORG-001] Defra (Dept for Environment, Food & Rural Affairs); [ORG-002] DESNZ (Dept for Energy Security and Net Zero); [POL-004] UK Net Zero Strategy / Carbon Budget Delivery Plan (CBDP) 2023",,https://www.gov.uk/government/publications/cop26-world-leaders-summit-on-action-on-forests-and-land-use-2-november-2021,May 2026,
INT-P-011,UN Decade on Ecosystem Restoration (2021–2030),International Policy,Strategy / Framework,Nature & Biodiversity | Land Use & Agriculture,2021–2030,[INT-L-004] UN Convention on Biological Diversity (CBD),UNEP and FAO (co-leads),"UN initiative to prevent, halt and reverse the degradation of ecosystems on every continent and in every ocean. Supports the Sustainable Development Goals (SDGs) and GBF Target 2 (restore 30% of degraded ecosystems). Generation Restoration campaign. Works through national restoration initiatives, World Restoration Flagships, and the Bonn Challenge. Links to nature-based climate solutions. Marine parallel: the UN Decade of Ocean Science for Sustainable Development [INT-P-033].",Global,UK aligns EIP 2025 restoration targets; England Peat Action Plan and Trees Action Plan contribute; Defra reports UK contributions,[POL-001] Environmental Improvement Plan (EIP) 2025; [POL-011] England Trees Action Plan 2021–2024; [POL-010] England Peat Action Plan 2021; [ORG-005] Natural England; [ORG-009] Forestry Commission,[INT-P-033] UN Decade of Ocean Science for Sustainable Development (2021-2030),https://www.decadeonrestoration.org/,May 2026,
INT-P-012,OSPAR North-East Atlantic Environment Strategy 2030 (NEAES 2030),International Policy,Strategy / Framework,Marine & Fisheries | Nature & Biodiversity,Adopted 2021; implementation 2021–2030,[INT-L-013] OSPAR Convention for the Protection of the Marine Environment of the North-East Atlantic,[INT-O-008] OSPAR Commission,"Multi-year strategy agreed by OSPAR Contracting Parties setting out how they will implement the OSPAR Convention until 2030. Five themes: (1) biological diversity and ecosystem health; (2) hazardous substances; (3) eutrophication; (4) ocean acidification and climate change; (5) radioactive substances. Emphasises ecosystem-based management, 30×30 in the North-East Atlantic, and resilience to climate change. To be reviewed at OSPAR Ministerial 2025.",North-East Atlantic,Defra and MMO implement; JNCC provides scientific advice; Cefas contributes marine data; UK Marine Strategy aligns,"[ORG-008] Marine Management Organisation (MMO); [ORG-004] Joint Nature Conservation Committee (JNCC); [POL-028] UK Marine Strategy (UKMS) 2025 — Programme of Measures; [ORG-018] Centre for Environment, Fisheries and Aquaculture Science (Cefas); [LEG-022] Marine Strategy Regulations 2010 (as amended)",,https://www.ospar.org/work-areas/strategies,May 2026,
INT-P-013,WWF Living Planet Report (biennial),International Policy,Assessment / Report,Nature & Biodiversity | Climate,Biennial; latest 2024,—,WWF International / Zoological Society of London (ZSL),"Biennial flagship publication tracking the state of nature globally. Produces the Living Planet Index (LPI) — a measure of the average change in population size of vertebrate species. LPI 2024: average decline of 73% in monitored wildlife populations since 1970. Also covers biodiversity finance gaps, planetary boundaries and nature-climate connections. LPI is a headline GBF indicator (H5).",Global,LPI contributed to JNCC UKBI indicators; ZSL is UK-based partner; WWF-UK engages with Defra,[ORG-004] Joint Nature Conservation Committee (JNCC); JNCC UK Biodiversity Indicators; [POL-003] UK National Biodiversity Strategy and Action Plan (NBSAP) 2025,,https://livingplanet.panda.org/,May 2026,
INT-P-014,Planetary Boundaries Framework (Stockholm Resilience Centre),International Policy,Assessment / Report,"Nature & Biodiversity | Climate | Governance, Society & Data",2009; updated 2023,—,Stockholm Resilience Centre / Potsdam Institute for Climate Impact Research,"Scientific framework identifying nine planetary boundaries within which humanity can safely operate. 2023 update: six boundaries crossed — biosphere integrity (biodiversity loss), climate change, land system change, freshwater change, novel entities (chemicals/plastics), biogeochemical flows (nitrogen/phosphorus). Remaining three (stratospheric ozone depletion, aerosol loading, ocean acidification) not yet transgressed. Increasingly influential in policy discussions on safe operating space.",Global (scientific framework),Cited in CCC and UK climate-nature policy debates; Stockholm Resilience Centre collaborates with UK universities,"[ORG-003] Climate Change Committee (CCC); [POL-025] UK National Climate Science Partnership (UKNCSP); [ORG-001] Defra (Dept for Environment, Food & Rural Affairs)",,https://www.stockholmresilience.org/research/planetary-boundaries.html,May 2026,
INT-P-015,European Green Deal — Biodiversity Strategy 2030 and Farm to Fork Strategy,International Policy,Strategy / Framework,Nature & Biodiversity | Land Use & Agriculture | Climate,2020; EU Nature Restoration Law 2024,—,[INT-O-031] European Commission,EU's ambitious strategy for a sustainable and green recovery. Biodiversity Strategy 2030: protect 30% of EU land and sea; restore 20% of degraded ecosystems by 2030; reduce pesticide use by 50%; reduce fertiliser use by 20%; convert 25% of farmland to organic by 2030. Farm to Fork: sustainable food system transformation. EU Nature Restoration Law (adopted 2024): legally binding targets to restore 20% of EU land and sea by 2030. Post-Brexit UK monitors closely as a trade partner.,EU (27 member states); UK post-Brexit not bound but influenced via trade and alignment discussions,UK not bound but EIP 2025 targets partially aligned; trade implications for UK food and agriculture; EEA Biodiversity Strategy Indicators affected,"[POL-001] Environmental Improvement Plan (EIP) 2025; [ORG-001] Defra (Dept for Environment, Food & Rural Affairs); EEA Biodiversity Strategy Indicators; [POL-003] UK National Biodiversity Strategy and Action Plan (NBSAP) 2025",,https://ec.europa.eu/info/strategy/priorities-2019-2024/european-green-deal/actions-being-taken-eu/eu-biodiversity-strategy-2030_en,May 2026,
INT-P-016,Global Biodiversity Finance Initiative (GBF Finance / Cali Fund),International Policy,Finance Initiative,Nature & Biodiversity | Finance,CBD COP16 established Cali Fund (Oct 2024); ongoing,[INT-L-004] UN Convention on Biological Diversity (CBD),CBD Secretariat; UNEP; UNDP,Multilateral benefit-sharing mechanism for the monetary benefits from commercial use of Digital Sequence Information (DSI) on genetic resources. Established at CBD COP16 Cali 2024 — landmark ABS mechanism. 50% of fund for conservation and indigenous peoples; 50% for developing country implementation. Separate from GEF and broader GBF finance mobilisation. Operates under Nagoya Protocol framework. Expected to generate significant finance for GBF Target 19.,Global,UK is donor country; FCDO and Defra engaged; Royal Botanic Gardens Kew contributes genetic data,"[POL-003] UK National Biodiversity Strategy and Action Plan (NBSAP) 2025; [ORG-019] Royal Botanic Gardens Kew (RBG Kew); [ORG-001] Defra (Dept for Environment, Food & Rural Affairs); [POL-029] 2030 Strategic Framework for International Climate and Nature Action",,https://www.cbd.int/abs/,May 2026,
INT-P-017,REDD+ — Reducing Emissions from Deforestation and Forest Degradation,International Policy,Strategy / Framework,Land Use & Agriculture | Climate | Nature & Biodiversity,UNFCCC COP13 Bali 2007; Article 5 Paris Agreement; ongoing,[INT-L-001] UN Framework Convention on Climate Change (UNFCCC),"UNFCCC Secretariat; UN-REDD Programme (FAO, UNDP, UNEP)","Framework under the UNFCCC for reducing emissions from deforestation and forest degradation in developing countries, with conservation, sustainable management and enhancement of carbon stocks. Article 5 of the Paris Agreement makes REDD+ a formal mechanism. Countries develop national strategies, monitoring systems (MRV) and access results-based payments. UK supports through International Climate Finance (ICF) including via GEF and bilateral programmes.",Global (primarily tropical forest countries),UK provides ICF to REDD+ countries via FCDO; supports via Glasgow Leaders' Declaration; Forestry Commission provides expertise,[POL-029] 2030 Strategic Framework for International Climate and Nature Action; [ORG-009] Forestry Commission; [ORG-002] DESNZ (Dept for Energy Security and Net Zero),"[INT-P-010] Glasgow Leaders' Declaration on Forests and Land Use (COP26, 2021)",https://unfccc.int/topics/land-use/workstreams/redd/what-is-redd,May 2026,
INT-P-018,High Seas Alliance / 30×30 for the Ocean,International Policy,Campaign / NGO Initiative,Marine & Fisheries | Nature & Biodiversity,2012 – ongoing; renewed campaign 2022–2025,[INT-L-014] UN Convention on the Law of the Sea (UNCLOS),"High Seas Alliance (coalition of 40+ NGOs including IUCN, WWF, Greenpeace, Ocean Unite)","Coalition of NGOs campaigning for a strong global ocean treaty and 30% ocean protection by 2030. Led advocacy for the BBNJ Agreement (High Seas Treaty). Campaign contributed to GBF Target 3 (30×30 seas). Partners with OSPAR, IUCN and governments. Monitors progress on global ocean protection and reports on gaps in MPA coverage.",Global (high seas / international waters),UK supported BBNJ; Defra and MMO engaged; UK committed to 30×30 in GBF,[LEG-010] Biodiversity Beyond National Jurisdiction Act 2026; [ORG-008] Marine Management Organisation (MMO); [POL-003] UK National Biodiversity Strategy and Action Plan (NBSAP) 2025; [POL-022] 30×30 Technical Working Group,,https://highseasalliance.org/,May 2026,
INT-P-019,UNEP Emissions Gap Report (annual),International Policy,Assessment / Report,Climate,Annual since 2010; latest 2024,[INT-L-001] UN Framework Convention on Climate Change (UNFCCC),[INT-O-010] UNEP — UN Environment Programme,Annual flagship report assessing the gap between projected GHG emissions with current policies vs NDC pledges vs pathways consistent with 1.5°C and 2°C. 2024 report: world on track for ~2.6–3.1°C warming with current policies; even with full NDC implementation only 2.6°C. Calls for 42% cut in GHG emissions by 2030 for 1.5°C. Key input to UNFCCC Global Stocktake process.,Global,Cited in CCC Progress Reports; informs UK NDC ambition; Met Office contributes climate projections,[ORG-003] Climate Change Committee (CCC); [ORG-002] DESNZ (Dept for Energy Security and Net Zero); [ORG-017] Met Office,,https://www.unep.org/resources/emissions-gap-report-2024,May 2026,
INT-P-020,UNEP State of Finance for Nature (annual),International Policy,Assessment / Report,Nature & Biodiversity | Finance | Climate,Annual since 2021; latest 2024,[INT-L-004] UN Convention on Biological Diversity (CBD),[INT-O-010] UNEP — UN Environment Programme,"Annual report tracking finance flows to nature-based solutions (NbS). 2023 report: NbS finance must triple to $542bn/year by 2030 to meet climate, biodiversity and land degradation goals; current flows $200bn/year; harmful finance flows $7 trillion/year. Key benchmark for GBF Target 19 ($200bn mobilisation). Informs TNFD, GBF finance negotiations and UK Green Finance Strategy.",Global,Informs UK Green Finance Strategy; Green Finance Institute uses as reference; FCDO uses in international finance discussions,[POL-012] Green Finance Strategy 2023; [POL-029] 2030 Strategic Framework for International Climate and Nature Action; ENCORE / TNFD Framework,,https://www.unep.org/resources/state-finance-nature-2023,May 2026,
INT-P-029,TNFD — Taskforce on Nature-related Financial Disclosures Framework (v1.0),International Policy,Strategy / Framework,Finance | Nature & Biodiversity,2023; final recommendations published September 2023; voluntary adoption tracking from 2024; 400+ adopters by mid-2024,—,TNFD Taskforce (40 senior executives from finance and corporates; co-chaired by Elizabeth Mrema and David Craig); secretariat hosted at UNEP-FI / WWF,"Provides a global voluntary framework for organisations to identify, assess, manage and disclose nature-related dependencies, impacts, risks and opportunities. Based on four TCFD-aligned pillars (governance, strategy, risk management, metrics and targets). Core LEAP approach (Locate, Evaluate, Assess, Prepare). Includes 14 recommended disclosures and core metrics aligned with GBF Target 15. Sector-specific guidance released for food and agriculture, mining, financial institutions, and others. Incorporated into EU CSRD reporting (ESRS E4). UK Green Finance Strategy 2023 commits to exploring TNFD implementation; ENCORE framework is a complementary tool for assessing dependencies on ecosystem services.",Global (voluntary); integration into EU CSRD (mandatory for large EU companies); UK Green Finance Strategy 2023,UK Government funded TNFD development (£4.8m 2021–2025); UK Green Finance Strategy 2023 commits to exploring TNFD adoption; Financial Services and Markets Act 2023 requires UK regulators to give 'due regard' to nature; ENCORE framework (UNEP-WCMC) is the data tool underpinning TNFD metrics,ENCORE / TNFD Framework (in biodiversity indicators spreadsheet); UK Green Finance Strategy 2023,"[INT-O-022] Science Based Targets Network (SBTN); [INT-L-007] (soft, from parent note); [INT-O-019] Taskforce on Nature-related Financial Disclosures; [INT-O-011] UN Environment Programme World Conservation Monitoring Centre",https://tnfd.global,May 2026,
INT-P-030,EU Adaptation Strategy 2021,International Policy,Strategy / Framework,"Climate | Nature & Biodiversity | Governance, Society & Data",2021; adopted February 2021; non-binding strategy; underpins 8th EAP adaptation objective,[EU-L-005] EU Climate Law 2021,[INT-O-031] European Commission (DG CLIMA); European Environment Agency,"Sets the EU's overarching framework for adapting to climate change impacts. Four objectives: (1) smarter adaptation through better climate risk knowledge; (2) more systemic adaptation integrating nature-based solutions; (3) faster adaptation; (4) international adaptation action. Calls for climate-proof infrastructure, sustainable urban planning, and nature-based solutions for adaptation. Promotes the European Climate Risk Assessment (EUCRA 2024). Links to EU Biodiversity Strategy 2030 through ecosystem-based adaptation. Not legally binding but guides member state adaptation frameworks and NAPs.",EU (27 member states); UK not bound post-Brexit,UK not directly bound but CCRA3 and NAP3 process are structurally parallel; EEA adaptation indicators cited in biodiversity indicators spreadsheet; EUCRA 2024 provides comparative context for UK CCRA3,EEA Biodiversity Strategy Indicators; UK National Adaptation Programme (NAP3); [POL-017] Climate Change Risk Assessment (CCRA3); [POL-029] 2030 Strategic Framework for International Climate and Nature Action,"[INT-L-003] (soft, from parent note)",https://climate.ec.europa.eu/eu-action/adaptation-climate-change/eu-adaptation-strategy_en,May 2026,
INT-P-031,European Climate Risk Assessment (EUCRA) 2024,International Policy,Assessment / Report,"Climate | Nature & Biodiversity | Governance, Society & Data",2024; published March 2024 by EEA; first EU-wide climate risk assessment,[INT-P-030] EU Adaptation Strategy 2021; [EU-L-005] EU Climate Law 2021,European Environment Agency (EEA),"First comprehensive EU-wide climate risk assessment, covering 36 major climate risks across Europe grouped into five clusters: ecosystems, food, health, infrastructure, and economy/finance. Identifies several risks at 'critical' level requiring urgent action. Directly informs European Commission and Member State adaptation planning. Structurally parallel to UK CCRA3 and IPCC AR6 WGII. Used in 8th EAP monitoring. EEA biodiversity indicators provide the data underpinning several EUCRA risk assessments.",EU (27 member states); EEA member states including some non-EU; UK not covered but comparable in scope,UK CCRA3 is the direct UK equivalent; EEA indicators cross-reference EUCRA findings; UK researchers and Defra monitor EUCRA findings for comparative analysis,EEA Biodiversity Strategy Indicators; UK Climate Change Risk Assessment (CCRA3),[INT-P-030] EU Adaptation Strategy 2021; [INT-P-002] IPCC Sixth Assessment Report (AR6) 2021–2022,https://www.eea.europa.eu/publications/european-climate-risk-assessment,May 2026,
INT-P-032,IPCC Special Report on the Ocean and Cryosphere in a Changing Climate (SROCC) 2019,International Policy,Assessment / Report,Climate | Marine & Fisheries,2019 (third special report of the AR6 cycle),[INT-L-001] UN Framework Convention on Climate Change (UNFCCC),[INT-O-002] IPCC - Intergovernmental Panel on Climate Change (Working Groups I & II),"Comprehensive assessment of climate-change impacts on the ocean, polar regions, mountains and the cryosphere. Approved at IPCC-51, Monaco, 24 Sept 2019; 104 authors from 36 countries; over 6,900 references. Key findings: ocean warming has more than doubled since 1993; near-certain continued sea-level rise (revised upward); intensifying marine heatwaves; ocean deoxygenation and acidification; widespread sea-ice, glacier and permafrost loss; declining Arctic sea ice and snow cover; shifts in marine species distributions and fisheries potential. Underpins marine and coastal adaptation planning and the science base for ocean-related elements of the GBF and SDG 14.",Global,UK contributed authors; informs UK CCRA marine/coastal chapters and the UK Marine Strategy; cited in MCCIP evidence and CCC advice,[ORG-003] Climate Change Committee (CCC); [ORG-017] Met Office; [POL-025] UK National Climate Science Partnership (UKNCSP); [POL-049] Marine Climate Change Impacts Partnership (MCCIP); UK Marine Strategy (UKMS); [POL-028] UK Marine Strategy (UKMS) 2025 — Programme of Measures,,https://www.ipcc.ch/srocc/,June 2026,
INT-P-033,UN Decade of Ocean Science for Sustainable Development (2021-2030),International Policy,Strategy / Framework,Marine & Fisheries | Nature & Biodiversity | Climate,2021-2030,—,[INT-O-024] IOC-UNESCO - Intergovernmental Oceanographic Commission,"Global framework mobilising ocean science to deliver 'the science we need for the ocean we want.' Coordinates endorsed Decade Actions/Programmes around ten challenges (incl. ocean-climate nexus, marine pollution, sustainable ocean observing, a digital twin of the ocean). Directly supports SDG 14 (Life Below Water) and underpins observing systems feeding climate and marine-biodiversity assessment. Marine parallel in structure to the UN Decade on Ecosystem Restoration [INT-P-011].",Global,UK is an IOC member; National Oceanography Centre and Met Office engage; UK-endorsed Decade Actions; supports UK ocean-observing contributions,[ORG-017] Met Office; National Oceanography Centre (NOC); [POL-025] UK National Climate Science Partnership (UKNCSP); [POL-049] Marine Climate Change Impacts Partnership (MCCIP); [ORG-001] Defra,"[INT-O-032] (soft, from parent note)",https://oceandecade.org/,June 2026,
