workbook,sheet,record_id,record_name,narrative_field,uncaptured_codes,n,targets
uk_climate_nature_governance.xlsx,Public Bodies,ORG-005,Natural England,Remit_And_Powers,POL-037; POL-038; POL-039,3,POL-037 Environmental Delivery Plans (EDPs); POL-038 Nature Restoration Fund and Nature Restoration Levy (NRF / NRL); POL-039 Independent Water Commission (Cunliffe Review) — Final Report
uk_climate_nature_governance.xlsx,Public Bodies,ORG-006,Environment Agency,Remit_And_Powers,POL-045; POL-039,2,POL-045 National Flood and Coastal Erosion Risk Management Strategy for England; POL-039 Independent Water Commission (Cunliffe Review) — Final Report
uk_climate_nature_governance.xlsx,Public Bodies,ORG-009,Forestry Commission,Remit_And_Powers,ORG-027; ORG-026; ORG-028; ORG-029,4,ORG-027 Forestry England; ORG-026 Forest Research; ORG-028 Scottish Forestry; ORG-029 Forestry and Land Scotland
uk_climate_nature_governance.xlsx,Public Bodies,ORG-011,Water Services Regulation Authority,Remit_And_Powers,POL-039,1,POL-039 Independent Water Commission (Cunliffe Review) — Final Report
uk_climate_nature_governance.xlsx,Public Bodies,ORG-022,Drinking Water Inspectorate,Remit_And_Powers,POL-039,1,POL-039 Independent Water Commission (Cunliffe Review) — Final Report
uk_climate_nature_governance.xlsx,Public Bodies,ORG-025,Crown Estate Scotland,Remit_And_Powers,ORG-024,1,ORG-024 The Crown Estate
uk_climate_nature_governance.xlsx,Public Bodies,ORG-028,Scottish Forestry,Remit_And_Powers,ORG-009,1,ORG-009 Forestry Commission
uk_climate_nature_governance.xlsx,Public Bodies,ORG-029,Forestry and Land Scotland,Remit_And_Powers,ORG-027,1,ORG-027 Forestry England
uk_climate_nature_governance.xlsx,Public Bodies,ORG-032,HM Treasury,Remit_And_Powers,POL-042; POL-043; ORG-024; ORG-023,4,POL-042 Green Book supplementary guidance: environmental and natural capital valuation; POL-043 The Economics of Biodiversity: The Dasgupta Review; ORG-024 The Crown Estate; ORG-023 National Infrastructure and Service Transformation Authority
uk_climate_nature_governance.xlsx,Public Bodies,ORG-033,Department for Transport,Remit_And_Powers,POL-046; POL-004,2,POL-046 Transport Decarbonisation Plan (Decarbonising Transport); POL-004 UK Net Zero Strategy / Carbon Budget Delivery Plan (CBDP) 2023
uk_climate_nature_governance.xlsx,Legislation,LEG-016,Planning and Infrastructure Act 2025,Key_Provisions,POL-037; POL-038,2,POL-037 Environmental Delivery Plans (EDPs); POL-038 Nature Restoration Fund and Nature Restoration Levy (NRF / NRL)
uk_climate_nature_governance.xlsx,Legislation,LEG-066,Agriculture (Wales) Act 2023,Key_Provisions,POL-056,1,POL-056 Sustainable Farming Scheme (Wales)
uk_climate_nature_governance.xlsx,Legislation,LEG-067,Agriculture and Rural Communities (Scotland) Act 2024,Key_Provisions,POL-057,1,POL-057 Agricultural Reform Programme (Scotland)
uk_climate_nature_governance.xlsx,Policies & Activities,POL-028,UK Marine Strategy (UKMS) 2025 — Programme of Measures,Scope_And_Commitments,POL-049; INT-P-032,2,POL-049 Marine Climate Change Impacts Partnership (MCCIP); INT-P-032 IPCC Special Report on the Ocean and Cryosphere in a Changing Climate (SROCC) 2019
uk_climate_nature_governance.xlsx,Policies & Activities,POL-037,Environmental Delivery Plans (EDPs),Scope_And_Commitments,POL-038,1,POL-038 Nature Restoration Fund and Nature Restoration Levy (NRF / NRL)
uk_climate_nature_governance.xlsx,Policies & Activities,POL-038,Nature Restoration Fund and Nature Restoration Levy (NRF / NRL),Scope_And_Commitments,POL-037,1,POL-037 Environmental Delivery Plans (EDPs)
uk_climate_nature_governance.xlsx,Policies & Activities,POL-040,Nature for Climate Fund,Scope_And_Commitments,POL-011; POL-010; POL-030; POL-031,4,POL-011 England Trees Action Plan 2021–2024; POL-010 England Peat Action Plan 2021; POL-030 Woodland Carbon Code (WCC); POL-031 Peatland Code
uk_climate_nature_governance.xlsx,Policies & Activities,POL-041,Enabling a Natural Capital Approach (ENCA),Scope_And_Commitments,POL-042; POL-026,2,POL-042 Green Book supplementary guidance: environmental and natural capital valuation; POL-026 Natural Capital and Ecosystem Assessment (NCEA) Programme
uk_climate_nature_governance.xlsx,Policies & Activities,POL-043,The Economics of Biodiversity: The Dasgupta Review,Scope_And_Commitments,POL-012; POL-041,2,POL-012 Green Finance Strategy 2023; POL-041 Enabling a Natural Capital Approach (ENCA)
uk_climate_nature_governance.xlsx,Policies & Activities,POL-044,UK National Ecosystem Assessment (UK NEA),Scope_And_Commitments,POL-026,1,POL-026 Natural Capital and Ecosystem Assessment (NCEA) Programme
uk_climate_nature_governance.xlsx,Policies & Activities,POL-045,National Flood and Coastal Erosion Risk Management Strategy for England,Scope_And_Commitments,POL-002; POL-017,2,POL-002 National Adaptation Programme (NAP3) 2023–2028; POL-017 Climate Change Risk Assessment (CCRA3) 2022
uk_climate_nature_governance.xlsx,Policies & Activities,POL-046,Transport Decarbonisation Plan (Decarbonising Transport),Scope_And_Commitments,POL-004,1,POL-004 UK Net Zero Strategy / Carbon Budget Delivery Plan (CBDP) 2023
uk_climate_nature_governance.xlsx,Policies & Activities,POL-047,Heat and Buildings Strategy,Scope_And_Commitments,POL-015,1,POL-015 Boiler Upgrade Scheme (BUS)
uk_climate_nature_governance.xlsx,Policies & Activities,POL-049,Marine Climate Change Impacts Partnership (MCCIP),Scope_And_Commitments,POL-028,1,POL-028 UK Marine Strategy (UKMS) 2025 — Programme of Measures
uk_climate_nature_governance.xlsx,Policies & Activities,POL-050,National Planning Policy Framework (NPPF),Scope_And_Commitments,POL-009,1,POL-009 Land Use Framework (LUF) 2025
uk_climate_nature_governance.xlsx,Policies & Activities,POL-053,Nature Markets Framework 2023,Scope_And_Commitments,POL-030; POL-031; POL-038,3,POL-030 Woodland Carbon Code (WCC); POL-031 Peatland Code; POL-038 Nature Restoration Fund and Nature Restoration Levy (NRF / NRL)
uk_climate_nature_governance.xlsx,Policies & Activities,POL-055,England Woodland Creation Offer (EWCO),Scope_And_Commitments,POL-013; POL-030; POL-011,3,POL-013 Environmental Land Management (ELM) Schemes; POL-030 Woodland Carbon Code (WCC); POL-011 England Trees Action Plan 2021–2024
uk_climate_nature_governance.xlsx,Policies & Activities,POL-056,Sustainable Farming Scheme (Wales),Scope_And_Commitments,POL-013,1,POL-013 Environmental Land Management (ELM) Schemes
uk_climate_nature_governance.xlsx,Policies & Activities,POL-057,Agricultural Reform Programme (Scotland),Scope_And_Commitments,POL-013; POL-056,2,POL-013 Environmental Land Management (ELM) Schemes; POL-056 Sustainable Farming Scheme (Wales)
uk_climate_nature_governance.xlsx,Policies & Activities,POL-058,Clean Air Strategy 2019,Scope_And_Commitments,POL-001,1,POL-001 Environmental Improvement Plan (EIP) 2025
uk_climate_nature_governance.xlsx,Policies & Activities,POL-059,UK Marine Policy Statement (MPS) and Marine Plans,Scope_And_Commitments,POL-009; POL-050; POL-028,3,POL-009 Land Use Framework (LUF) 2025; POL-050 National Planning Policy Framework (NPPF); POL-028 UK Marine Strategy (UKMS) 2025 — Programme of Measures
uk_climate_nature_governance.xlsx,Policies & Activities,POL-060,Highly Protected Marine Areas (HPMAs),Scope_And_Commitments,POL-022,1,POL-022 30×30 Technical Working Group
uk_climate_nature_governance.xlsx,Policies & Activities,POL-061,Countryside Stewardship Higher Tier (CSHT),Scope_And_Commitments,POL-054; POL-062,2,POL-054 Sustainable Farming Incentive (SFI); POL-062 Landscape Recovery
uk_climate_nature_governance.xlsx,Policies & Activities,POL-062,Landscape Recovery,Scope_And_Commitments,POL-054; POL-061,2,POL-054 Sustainable Farming Incentive (SFI); POL-061 Countryside Stewardship Higher Tier (CSHT)
uk_climate_nature_governance.xlsx,Policies & Activities,POL-066,Peatland ACTION (Scotland),Scope_And_Commitments,POL-010,1,POL-010 England Peat Action Plan 2021
international_climate_nature_governance.xlsx,Associated Bodies,INT-O-015,Global Climate Observing System,Remit_And_Powers,INT-O-025,1,INT-O-025 Global Ocean Observing System
international_climate_nature_governance.xlsx,Associated Bodies,INT-O-024,Intergovernmental Oceanographic Commission,Remit_And_Powers,INT-O-025; INT-P-033,2,INT-O-025 Global Ocean Observing System; INT-P-033 UN Decade of Ocean Science for Sustainable Development (2021-2030)
international_climate_nature_governance.xlsx,Associated Bodies,INT-O-025,Global Ocean Observing System,Remit_And_Powers,INT-O-015,1,INT-O-015 Global Climate Observing System
international_climate_nature_governance.xlsx,Associated Bodies,INT-O-026,Arctic Council,Remit_And_Powers,INT-O-027,1,INT-O-027 Arctic Monitoring and Assessment Programme
international_climate_nature_governance.xlsx,Intl Policies & Activities,INT-P-002,IPCC Sixth Assessment Report (AR6) 2021–2022,Key_Commitments,INT-P-032,1,INT-P-032 IPCC Special Report on the Ocean and Cryosphere in a Changing Climate (SROCC) 2019
international_climate_nature_governance.xlsx,Intl Policies & Activities,INT-P-011,UN Decade on Ecosystem Restoration (2021–2030),Key_Commitments,INT-P-033,1,INT-P-033 UN Decade of Ocean Science for Sustainable Development (2021-2030)
international_climate_nature_governance.xlsx,Intl Policies & Activities,INT-P-033,UN Decade of Ocean Science for Sustainable Development (2021-2030),Key_Commitments,INT-P-011,1,INT-P-011 UN Decade on Ecosystem Restoration (2021–2030)
