Record_ID,Name,Record_Type,General_Type,Policy_Sector,Statutory_Enabling_Basis,Enabling_Legislation,Year,Extent,Key_Provisions,Lead_Department,Status,Date_Last_Updated,Link,Related_Legislation,Intl_Links
LEG-001,Climate Change Act 2008,Legislation,Primary Legislation,Climate,"Primary Act of Parliament — self-authorising. Grants Ministers power to make secondary legislation including Carbon Budget Orders (s.8), the NAP (s.58), CCRA duties (s.56), and adaptation regulations.",[LEG-001],2008,UK,Legally binding net-zero GHG target (100% reduction by 2050 vs 1990; amended 2019). Establishes carbon budgets (5-year caps). Creates Climate Change Committee (CCC). Requires National Adaptation Programme (NAP) and Climate Change Risk Assessment (CCRA). Requires government to respond to CCC reports.,[ORG-002] DESNZ & CO,In force,May 2026,https://www.legislation.gov.uk/ukpga/2008/27/contents,[LEG-058]; [LEG-059]; [LEG-035],"[INT-L-001] UN Framework Convention on Climate Change; [INT-L-002] Kyoto Protocol to the UNFCCC; [INT-L-003] Paris Agreement; [EU-L-005] EU Climate Law (Regulation EU 2021/1119, amended by Regulation EU 2026/667)"
LEG-002,Climate Change Act 2008 (2050 Target Amendment) Order 2019,Legislation,Secondary Legislation,Climate,"Climate Change Act 2008, s.2(1): power to amend the 2050 target percentage. Order made under this section following receipt of CCC advice on net-zero. Affirmative procedure (both Houses).",[LEG-001]; [LEG-002],2019,UK,Amends the 2008 Act to replace the previous 80% reduction target with a net-zero target (at least 100% reduction) by 2050. Implements the recommendation of the CCC.,[ORG-002] DESNZ,In force,May 2026,https://www.legislation.gov.uk/uksi/2019/1056/contents,,
LEG-003,Carbon Budget Orders (1st–7th),Legislation,Secondary Legislation,Climate | Finance,"Climate Change Act 2008, ss.8–9: duty on SoS to set each carbon budget by Order; Parliament must approve by affirmative resolution. Each Order is laid before Parliament after receipt of CCC recommendation.",[LEG-001]; [LEG-002],2009–2026,UK,"Secondary legislation setting each 5-year carbon budget: CB1 (2008–12), CB2 (2013–17), CB3 (2018–22), CB4 (2023–27, 1,950 MtCO₂e), CB5 (2028–32, 1,725 MtCO₂e), CB6 (2033–37, 965 MtCO₂e). CB7 (2038–42) advised by CCC in 2025; to be set by statute by June 2026.",[ORG-002] DESNZ,In force (CB1–6); CB7 pending,May 2026,https://www.legislation.gov.uk/uksi/2021/1059/contents,,[INT-L-001] UN Framework Convention on Climate Change; [INT-L-002] Kyoto Protocol to the UNFCCC; [INT-L-003] Paris Agreement
LEG-004,Environment Act 2021,Legislation,Primary Legislation,Nature & Biodiversity,"Primary Act of Parliament — self-authorising. Grants Ministers power to set environmental targets by secondary legislation (s.1), make BNG regulations (Sch.14), establish OEP (Part 2), issue EIP (s.9), and make regulations on Local Nature Recovery Strategies (Part 7).",[LEG-004],2021,England,"Sets legally binding environmental targets for England (species abundance, habitat creation/restoration, air quality, water). Creates Office for Environmental Protection (OEP). Introduces Environmental Improvement Plan (EIP) duty. Requires Biodiversity Net Gain (BNG) for development. Establishes Local Nature Recovery Strategies (LNRS). Environmental principles policy statement. Duty on public authorities to conserve/enhance biodiversity. [Themes: nature-based solutions; natural capital; ecosystem services]",[ORG-001] Defra,In force (phased commencement),May 2026,https://www.legislation.gov.uk/ukpga/2021/30/contents,[LEG-034]; [LEG-035]; [LEG-038],"[INT-L-004] UN Convention on Biological Diversity; [INT-L-005] Cartagena Protocol on Biosafety; [INT-L-007] Kunming-Montreal Global Biodiversity Framework; [INT-L-022] Aarhus Convention — UN/ECE Convention on Access to Information, Public Participation and Access to Justice in Environmental Matters; [EU-L-021] EU Deforestation Regulation (EUDR, Regulation EU 2023/1115, amended by Regulation EU 2025/2650); [EU-L-022] EU Soil Monitoring Law (Soil Monitoring and Resilience Directive, Directive EU 2025/2360)"
LEG-005,Wildlife and Countryside Act 1981,Legislation,Primary Legislation,Nature & Biodiversity,Primary Act of Parliament — self-authorising. Section 28 provides powers to designate SSSIs; s.37A enables the Minister to make regulations on species licensing.,[LEG-005],1981,GB,"Primary framework for protection of wild birds, animals and plants. Provides SSSIs designation. Amended by CROW Act 2000, CRoW Act 2000, Natural Environment and Rural Communities Act 2006 etc.",[ORG-001] Defra & [ORG-021] MHCLG,In force (as amended),May 2026,https://www.legislation.gov.uk/ukpga/1981/69/contents,[LEG-032]; [LEG-033]; [LEG-039],[INT-L-010] Convention on International Trade in Endangered Species; [INT-L-011] Convention on Migratory Species (CMS / Bonn Convention); [INT-L-012] Bern Convention on European Wildlife and Natural Habitats; [EU-L-002] EU Birds Directive (Directive 2009/147/EC — codification of 79/409/EEC)
LEG-006,Natural Environment and Rural Communities Act 2006 (NERC Act),Legislation,Primary Legislation,Nature & Biodiversity,Primary Act of Parliament — self-authorising. Section 2 establishes Natural England; s.27 establishes JNCC; s.40 imposes biodiversity duty on public authorities.,[LEG-006],2006,England | Wales,"Creates Natural England and dissolves predecessor bodies. Imposes biodiversity duty on public authorities (s.40). Defines purpose of Natural England as conserving, enhancing and managing the natural environment.",[ORG-001] Defra,In force,May 2026,https://www.legislation.gov.uk/ukpga/2006/16/contents,[LEG-032]; [LEG-034]; [LEG-035],
LEG-007,Conservation of Habitats and Species Regulations 2017,Legislation,Secondary Legislation,Nature & Biodiversity,European Communities Act 1972 (now retained EU law via European Union (Withdrawal) Act 2018): instruments originally made to implement EU Habitats and Birds Directives; retained and amended post-Brexit. Specific power preserved under EUWA 2018 s.2.,,2017,GB,Implements (retained EU) Habitats Directive. Designates Special Areas of Conservation (SACs) and Special Protection Areas (SPAs). Requires Habitat Regulations Assessments. Protects European Protected Species.,[ORG-001] Defra & [ORG-021] MHCLG,In force (retained EU law),May 2026,https://www.legislation.gov.uk/uksi/2017/1012/contents,,[INT-L-012] Bern Convention on European Wildlife and Natural Habitats; [EU-L-001] EU Habitats Directive (Council Directive 92/43/EEC); [EU-L-002] EU Birds Directive (Directive 2009/147/EC — codification of 79/409/EEC)
LEG-010,Biodiversity Beyond National Jurisdiction Act 2026,Legislation,Primary Legislation,Marine & Fisheries,Primary Act of Parliament — self-authorising. Enables UK to ratify the UN BBNJ Agreement and make implementing regulations under s.9.,[LEG-010],2026,UK,"Enables UK to ratify the UN BBNJ Agreement (High Seas Treaty) on conservation of marine biodiversity in areas beyond national jurisdiction. Covers marine genetic resources, area-based management tools, EIAs on the high seas. Royal Assent Feb 2026.",[ORG-039] FCDO & [ORG-001] Defra,Royal Assent Feb 2026,May 2026,https://www.legislation.gov.uk/ukpga/2026/6,,[INT-L-004] UN Convention on Biological Diversity; [INT-L-014] UN Convention on the Law of the Sea; [INT-L-015] Agreement on Biodiversity Beyond National Jurisdiction (BBNJ — 'High Seas Treaty'); [INT-P-018] High Seas Alliance / 30×30 for the Ocean
LEG-011,Marine and Coastal Access Act 2009,Legislation,Primary Legislation,Marine & Fisheries,"Primary Act of Parliament — self-authorising. Grants powers for marine planning, licensing, conservation zones and coastal access.",[LEG-011],2009,UK,Creates Marine Management Organisation (MMO). Establishes marine planning system and Marine Conservation Zones (MCZs). Enables UK Marine Policy Statement and marine plans. Creates coastal access rights.,[ORG-001] Defra,In force,May 2026,https://www.legislation.gov.uk/ukpga/2009/23/contents,,[INT-L-013] OSPAR Convention for the Protection of the Marine Environment of the North-East Atlantic; [INT-L-014] UN Convention on the Law of the Sea; [INT-L-017] Helsinki Convention (HELCOM) — Baltic Marine Environment Protection Convention; [INT-L-018] London Protocol (Protocol to the Convention on the Prevention of Marine Pollution by Dumping of Wastes); [EU-L-013] EU Maritime Spatial Planning Directive (Directive 2014/89/EU)
LEG-012,Water Industry Act 1991,Legislation,Primary Legislation,Water,Primary Act of Parliament — self-authorising. Section 2 grants the Secretary of State powers over Ofwat.,[LEG-012],1991,England | Wales,Regulates appointment and functions of water and sewerage undertakers in England and Wales. Grants Ofwat regulatory and licence enforcement powers. Basis for water company price controls and duty to maintain water supply.,[ORG-001] Defra & [ORG-011] Ofwat,In force,May 2026,https://www.legislation.gov.uk/ukpga/1991/56/contents,,
LEG-013,Water (Special Measures) Act 2025,Legislation,Primary Legislation,Water | Climate,Primary Act of Parliament — self-authorising. Creates new powers under Water Industry Act 1991 (as amended) including Ofwat's new duty to contribute to Climate Change Act and Environment Act targets (s.5).,[LEG-013],2025,England | Wales,Strengthens Ofwat's powers over water companies. Adds new duty for Ofwat to contribute to meeting Environment Act and Climate Change Act targets. Enables criminal liability for water company executives. Gives Secretary of State powers to place companies in special measures.,[ORG-001] Defra,Royal Assent Jan 2025,October 2026,https://www.legislation.gov.uk/ukpga/2025/5/contents,,[EU-L-017] EU Bathing Water Directive (Directive 2006/7/EC — revision of 76/160/EEC)
LEG-014,Energy Act 2023,Legislation,Primary Legislation,Energy,"Primary Act of Parliament — self-authorising. Grants powers for NESO creation, hydrogen licensing regime, CCUS licensing, and heat network zoning by secondary legislation.",[LEG-014],2023,UK,Creates National Energy System Operator (NESO) as independent body. New licensing for hydrogen and Carbon Capture Utilisation and Storage (CCUS). Expands offshore wind leasing. Establishes heat network zoning. Reforms electricity market for low-carbon energy.,[ORG-002] DESNZ,In force (phased),May 2026,https://www.legislation.gov.uk/ukpga/2023/52/contents,,"[EU-L-005] EU Climate Law (Regulation EU 2021/1119, amended by Regulation EU 2026/667); [EU-L-014] EU Emissions Trading System (Directive 2003/87/EC, as amended by Directive EU 2023/959); [EU-L-019] EU Renewable Energy Directive III (Directive EU 2023/2413 — RED III recast); [EU-L-020] EU Energy Efficiency Directive III (Directive EU 2023/1791 — EED III recast)"
LEG-015,Electricity Act 1989 (as amended),Legislation,Primary Legislation,Energy,Primary Act of Parliament — self-authorising. Grants licensing and market intervention powers for electricity generation and supply; amended by later Energy Acts.,[LEG-015],1989,GB,Core electricity licensing framework. Amended by Energy Acts and Contracts for Difference (CfD) regime under Energy Act 2013 to support renewable deployment.,[ORG-002] DESNZ,In force (as amended),May 2026,https://www.legislation.gov.uk/ukpga/1989/29/contents,,
LEG-016,Planning and Infrastructure Act 2025,Legislation,Primary Legislation,Nature & Biodiversity | Urban & Buildings | Land Use & Agriculture | Climate | Transport,"Bill before Parliament — no statutory basis yet. Intended enabling powers for Nature Restoration Fund, Environmental Delivery Plans and planning reform derived from Planning and Compulsory Purchase Act 2004 powers and new primary legislation.",[LEG-016],2025,England,"Wide-ranging planning and infrastructure reform. Part 3 (development and nature recovery) introduces Environmental Delivery Plans [POL-037] and the Nature Restoration Fund / Levy [POL-038], administered by Natural England, as an alternative route for developers to discharge specified environmental obligations relating to protected sites and species. Also reforms the NSIP regime, limits repeat judicial review of major infrastructure decisions, and amends provisions on environmental outcomes reports. [Themes: nature-based solutions; natural capital; ecosystem services]",[ORG-021] MHCLG & [ORG-001] Defra,In force (Royal Assent 18 Dec 2025; phased commencement),May 2026,https://www.legislation.gov.uk/ukpga/2025/34/contents,,
LEG-017,Countryside and Rights of Way Act 2000 (CRoW Act),Legislation,Primary Legislation,Land Use & Agriculture,Primary Act of Parliament — self-authorising. Section 2 grants open access rights; ss.28–33 strengthen SSSI protections; s.85 places duty on public bodies in National Parks and AONBs to have regard to purposes.,[LEG-017],2000,England | Wales,"Provides right of open access to mountain, moor, heath, down, registered common land. Strengthens SSSI system. New powers for AONBs (now National Landscapes).",[ORG-001] Defra,In force,May 2026,https://www.legislation.gov.uk/ukpga/2000/37/contents,,
LEG-018,Agriculture Act 2020,Legislation,Primary Legislation,Land Use & Agriculture,Primary Act of Parliament — self-authorising. Section 1 grants Ministers power to make financial assistance regulations for environmental purposes (ELM scheme secondary legislation made under this power).,[LEG-018],2020,England,Enables Environmental Land Management (ELM) schemes. Phases out EU Common Agricultural Policy (CAP) direct payments. Sets framework for paying farmers for delivering public goods including biodiversity and climate mitigation/adaptation.,[ORG-001] Defra,In force,May 2026,https://www.legislation.gov.uk/ukpga/2020/21/contents,[LEG-066]; [LEG-067],[EU-L-015] EU Common Agricultural Policy (CAP) — Strategic Plans Regulation (EU 2021/2115)
LEG-019,Environmental Assessment of Plans and Programmes Regulations 2004,Legislation,Secondary Legislation,Nature & Biodiversity | Land Use & Agriculture,European Communities Act 1972 (now European Union (Withdrawal) Act 2018): regulations originally made to implement EU Strategic Environmental Assessment (SEA) Directive 2001/42/EC. Post-Brexit authority preserved as retained EU-derived law; obligations on Ministers and public bodies to assess plans and programmes.,,2004,UK,Implements retained EU Strategic Environmental Assessment (SEA) Directive. Requires environmental assessment of certain plans/programmes that may have significant effects on the environment.,[ORG-001] Defra,In force,May 2026,https://www.legislation.gov.uk/uksi/2004/1633/contents,,
LEG-020,Infrastructure Act 2015 (s.26 – carbon lock-in),Legislation,Primary Legislation,Climate | Energy | Transport,Primary Act of Parliament — self-authorising. Section 26 establishes the Oil and Gas Authority (now North Sea Transition Authority); interacts with net-zero via Carbon Budget obligations.,[LEG-020],2015,UK,Includes provisions on maximising economic recovery of oil and gas. Amended by energy transition commitments; interacts with net-zero targets.,[ORG-002] DESNZ & [ORG-032] HMT,In force,May 2026,https://www.legislation.gov.uk/ukpga/2015/7/contents,,
LEG-021,Climate and Nature Bill (PMB),Legislation,Bill (pre-legislative),Climate | Nature & Biodiversity,Private Member's Bill — no statutory basis yet. If enacted would derive authority as primary legislation. Proposed to confer powers on SoS to make strategy and on CCC and JNCC to report on delivery.,[LEG-021],2024–26,UK,"Private Member's Bill (Roz Savage, Lib Dem). Would require UK to achieve integrated climate and nature targets aligned with Paris Agreement and UNCBD GBF. Would create Climate and Nature Assembly. Assign duties to CCC and JNCC. 2nd reading adjourned Jan 2025; resumed debate due May 2026. Government agreed to deliver bill's 'spirit and substance' through other means.",N/A (PMB),Adjourned 2nd reading,May 2026,https://bills.parliament.uk/bills/3776,,
LEG-022,Marine Strategy Regulations 2010 (as amended),Legislation,Secondary Legislation,Marine & Fisheries,"European Communities Act 1972 (now retained EU law via European Union (Withdrawal) Act 2018, s.2): originally made to implement the EU Marine Strategy Framework Directive (2008/56/EC). Retained and amended post-Brexit. Statutory authority now preserved as assimilated EU-derived law.",,2010 (amended 2018),England | Wales | Scotland | Northern Ireland,"Imposes a statutory duty on UK and devolved governments to develop and implement a UK Marine Strategy aimed at achieving Good Environmental Status (GES) in UK seas by 2020 (now rolling 6-year cycles). Covers 11 descriptors including biodiversity, food webs, seafloor integrity, contaminants, and marine litter. Requires assessment, objective-setting, monitoring programmes and programmes of measures. Underpins the UK Marine Strategy (UKMS) published under these Regulations.",[ORG-001] Defra,In force (as amended; 6-year cycle; 2025 programme of measures published),May 2026,https://www.legislation.gov.uk/uksi/2010/1627/contents,,[INT-L-013] OSPAR Convention for the Protection of the Marine Environment of the North-East Atlantic; [INT-L-017] Helsinki Convention (HELCOM) — Baltic Marine Environment Protection Convention; [INT-O-008] OSPAR Commission; [INT-O-009] International Council for the Exploration of the Sea; [INT-P-012] OSPAR North-East Atlantic Environment Strategy 2030 (NEAES 2030); [EU-L-004] EU Marine Strategy Framework Directive (Directive 2008/56/EC — MSFD); [EU-L-018] EU Single-Use Plastics Directive (Directive EU 2019/904)
LEG-023,Water Act 2014,Legislation,Primary Legislation,Water,Primary Act of Parliament — self-authorising.,[LEG-023],2014,England | Wales,Amends water company licensing; introduces resilience duties; reforms abstraction licensing; enables Ofwat to set outcome-based price controls (PR19 onwards).,[ORG-001] Defra & [ORG-011] Ofwat,In force,May 2026,https://www.legislation.gov.uk/ukpga/2014/21/contents,[LEG-060],
LEG-024,Environment Act 1995,Legislation,Primary Legislation,Nature & Biodiversity | Water,Primary Act of Parliament — self-authorising.,[LEG-024],1995,UK,"Established the Environment Agency (England & Wales) and SEPA. Sets duties for integrated pollution control, waste regulation, and flood risk management.",[ORG-001] Defra,In force,May 2026,https://www.legislation.gov.uk/ukpga/1995/25/contents,,
LEG-025,Water Resources Act 1991,Legislation,Primary Legislation,Water,Primary Act of Parliament — self-authorising.,[LEG-025],1991,England | Wales,"Grants EA powers over water abstraction licensing, flood risk, and water quality. Defines controlled waters and regulates discharge consents.",[ORG-001] Defra,In force (as amended),May 2026,https://www.legislation.gov.uk/ukpga/1991/57/contents,[LEG-060]; [LEG-065],[EU-L-016] EU Groundwater Directive (Directive 2006/118/EC)
LEG-026,Environmental Permitting (England and Wales) Regulations 2016,Legislation,Secondary Legislation,Nature & Biodiversity | Water | Climate,Made under Environment Act 1995 and various enabling Acts; SI 2016/1154.,[LEG-026],2016,England | Wales,"Consolidated permitting regime for installations, waste operations, water discharge, flood risk activities, and radioactive substances. Administered by the EA.",[ORG-001] Defra,In force (as amended),May 2026,https://www.legislation.gov.uk/uksi/2016/1154/contents,,[EU-L-016] EU Groundwater Directive (Directive 2006/118/EC)
LEG-027,Forestry Act 1967,Legislation,Primary Legislation,Nature & Biodiversity | Land Use & Agriculture,Primary Act of Parliament — self-authorising.,[LEG-027],1967,GB,"Established the Forestry Commission and its functions. Provides statutory basis for felling licences, restocking conditions, and forestry dedication agreements.",[ORG-001] Defra (England); Scottish Forestry; NRW,In force (as amended),May 2026,https://www.legislation.gov.uk/ukpga/1967/10/contents,,
LEG-028,Gas Act 1986,Legislation,Primary Legislation,Energy,Primary Act of Parliament — self-authorising.,[LEG-028],1986,GB,"Liberalised the UK gas market. Grants Ofgem (through the Gas and Electricity Markets Authority) powers to licence gas transporters, suppliers, and interconnectors.",[ORG-002] DESNZ,In force (as amended),May 2026,https://www.legislation.gov.uk/ukpga/1986/44/contents,,
LEG-029,Utilities Act 2000,Legislation,Primary Legislation,Energy,Primary Act of Parliament — self-authorising.,[LEG-029],2000,GB,Created Ofgem and the Gas and Electricity Markets Authority. Introduced social and environmental obligations on energy suppliers. Amended the Gas Act 1986 and Electricity Act 1989.,[ORG-002] DESNZ,In force (as amended),May 2026,https://www.legislation.gov.uk/ukpga/2000/27/contents,,
LEG-030,Greenhouse Gas Emissions Trading Scheme Order 2020 (SI 2020/1265),Legislation,Secondary Legislation,Climate,Made under the Finance Act 2020 and European Union (Withdrawal) Act 2018; SI 2020/1265.,[LEG-030],2020,UK,"Established the UK Emissions Trading Scheme (UK ETS) post-Brexit. Sets a cap on GHG emissions from covered sectors (power, industry, aviation). Expanded by Energy Act 2023.",[ORG-002] DESNZ & [ORG-032] HMT,In force (as amended),May 2026,https://www.legislation.gov.uk/uksi/2020/1265/contents,,"[EU-L-014] EU Emissions Trading System (Directive 2003/87/EC, as amended by Directive EU 2023/959)"
LEG-031,Finance Act 2020,Legislation,Primary Legislation,Climate | Energy | Finance,Primary Act of Parliament — self-authorising.,[LEG-031],2020,UK,Schedule 7 provides penalty and enforcement powers underpinning the UK ETS. Also covers taxation provisions relevant to energy and carbon pricing.,[ORG-032] HMT,In force,May 2026,https://www.legislation.gov.uk/ukpga/2020/14/contents,,
LEG-032,Nature Conservation (Scotland) Act 2004,Legislation,Primary Legislation,Nature & Biodiversity,Primary Act of the Scottish Parliament — self-authorising.,[LEG-032],2004,Scotland,Strengthened SSSI protection in Scotland. Placed a biodiversity duty on Scottish public bodies. Established the Scottish Biodiversity Strategy and NatureScot advisory role.,[ORG-034] Scottish Government (NatureScot),In force,May 2026,https://www.legislation.gov.uk/asp/2004/6/contents,[LEG-005]; [LEG-006],
LEG-033,Wildlife and Natural Environment (Scotland) Act 2011,Legislation,Primary Legislation,Nature & Biodiversity,Primary Act of the Scottish Parliament — self-authorising.,[LEG-033],2011,Scotland,Amended wildlife crime provisions; updated deer management; reformed invasive species controls; strengthened protection for Schedule 1 species in Scotland.,[ORG-034] Scottish Government (NatureScot),In force,May 2026,https://www.legislation.gov.uk/asp/2011/6/contents,[LEG-005],
LEG-034,UK Withdrawal from the European Union (Continuity) (Scotland) Act 2021,Legislation,Primary Legislation,Nature & Biodiversity,Primary Act of the Scottish Parliament (2021 asp 4) — self-authorising.,[LEG-034],2021,Scotland,Part 2 Chapter 1 imposes a duty on Scottish Ministers and other authorities to have due regard to the guiding environmental principles; Part 2 Chapter 2 (s.19) establishes Environmental Standards Scotland [ORG-045] to scrutinise compliance with and the effectiveness of environmental law. Part 1 gives Ministers powers to keep Scots law aligned with EU law. Repurposed in v27 from a non-existent 'Environment (Scotland) Act 2023' record whose provisions described this Act; ID kept so inbound references stay intact.,[ORG-034] Scottish Government (NatureScot),In force,May 2026,https://www.legislation.gov.uk/asp/2021/4/contents,[LEG-004],
LEG-035,Environment (Wales) Act 2016,Legislation,Primary Legislation,Nature & Biodiversity,Primary Act of the Senedd Cymru — self-authorising.,[LEG-035],2016,Wales,Sets a statutory biodiversity and resilience of ecosystems duty on Welsh public authorities. Requires NRW to publish State of Natural Resources Reports (SoNaRR) and area statements.,[ORG-035] Welsh Government (NRW),In force,May 2026,https://www.legislation.gov.uk/anaw/2016/3/contents,[LEG-004]; [LEG-001],
LEG-036,Well-being of Future Generations (Wales) Act 2015,Legislation,Primary Legislation,Climate | Nature & Biodiversity,Primary Act of the Senedd Cymru — self-authorising.,[LEG-036],2015,Wales,Requires Welsh public bodies to consider seven long-term well-being goals including climate resilience and biodiversity. Established the Future Generations Commissioner for Wales.,[ORG-035] Welsh Government,In force,May 2026,https://www.legislation.gov.uk/anaw/2015/2/contents <https://www.legislation.gov.uk/asp/2023/4/contents>,,
LEG-037,Natural Resources Body for Wales (Establishment) Order 2012,Legislation,Secondary Legislation,Nature & Biodiversity | Water | Marine & Fisheries,Made under the Public Bodies Act 2011.,[LEG-037],2012,Wales,"Established Natural Resources Wales by merging Countryside Council for Wales, Environment Agency Wales, and Forestry Commission Wales.",[ORG-035] Welsh Government,In force,May 2026,https://www.legislation.gov.uk/wsi/2012/1903/contents,,
LEG-038,Environment (Northern Ireland) Order 2002,Legislation,Primary Legislation,Nature & Biodiversity | Water,Order in Council — primary legislation equivalent; self-authorising.,[LEG-038],2002,Northern Ireland,"Primary environmental framework for Northern Ireland. Grants NIEA powers over pollution control, waste regulation, and nature conservation in NI.",[ORG-036] Northern Ireland Executive (DAERA),In force (as amended),May 2026,https://www.legislation.gov.uk/nisi/2002/3153/contents,[LEG-004],
LEG-039,Wildlife (Northern Ireland) Order 1985,Legislation,Primary Legislation,Nature & Biodiversity,Order in Council — primary legislation equivalent; self-authorising.,[LEG-039],1985,Northern Ireland,"Provides protection for wild birds, animals, and plants in Northern Ireland. Equivalent to the Wildlife and Countryside Act 1981 for the NI jurisdiction.",[ORG-036] Northern Ireland Executive (DAERA),In force (as amended),May 2026,https://www.legislation.gov.uk/nisi/1985/171/contents,[LEG-005],
LEG-040,Clean Air (Northern Ireland) Order 1981,Legislation,Primary Legislation,Climate,"Northern Ireland Order in Council (SI 1981/158 (N.I. 4)), made under the Northern Ireland Act 1974 — primary legislation for Northern Ireland, self-authorising.",[LEG-040],1981,Northern Ireland,"Northern Ireland's clean air law: prohibits dark smoke from chimneys and industrial premises; requires smokeless furnaces and grit and dust arrestment; controls chimney heights; provides for smoke control areas and smoke nuisance abatement, enforced by district councils. Carries transitional provisions and repeals relating to the Clean Air Act (Northern Ireland) 1964, which it replaced. NI counterpart of [LEG-062] Clean Air Act 1993. Repurposed in v28: the record previously named the 1964 Act but its Link opened the Petroleum (Production) Act (Northern Ireland) 1964.",[ORG-036] Northern Ireland Executive (DAERA),In force,October 2026,https://www.legislation.gov.uk/nisi/1981/158/contents,[LEG-062],
LEG-041,National Heritage Act 1983,Legislation,Primary Legislation,Nature & Biodiversity,Primary Act of Parliament — self-authorising.,[LEG-041],1983,UK,"Established the Royal Botanic Gardens, Kew as an Executive NDPB with exempt charitable status. Also covers the National Heritage Memorial Fund and other heritage bodies.",DCMS / Defra,In force,May 2026,https://www.legislation.gov.uk/ukpga/1983/47/contents,,
LEG-042,Animal Health Act 1981,Legislation,Primary Legislation,Land Use & Agriculture | Biosecurity,Primary Act of Parliament — self-authorising.,[LEG-042],1981,UK,"Provides powers for controlling animal disease outbreaks including slaughter, movement controls, and vaccination. Primary enabling Act for APHA's animal health functions.",[ORG-001] Defra,In force (as amended),May 2026,https://www.legislation.gov.uk/ukpga/1981/22/contents,,[INT-O-029] World Organisation for Animal Health (formerly OIE)
LEG-043,Plant Health Act 1967,Legislation,Primary Legislation,Land Use & Agriculture | Biosecurity,Primary Act of Parliament — self-authorising.,[LEG-043],1967,UK,"Enables controls on import, movement, and destruction of plants to prevent pest and disease spread. Primary enabling Act for Plant Health Orders (England, Scotland, Wales).",[ORG-001] Defra,In force (as amended),May 2026,https://www.legislation.gov.uk/ukpga/1967/8/contents,,[INT-L-023] International Plant Protection Convention
LEG-044,Plant Health (England) Order 2015 (SI 2015/610),Legislation,Secondary Legislation,Land Use & Agriculture | Biosecurity,Made under the Plant Health Act 1967; SI 2015/610.,[LEG-044],2015,England,"Implements plant health requirements in England. Controls import, movement, and inspection of regulated plants and plant products. Delivered through APHA.",[ORG-001] Defra (APHA),In force (as amended),May 2026,https://www.legislation.gov.uk/uksi/2015/610/contents,,[INT-L-023] International Plant Protection Convention
LEG-045,Plant Health (Scotland) Order 2005,Legislation,Secondary Legislation,Land Use & Agriculture | Biosecurity,Made under the Plant Health Act 1967.,[LEG-045],2005,Scotland,Scottish equivalent of the Plant Health (England) Order. Controls plant pest and disease movement in Scotland. Delivered through Scottish Forestry and APHA.,[ORG-034] Scottish Government / Defra (APHA),In force (as amended),May 2026,https://www.legislation.gov.uk/ssi/2005/613/contents,,
LEG-046,Aquatic Animal Health (England and Wales) Regulations 2009,Legislation,Secondary Legislation,Land Use & Agriculture | Biosecurity,Made under the European Communities Act 1972 (retained); SI 2009/463.,[LEG-046],2009,England | Wales,"Implements controls on aquatic animal diseases in fish, molluscs, and crustaceans. Cefas is the competent authority for disease surveillance and movement controls.",[ORG-001] Defra (Cefas),In force (retained and amended),May 2026,https://www.legislation.gov.uk/uksi/2009/463/contents,,[INT-O-029] World Organisation for Animal Health (formerly OIE)
LEG-047,Water Framework Directive (retained UK law),Legislation,Retained EU Law,Water,Retained from EU Directive 2000/60/EC under the European Union (Withdrawal) Act 2018.,[LEG-047],2000,England | Wales | Scotland | Northern Ireland,"Requires good ecological and chemical status for all water bodies. Sets river basin management planning cycles. Administered by EA, SEPA, NRW, and NIEA.",[ORG-001] Defra / EA,In force (retained),October 2026,https://www.legislation.gov.uk/eudr/2000/60/contents,,[EU-L-003] EU Water Framework Directive (Directive 2000/60/EC); [EU-L-011] EU Nitrates Directive (Council Directive 91/676/EEC); [EU-L-012] EU Floods Directive (Directive 2007/60/EC); [EU-L-016] EU Groundwater Directive (Directive 2006/118/EC)
LEG-048,Meteorological Office Trading Fund Order 1996 (SI 1996/774),Legislation,Secondary Legislation,Climate,Made under the Government Trading Funds Act 1973; SI 1996/774.,[LEG-048],1996,UK,"Established the Met Office as a trading fund, enabling it to operate on a commercial basis as an executive agency of DESNZ.",[ORG-002] DESNZ,In force,May 2026,https://www.legislation.gov.uk/uksi/1996/774/contents,,
LEG-049,Government Trading Funds Act 1973,Legislation,Primary Legislation,Climate,Primary Act of Parliament — self-authorising.,[LEG-049],1973,UK,Enables government departments and agencies to operate as ring-fenced trading funds. Statutory basis for the Meteorological Office Trading Fund Order 1996.,[ORG-032] HMT,In force (as amended),May 2026,https://www.legislation.gov.uk/ukpga/1973/63/contents,,
LEG-050,Energy Act 2010,Legislation,Primary Legislation,Energy,Primary Act of Parliament — self-authorising.,[LEG-050],2010,UK,"Provides powers for the Boiler Upgrade Scheme (Clean Heat Grant). Includes provisions on energy efficiency obligations, fuel poverty reporting, and mandatory carbon reporting.",[ORG-002] DESNZ,In force (as amended),May 2026,https://www.legislation.gov.uk/ukpga/2010/27/contents,,
LEG-051,Energy Act 2013,Legislation,Primary Legislation,Energy,Primary Act of Parliament — self-authorising.,[LEG-051],2013,UK,Established Contracts for Difference (CfD) as the primary low-carbon electricity support mechanism. Created the Capacity Market. Established the Office for Nuclear Regulation.,[ORG-002] DESNZ,In force (as amended),May 2026,https://www.legislation.gov.uk/ukpga/2013/32/contents,,
LEG-052,Fisheries Act 2020,Legislation,Primary Legislation,Nature & Biodiversity,Primary Act of Parliament — self-authorising.,[LEG-052],2020,UK,"Post-Brexit fisheries management framework. Sets objectives including sustainability, equal access, and national benefit. Replaced the Common Fisheries Policy for UK waters.",[ORG-001] Defra,In force,May 2026,https://www.legislation.gov.uk/ukpga/2020/22/contents,,
LEG-053,Town and Country Planning Act 1990,Legislation,Primary Legislation,Nature & Biodiversity | Urban & Buildings | Land Use & Agriculture,Primary Act of Parliament — self-authorising.,[LEG-053],1990,England | Wales,"Principal planning statute. Governs development control, planning permissions, and planning obligations (s.106). Statutory basis for nutrient neutrality planning conditions.",[ORG-021] MHCLG,In force (as amended),May 2026,https://www.legislation.gov.uk/ukpga/1990/8/contents,[LEG-054]; [LEG-055]; [LEG-057],
LEG-054,Planning Act 2008,Legislation,Primary Legislation,Energy | Climate | Nature & Biodiversity | Urban & Buildings | Land Use & Agriculture,Establishes the Nationally Significant Infrastructure Project (NSIP) consenting regime and the National Policy Statements (NPS) that set policy for development consent.,[LEG-054],2008,England | Wales,"Creates the development consent order (DCO) regime for nationally significant infrastructure (energy generation incl. offshore wind, grid, transport, water). Requires designation of National Policy Statements (e.g. EN-1 overarching energy NPS, updated 2024) against which applications are examined. Primary consenting route at the energy-nature interface; interacts with Habitats Regulations assessment and (in future) Environmental Outcomes Reports.",[ORG-021] MHCLG,In force (as amended),June 2026,https://www.legislation.gov.uk/ukpga/2008/29/contents,[LEG-053]; [LEG-055],
LEG-055,Levelling-up and Regeneration Act 2023,Legislation,Primary Legislation,"Nature & Biodiversity | Land Use & Agriculture | Governance, Society & Data","Part 6 confers powers to set environmental outcomes and require Environmental Outcomes Reports (EORs); also provides for nutrient pollution standards and provisions on National Parks, National Landscapes (AONBs) and the Broads.",[LEG-055],2023,England | Wales,"Part 6 introduces Environmental Outcomes Reports (EORs) to replace the EU-derived EIA and SEA regimes; EORs must have regard to the Environmental Improvement Plan (England) / national natural resources policy (Wales). Government roadmap (2026) aims to bring EORs forward by end of 2027. Also reforms plan-making, introduces National Development Management Policies, and addresses nutrient neutrality.",[ORG-021] MHCLG,In force (phased),June 2026,https://www.legislation.gov.uk/ukpga/2023/55/contents,[LEG-019]; [LEG-053]; [LEG-057]; [LEG-054],
LEG-056,Retained EU Law (Revocation and Reform) Act 2023,Legislation,Primary Legislation,"Nature & Biodiversity | Governance, Society & Data","Provides for the revocation, restatement, replacement and amendment of retained / assimilated EU law and removes EU supremacy and general principles from domestic law.",[LEG-056],2023,UK,"Sits upstream of much UK environmental law of EU origin (Habitats and Species Regulations, Water Framework Directive provisions, environmental assessment). Renamed retained EU law as assimilated law from end-2023 and removed EU interpretive principles, with powers to amend or replace via secondary legislation. Material to the durability and interpretation of several records in this sheet.",[ORG-001] Defra,In force,June 2026,https://www.legislation.gov.uk/ukpga/2023/28/contents,[LEG-007]; [LEG-047],
LEG-057,Town and Country Planning (Environmental Impact Assessment) Regulations 2017 (SI 2017/571),Legislation,Secondary Legislation,Nature & Biodiversity | Urban & Buildings | Land Use & Agriculture,Made under the Town and Country Planning Act 1990 (and formerly the European Communities Act 1972); transposes project-level environmental impact assessment for town-and-country planning consents.,[LEG-053]; [LEG-057],2017,England,"Requires environmental impact assessment of specified development likely to have significant environmental effects, including effects on biodiversity, land, soil, water, air and climate. Project-level counterpart to the plan/programme SEA regime [LEG-019]; to be replaced by Environmental Outcomes Reports under [LEG-055].",[ORG-021] MHCLG,In force (as amended),June 2026,https://www.legislation.gov.uk/uksi/2017/571/contents,[LEG-019]; [LEG-053]; [LEG-055],
LEG-058,Climate Change (Scotland) Act 2009,Legislation,Primary Legislation,Climate,Devolved Scottish climate framework legislation setting emissions reduction targets and a duty to publish climate change plans.,,2009,Scotland,"Sets a net-zero greenhouse gas emissions target for Scotland by 2045 (as amended 2019), with interim targets, and requires Scottish climate change plans. The Scottish devolved counterpart to the UK Climate Change Act 2008; the Climate Change Committee advises Scottish Ministers.",[ORG-034] Scottish Government,In force (as amended),June 2026,https://www.legislation.gov.uk/asp/2009/12/contents,[LEG-001],
LEG-059,Climate Change Act (Northern Ireland) 2022,Legislation,Primary Legislation,Climate,"Devolved Northern Ireland climate framework legislation setting emissions targets, carbon budgets and oversight bodies.",,2022,Northern Ireland,"Sets a net-zero greenhouse gas emissions target for Northern Ireland by 2050 with at least a 48% reduction by 2030, a carbon-budgeting framework (first budgets 2023-27, 2028-32, 2033-37), sectoral plans and Climate Action Plans, and establishes the Northern Ireland Climate Commissioner and a Just Transition Commission. NI devolved counterpart to the UK Climate Change Act 2008; CCC advises.",[ORG-036] Northern Ireland Executive (DAERA),In force (phased commencement),June 2026,https://www.legislation.gov.uk/nia/2022/31/contents,[LEG-001],
LEG-060,Flood and Water Management Act 2010,Legislation,Primary Legislation,Water | Climate | Land Use & Agriculture,Confers flood and coastal erosion risk management duties and powers; provides for the national FCERM strategy and lead local flood authorities.,[LEG-060],2010,England | Wales,Establishes the Environment Agency strategic overview of flood and coastal erosion risk management and the duty to produce a national FCERM strategy; creates lead local flood authorities for local flood risk; provides for sustainable drainage (SuDS). Central statutory basis for climate adaptation and catchment-scale nature-based flood management. [Themes: nature-based solutions; natural capital; ecosystem services],[ORG-001] Defra,In force (as amended),June 2026,https://www.legislation.gov.uk/ukpga/2010/29/contents,[LEG-023]; [LEG-025]; [LEG-065],
LEG-061,National Parks and Access to the Countryside Act 1949,Legislation,Primary Legislation,Nature & Biodiversity | Land Use & Agriculture,"Foundational protected-areas legislation creating National Parks, National Landscapes (formerly AONBs), National Nature Reserves and the basis for Sites of Special Scientific Interest.",[LEG-061],1949,England | Wales,"Establishes National Parks and the designation of Areas of Outstanding Natural Beauty (now National Landscapes), National Nature Reserves, and (with the Wildlife and Countryside Act 1981) the SSSI series. Foundational to the protected-area network underpinning 30x30 commitments and ecosystem conservation. [Themes: nature-based solutions; natural capital; ecosystem services]",[ORG-001] Defra,In force (as amended),June 2026,https://www.legislation.gov.uk/ukpga/Geo6/12-13-14/97/contents,[LEG-005]; [LEG-017],
LEG-062,Clean Air Act 1993,Legislation,Primary Legislation,Pollution & Waste | Climate,"Consolidating clean-air legislation controlling smoke, grit, dust and fumes and providing for smoke control areas.",[LEG-062],1993,GB,"Controls emissions of smoke, grit and dust and provides for smoke control areas. Relevant to nature via nitrogen and ammonia deposition on designated habitats and to the air-quality dimension of climate policy. GB counterpart to the Clean Air Act (Northern Ireland) 1964.",[ORG-001] Defra,In force (as amended),June 2026,https://www.legislation.gov.uk/ukpga/1993/11/contents,[LEG-040]; [LEG-024],
LEG-063,United Kingdom Internal Market Act 2020,Legislation,Primary Legislation,"Finance | Governance, Society & Data | Nature & Biodiversity",Establishes market-access principles (mutual recognition and non-discrimination) for goods and services across the four UK nations after EU exit.,[LEG-063],2020,UK,"Sets mutual-recognition and non-discrimination principles for the UK internal market, constraining how far devolved environmental and product standards can diverge in practice. Governance-level context for divergence in climate and nature regulation across England, Scotland, Wales and Northern Ireland.",[ORG-001] Defra,In force (as amended),June 2026,https://www.legislation.gov.uk/ukpga/2020/27/contents,,
LEG-064,Energy Act 2008,Legislation,Primary Legislation,Energy | Climate,"Provides for offshore gas and carbon dioxide storage licensing, feed-in tariffs and renewable/low-carbon electricity support.",[LEG-064],2008,UK,"Created powers for feed-in tariffs and the renewable heat incentive framework, and the licensing regime for offshore carbon dioxide and gas storage (relevant to CCUS). Earliest of the modern Energy Acts (preceding the 2010, 2013 and 2023 Acts already in this sheet).",[ORG-002] DESNZ,In force (as amended),June 2026,https://www.legislation.gov.uk/ukpga/2008/32/contents,[LEG-050]; [LEG-051]; [LEG-014],
LEG-065,Land Drainage Act 1991,Legislation,Primary Legislation,Water | Land Use & Agriculture,Consolidating legislation governing internal drainage boards and land drainage functions.,[LEG-065],1991,England | Wales,"Sets the functions of internal drainage boards and local authorities for land drainage and ordinary watercourses. Relevant to catchment water management, lowland peat and wetland hydrology, and works alongside the Flood and Water Management Act 2010 and Water Resources Act 1991.",[ORG-001] Defra,In force (as amended),June 2026,https://www.legislation.gov.uk/ukpga/1991/59/contents,[LEG-025]; [LEG-060],
LEG-066,Agriculture (Wales) Act 2023,Legislation,Primary Legislation,Land Use & Agriculture | Nature & Biodiversity | Climate,Primary Act of Senedd Cymru — self-authorising. Establishes Sustainable Land Management (SLM) as the legislative framework for Welsh agricultural policy and the power to provide support (basis for the Sustainable Farming Scheme). Replaces the time-limited Welsh powers in Schedule 5 of the Agriculture Act 2020.,[LEG-066],2023,Wales,Establishes Sustainable Land Management as the statutory framework for Welsh agriculture and the powers to fund the Sustainable Farming Scheme [POL-056]; allows continued support payments during transition. Amends the Forestry Act 1967 (felling-licence conditions for NRW) and the Agricultural Holdings Act 1986 (tenant dispute resolution). Bans the use of snares and glue traps — a UK first.,[ORG-035] Welsh Government (NRW),In force (phased commencement),June 2026,https://www.legislation.gov.uk/asc/2023/4/contents,[LEG-018],
LEG-067,Agriculture and Rural Communities (Scotland) Act 2024,Legislation,Primary Legislation,Land Use & Agriculture | Nature & Biodiversity | Climate,Primary Act of the Scottish Parliament — self-authorising. Framework Act conferring powers on Scottish Ministers to provide agricultural and rural support (basis for the Agricultural Reform Programme). Royal Assent 30 July 2024; key support powers commenced 16 June 2025 (S.S.I. 2025/167).,[LEG-067],2024,Scotland,"Framework enabling Scotland’s future agricultural support replacing CAP-era payments (the Agricultural Reform Programme, [POL-057]). Requires a Rural Support Plan; objectives include climate-change adaptation and mitigation, nature restoration, food production and resilient rural communities, with regard to the Climate Change (Scotland) Act 2009 climate change plan and the Good Food Nation (Scotland) Act 2022. Provides powers for support, conditionality and continuation of CAP-era schemes during transition.",[ORG-034] Scottish Government (NatureScot),In force (key provisions commenced 16 Jun 2025; phased),June 2026,https://www.legislation.gov.uk/asp/2024/11/contents,[LEG-018],
LEG-068,Natural Environment (Scotland) Act 2026,Legislation,Primary Legislation,Nature & Biodiversity | Land Use & Agriculture | Marine & Fisheries,Primary Act of the Scottish Parliament (2026 asp 6) — self-authorising.,[LEG-068],2026,Scotland,"Part 1 requires Scottish Ministers to set statutory targets for improving biodiversity (habitat condition, species status and environmental conditions) with accompanying monitoring and compliance reporting; Environmental Standards Scotland [ORG-045] has an independent assurance role. Part 2 amends National Park aims, adds national park policy statements, a duty on public bodies to facilitate implementation of park plans, and fixed-penalty byelaw enforcement. Part 3 reforms deer management (revised aims, code of practice, management plans and control schemes, NatureScot investigatory powers). Part 4 covers swift nest boxes in new buildings, climate adaptation for marine protected areas, salmon and freshwater fishing offences, gull reporting, wildlife licensing, wildfire, forestry and muirburn licensing. The biodiversity targets and their indicators are not yet set; when published they are IFW and IND candidates.",[ORG-034] Scottish Government (NatureScot),"Royal Assent 12 Mar 2026 (commencement phased, incl. SSI 2026/275)",October 2026,https://www.legislation.gov.uk/asp/2026/6/contents,,
LEG-069,"Environment (Principles, Governance and Biodiversity Targets) (Wales) Act 2026",Legislation,Primary Legislation,"Nature & Biodiversity | Governance, Society & Data",Act of Senedd Cymru (2026 asc 4) — self-authorising.,[LEG-069],2026,Wales,"Part 1 sets an environmental objective and environmental principles that Welsh Ministers, Natural Resources Wales [ORG-015] and other public authorities must apply, with integration statements. Part 2 establishes the Office of Environmental Governance Wales [ORG-046] (strategy, monitoring of environmental law, advice, information notices, investigations, compliance notices, improvement reports). Part 3 amends the Environment (Wales) Act 2016 [LEG-035] to create a framework of statutory biodiversity targets aimed at halting and reversing biodiversity decline, with progress reporting. Targets not yet set.",[ORG-035] Welsh Government,In force (phased commencement: most of Parts 1–3 from 27 Jun 2026; ss.3–5 from 31 Mar 2027; remainder by order),October 2026,https://www.legislation.gov.uk/asc/2026/4/contents,[LEG-035],
LEG-070,Building Act 1984,Legislation,Primary Legislation,Urban & Buildings,Primary Act of Parliament (1984 c. 55) — self-authorising.,[LEG-070],1984,England | Wales,"Section 1 and Schedule 1 empower the making of building regulations (the Building Regulations 2010 and their Parts, including Part O overheating [POL-074] and Part L energy efficiency). Extensively amended, including by the Building Safety Act 2022 (higher-risk buildings, Building Safety Regulator). Held as the enabling legislation for building-standard policy records.",[ORG-021] MHCLG,In force (as amended),October 2026,https://www.legislation.gov.uk/ukpga/1984/55/contents,,
LEG-071,The Northern Ireland Climate Commissioner Regulations (Northern Ireland) 2025 (SR 2025 No. 78),Legislation,Secondary Legislation,"Climate | Governance, Society & Data",Made under section 50 of the Climate Change Act (Northern Ireland) 2022 [LEG-059].,[LEG-059],2025,Northern Ireland,"Establishes the office of the Northern Ireland Climate Commissioner [ORG-031] and sets its functions and general powers, appointment and tenure, staffing, finance, accounts and annual reporting.",[ORG-036] Northern Ireland Executive (The Executive Office),In force (made 8 Apr 2025; in operation 9 Apr 2025),October 2026,https://www.legislation.gov.uk/nisr/2025/78/contents/made,[LEG-059],
