Record_ID,Name,Acronym,Record_Type,General_Type,Policy_Sector,Year_Status,Statutory_Status,Enabling_Legislation,Related_Policy_Links,Parent_Programme,Funded_By,Lead_Organisation,Scope_And_Commitments,Extent,Date_Last_Updated,Link,Indicator_Frameworks,Intl_Links
POL-001,Environmental Improvement Plan (EIP) 2025,EIP 2025,Policy_Activity,Plan,Nature & Biodiversity | Water | Land Use & Agriculture,Dec 2025,Statutory,[LEG-004],,,,[ORG-001] Defra,"Overarching statutory plan for improving England's natural environment. Sets out approach to meeting all Environment Act 2021 targets (species abundance, habitat, water, air, waste, soil). Updated Dec 2025. Covers 10 goals. Includes interim targets and monitoring through Environmental Indicator Framework (EIF). Applies across government with departments sharing delivery responsibility.

[VERSION HISTORY] EIP 2025 (Dec 2025) is the second statutory plan under Environment Act 2021 s.9 (replacing EIP 2023, Jan 2023). Sets out approach to meeting all Environment Act 2021 targets across 10 goals. 66 EIF indicators monitor progress. EIP must be reviewed at least every 5 years. Applies across government. Previous version: EIP 2023 published January 2023. [Themes: nature-based solutions; natural capital; ecosystem services]",England,May 2026,https://www.gov.uk/government/publications/environmental-improvement-plan,[IFW-01],"[INT-L-009] Ramsar Convention on Wetlands; [INT-L-020] UNCCD Land Degradation Neutrality (LDN) Framework and Voluntary Targets; [INT-P-001] UN Sustainable Development Goals (SDGs) — 2030 Agenda; [INT-P-011] UN Decade on Ecosystem Restoration (2021–2030); [INT-P-015] European Green Deal — Biodiversity Strategy 2030 and Farm to Fork Strategy; [EU-L-003] EU Water Framework Directive (Directive 2000/60/EC); [EU-L-006] EU Nature Restoration Law (Regulation EU 2024/1991); [EU-L-008] EU Regulation on Invasive Alien Species (Regulation EU 1143/2014); [EU-L-009] EU 8th Environment Action Programme (Decision EU 2022/591); [EU-L-010] EU National Emission Ceilings Directive (Directive EU 2016/2284 — NEC Directive); [EU-L-011] EU Nitrates Directive (Council Directive 91/676/EEC); [EU-L-012] EU Floods Directive (Directive 2007/60/EC); [EU-L-015] EU Common Agricultural Policy (CAP) — Strategic Plans Regulation (EU 2021/2115); [EU-L-017] EU Bathing Water Directive (Directive 2006/7/EC — revision of 76/160/EEC); [EU-L-022] EU Soil Monitoring Law (Soil Monitoring and Resilience Directive, Directive EU 2025/2360)"
POL-002,National Adaptation Programme (NAP3) 2023–2028,NAP3,Policy_Activity,Plan,"Climate | Nature & Biodiversity | Land Use & Agriculture | Governance, Society & Data",2023 (under review),Statutory,[LEG-001]; [LEG-002],,,,[ORG-001] Defra,"Government's statutory strategy for preparing England for climate change impacts. Covers 8 themes (land/nature, infrastructure, built environment/communities, health, international, business/finance, local government, cross-cutting). Contains actions from all departments. CCC assesses progress annually and published critical 2025 report. NAP4 will follow next CCRA4.

[VERSION HISTORY] NAP3 (2023–2028) is the third statutory plan under CCA 2008 s.58. Previous versions: NAP1 (2013–2018), NAP2 (2018–2023). CCC assessed progress on NAP2 (2023) as inadequate. NAP4 will follow CCRA4 (due 2026–27). Covers 8 themes: land/nature, infrastructure, built environment, health, international, business/finance, local government, cross-cutting. Actions from all departments. CCC assesses annually and published critical 2025 progress report.",UK | England,May 2026,https://www.gov.uk/government/publications/third-national-adaptation-programme-nap3,[IFW-02],
POL-003,UK National Biodiversity Strategy and Action Plan (NBSAP) 2025,NBSAP 2025,Policy_Activity,Plan,Nature & Biodiversity | Marine & Fisheries | Land Use & Agriculture,Feb 2025,Mixed,[LEG-004],,,,[ORG-001] Defra,"UK's plan to deliver commitments under the UN Global Biodiversity Framework (GBF) including 30×30 on land and sea, halting and reversing species decline. Covers all four nations. Blueprint for halting and reversing biodiversity loss by 2030. Co-produced by UK, Scottish, Welsh and NI governments.",UK,May 2026,https://www.gov.uk/government/publications/uk-national-biodiversity-strategy-and-action-plan,[IFW-03],[INT-L-004] UN Convention on Biological Diversity; [INT-L-006] Nagoya Protocol on Access and Benefit-Sharing; [INT-L-007] Kunming-Montreal Global Biodiversity Framework; [INT-O-016] World Wide Fund for Nature (International); [INT-O-018] Conservation International; [INT-O-021] GBF Monitoring Framework / GBF Indicators Portal; [INT-P-001] UN Sustainable Development Goals (SDGs) — 2030 Agenda; [INT-P-003] IPBES Global Assessment on Biodiversity and Ecosystem Services 2019; [INT-P-004] IPBES Invasive Alien Species Assessment 2023; [INT-P-005] IPBES-IPCC Workshop Report: Biodiversity and Climate Change (2021); [INT-P-006] GBF Monitoring Framework and Indicator Framework; [INT-P-009] High Ambition Coalition for Nature and People (HAC); [INT-P-013] WWF Living Planet Report (biennial); [INT-P-015] European Green Deal — Biodiversity Strategy 2030 and Farm to Fork Strategy; [INT-P-016] Global Biodiversity Finance Initiative (GBF Finance / Cali Fund); [INT-P-018] High Seas Alliance / 30×30 for the Ocean; [EU-L-001] EU Habitats Directive (Council Directive 92/43/EEC); [EU-L-006] EU Nature Restoration Law (Regulation EU 2024/1991)
POL-004,UK Net Zero Strategy / Carbon Budget Delivery Plan (CBDP) 2023,CBDP,Policy_Activity,Strategy / Framework,Climate | Energy | Land Use & Agriculture | Finance,2023 (delivery plan superseded October 2025),Mixed,[LEG-001]; [LEG-002],,,,[ORG-002] DESNZ,"Policy plan setting out government's approach to meeting CB4–CB6 carbon budgets and 2050 net-zero target. Covers 9 sectors: electricity, buildings, transport, industry, agriculture/land, aviation, shipping, waste/F-gases, fuel supply. Contains sectoral pathways, policies and targets including ZEV mandate, heat pump installation targets, offshore wind ambition. Subject to ongoing JR scrutiny.

[SUPERSEDED] The Carbon Budget Delivery Plan 2023 was superseded by the Carbon Budget and Growth Delivery Plan (CBGDP), published October 2025, which is now the Government plan for meeting the Fourth, Fifth and Sixth Carbon Budgets and the basis against which the CCC measures progress. The Net Zero Strategy 2021 element of this record is not itself superseded. A separate record for the CBGDP is queued.",UK,September 2026,https://www.gov.uk/government/publications/net-zero-strategy,[IFW-02],"[INT-L-003] Paris Agreement; [INT-P-010] Glasgow Leaders' Declaration on Forests and Land Use (COP26, 2021)"
POL-005,Clean Power 2030 Action Plan,CP2030,Policy_Activity,Plan,Climate | Energy | Land Use & Agriculture,Dec 2024,Non-statutory,[LEG-014],,,,[ORG-002] DESNZ & [ORG-010] NESO,"Government's plan to achieve clean power (>95% zero-carbon electricity) in Great Britain by 2030. Targets: 50 GW offshore wind, 27–29 GW onshore wind, 45–47 GW solar by 2030. Sets out planning reform, grid connections reform, accelerated consenting for renewable energy. Led jointly by DESNZ and NESO.",GB,May 2026,https://www.gov.uk/government/publications/clean-power-2030-action-plan,,[EU-L-019] EU Renewable Energy Directive III (Directive EU 2023/2413 — RED III recast)
POL-006,Industrial Decarbonisation Strategy 2021,IDS,Policy_Activity,Strategy / Framework,Climate | Energy,2021 (under review),Mixed,[LEG-001]; [LEG-002],,,,[ORG-002] DESNZ,"Strategy for decarbonising UK industry by ~71% by 2035. Covers CCUS deployment (HyNet, East Coast Cluster), hydrogen for industry, energy efficiency, fuel switching. Sets out cluster sequencing programme.",UK,May 2026,https://www.gov.uk/government/publications/industrial-decarbonisation-strategy,,
POL-007,Jet Zero Strategy 2022,Jet Zero,Policy_Activity,Strategy / Framework,Climate | Energy | Transport,2022,Mixed,[LEG-001]; [LEG-002],,,,[ORG-033] DfT,"UK's strategy for net-zero aviation by 2050. SAF mandate from 2025 (2% blend), rising to 10% by 2030. R&D for zero-emission flight. Demand management principles. Published by DfT.",UK,May 2026,https://www.gov.uk/government/publications/jet-zero-strategy-delivering-net-zero-aviation-by-2050,,
POL-008,UK Hydrogen Strategy 2021,UKH2,Policy_Activity,Strategy / Framework,Climate | Energy,2021 (updated),Mixed,[LEG-001]; [LEG-002]; [LEG-014],,,,[ORG-002] DESNZ,"Strategy to develop 10 GW of low-carbon hydrogen production by 2030. Covers electrolytic and CCUS-enabled hydrogen. Hydrogen business models, Net Zero Hydrogen Fund, village heating trials. Hydrogen levy (in Energy Act 2023).",UK,May 2026,https://www.gov.uk/government/publications/uk-hydrogen-strategy,,
POL-009,Land Use Framework (LUF) 2025,LUF,Policy_Activity,Strategy / Framework,Nature & Biodiversity | Energy | Land Use & Agriculture,Jan 2025 (consultation),Mixed,[LEG-004]; [LEG-018],,,,[ORG-001] Defra,"Sets principles for multifunctional land use in England — balancing food production, nature recovery, net-zero, housing. Five land use principles proposed in January 2025 consultation. Will align housing, infrastructure, energy and nature targets spatially. NISTA to coordinate cross-government spatial planning. [Themes: nature-based solutions; natural capital; ecosystem services]",England,May 2026,https://www.gov.uk/government/consultations/land-use-in-england-a-framework-for-the-future,,"[INT-L-008] UN Convention to Combat Desertification; [INT-L-020] UNCCD Land Degradation Neutrality (LDN) Framework and Voluntary Targets; [EU-L-007] EU LULUCF Regulation (Regulation EU 2018/841, amended by Regulation EU 2023/839)"
POL-010,England Peat Action Plan 2021,EPAP,Policy_Activity,Plan,Climate | Nature & Biodiversity | Land Use & Agriculture,2021,Mixed,[LEG-004],,,[POL-040] Nature for Climate Fund,[ORG-001] Defra,"Plan to restore and rewet damaged peatland. Target: 280,000 ha restored by 2050; >5,000 ha/year restored by 2025. Bans burning of peat on protected sites. Establishes Great British Peatland Programme. Supports carbon sequestration and biodiversity. [Themes: nature-based solutions; natural capital; ecosystem services] Delivery funded principally through the Nature for Climate Fund [POL-040].",England,May 2026,https://www.gov.uk/government/publications/england-peat-action-plan,,[INT-L-008] UN Convention to Combat Desertification; [INT-L-020] UNCCD Land Degradation Neutrality (LDN) Framework and Voluntary Targets; [INT-P-011] UN Decade on Ecosystem Restoration (2021–2030)
POL-011,England Trees Action Plan 2021–2024,ETAP,Policy_Activity,Plan,Land Use & Agriculture | Biosecurity,2021,Mixed,[LEG-004]; [LEG-018],,,[POL-040] Nature for Climate Fund,[ORG-001] Defra & [ORG-009] FC,"Plan to meet England's tree target (7,000 ha/year new woodland creation). England Woodland Creation Offer (EWCO), Urban Trees Challenge Fund, Local Authority Treescapes Fund. National Forest expansion. Tree Health Policy. [Themes: nature-based solutions; natural capital; ecosystem services]",England,May 2026,https://www.gov.uk/government/publications/england-trees-action-plan-2021-to-2024,,[INT-P-011] UN Decade on Ecosystem Restoration (2021–2030)
POL-012,Green Finance Strategy 2023,GFS,Policy_Activity,Strategy / Framework,Climate | Nature & Biodiversity | Land Use & Agriculture | Finance,2023,Non-statutory,[LEG-052],,,,[ORG-032] HMT & [ORG-002] DESNZ,"Strategy to align UK financial flows with net-zero and nature. Includes UK Green Taxonomy (in development), TCFD (Task Force on Climate-related Financial Disclosures) disclosure requirements, TNFD adoption, green bonds issuance (UK Sovereign Green Bond programme). Sets out how financial sector can support nature and climate. [Themes: nature-based solutions; natural capital; ecosystem services]",UK,May 2026,https://www.gov.uk/government/publications/green-finance-strategy,,[INT-O-016] World Wide Fund for Nature (International); [INT-O-019] Taskforce on Nature-related Financial Disclosures; [INT-O-020] Task Force on Climate-related Financial Disclosures; [INT-O-022] Science Based Targets Network; [INT-P-020] UNEP State of Finance for Nature (annual)
POL-013,Environmental Land Management (ELM) Schemes,ELM,Policy_Activity,Scheme / Programme,Nature & Biodiversity | Land Use & Agriculture,2021–ongoing,Mixed,[LEG-018],,,,[ORG-001] Defra,Three ELM schemes paying farmers to deliver environmental public goods: Sustainable Farming Incentive (SFI) — base-level actions; Countryside Stewardship (CS) — targeted agri-environment; Landscape Recovery — large-scale ecosystem restoration. £2.7bn/year by 2026–27. Replace EU CAP direct payments (phased out by 2027). [Themes: nature-based solutions; natural capital; ecosystem services],England,May 2026,https://www.gov.uk/government/publications/environmental-land-management-schemes-overview,,"[EU-L-007] EU LULUCF Regulation (Regulation EU 2018/841, amended by Regulation EU 2023/839); [EU-L-015] EU Common Agricultural Policy (CAP) — Strategic Plans Regulation (EU 2021/2115)"
POL-014,Local Nature Recovery Strategies (LNRS),LNRS,Policy_Activity,Scheme / Programme,Nature & Biodiversity | Land Use & Agriculture,2023–ongoing,Statutory,[LEG-004],,,,[ORG-001] Defra & [ORG-037] Local Authorities,"48 county and combined authorities across England required to produce LNRSs — spatial strategies identifying priorities and opportunities for nature recovery. Must be consistent with national biodiversity targets. As of May 2025: 4 published, others at various stages. LNRS will shape ELM spending and BNG delivery. [Themes: nature-based solutions; natural capital; ecosystem services]",England,May 2026,https://www.gov.uk/guidance/local-nature-recovery-strategies,,
POL-015,Boiler Upgrade Scheme (BUS),BUS,Policy_Activity,Economic / market instrument,Climate | Energy,2022–ongoing,Mixed,[LEG-050],,[POL-047] Heat and Buildings Strategy,,[ORG-002] DESNZ,"Grants of £7,500 for heat pump installations (air source and ground source) and £5,000 for biomass boilers in off-gas-grid homes. Supports 600,000 heat pump installations/year by 2028 target. Funded from DESNZ budget.",England | Wales | Scotland,May 2026,https://www.gov.uk/apply-boiler-upgrade-scheme,,
POL-016,Contracts for Difference (CfD) scheme,CfD,Policy_Activity,Economic / market instrument,Climate | Energy,2014–ongoing,Mixed,[LEG-015]; [LEG-051],,,,[ORG-002] DESNZ,"Main support mechanism for large-scale renewable electricity (offshore/onshore wind, solar, tidal, nuclear). Government auctions long-term strike prices guaranteeing revenue for generators. AR4 secured 11 GW. AR6 ongoing. Delivered by Low Carbon Contracts Company (LCCC) under DESNZ.",GB,May 2026,https://www.gov.uk/guidance/contracts-for-difference,,[EU-L-019] EU Renewable Energy Directive III (Directive EU 2023/2413 — RED III recast)
POL-017,Climate Change Risk Assessment (CCRA3) 2022,CCRA3,Policy_Activity,Assessment / Evidence,Climate,2022 (current statutory CCRA; CCRA4-IA published May 2026),Statutory,[LEG-001]; [LEG-002],,,,[ORG-001] Defra & [ORG-003] CCC,"Third statutory CCRA covering 61 UK climate risks/opportunities across 5 themes. Forms basis for NAP3. CCRA4 will commence 2026–27 ahead of NAP4. Produced by CCC with government support.

[VERSION HISTORY] CCRA3 (2022) is the third statutory assessment under CCA 2008 s.56. Previous versions: CCRA1 (2012), CCRA2 (2017). Covers 61 UK climate risks/opportunities across 5 themes. Forms basis for NAP3. CCRA4 will commence 2026–27 ahead of NAP4. Produced by CCC with government support. CCRA3 found adaptation progress 'insufficient' across most risk areas.

[CURRENCY] The Fourth Independent Assessment of UK Climate Risk (CCRA4-IA) was published by the CCC on 20 May 2026 as ""A Well-Adapted UK"", with a Technical Report led by the Met Office. CCRA3 remains the current statutory assessment until CCRA4 is laid; the CCC has already moved its adaptation monitoring onto CCRA4-IA. A separate record for CCRA4-IA is queued.",UK,September 2026,https://www.gov.uk/government/publications/climate-change-risk-assessment-2022,,[INT-P-030] EU Adaptation Strategy 2021
POL-018,Seventh Carbon Budget (CCC advice 2025),CB7,Policy_Activity,Assessment / Evidence,Climate | Finance,2025,Statutory,[LEG-001]; [LEG-002],,,,[ORG-003] CCC & [ORG-002] DESNZ,"CCC published CB7 advice in March 2025 covering 2038–42 (~535 MtCO₂e advised level, representing ~87% reduction vs 1990). Government must set CB7 by statute by June 2026. CB7 begins UK's final pre-net-zero budget period.",UK,May 2026,https://www.theccc.org.uk/publication/the-seventh-carbon-budget/,[IFW-02],
POL-019,Nature Recovery Interoperability Working Group,NRIWG,Policy_Activity,Coordination body / Working group,Climate | Nature & Biodiversity | Land Use & Agriculture,2023–ongoing,Non-statutory,,,,,[ORG-001] Defra & [ORG-005] NE,"Working group examining how biodiversity data, BNG units, voluntary carbon credits and Nature Recovery Networks can be made interoperable. Key actors: Natural England, JNCC, DESNZ, Defra, NGOs, financial sector bodies.",England,May 2026,https://www.gov.uk/government/groups/natural-capital-committee,,
POL-020,UK ETS Authority Advisory Group,UK ETS-AG,Policy_Activity,Coordination body / Working group,Climate | Energy,2021–ongoing,Mixed,,,,,[ORG-002] DESNZ,"Stakeholder advisory group advising the UK ETS Authority on scheme design, cap trajectory, and market functioning. Members from industry, NGOs, financial sector. Meets quarterly.",UK,May 2026,https://www.gov.uk/guidance/participating-in-the-uk-ets,,
POL-021,Green Finance Institute / Taskforces,GFI,Policy_Activity,Coordination body / Working group,Climate | Nature & Biodiversity | Finance,Various,Non-statutory,,,,,[ORG-032] HMT & [ORG-040] FCA,"Multiple taskforces: TCFD (Task Force on Climate-related Financial Disclosures — mandatory for large companies under FCA Listing Rules); TNFD (Task Force on Nature-related Financial Disclosures — voluntary, UK encouraging adoption); UK Green Taxonomy Technical Advisory Group; Coalition for Nature Credit Integrity.",UK,May 2026,https://www.gov.uk/government/publications/green-finance-strategy,,
POL-022,30×30 Technical Working Group,30x30 TWG,Policy_Activity,Coordination body / Working group,Nature & Biodiversity | Marine & Fisheries | Land Use & Agriculture,2022–ongoing,Non-statutory,,,,,[ORG-001] Defra,"Group developing criteria, methodology and governance for the UK's 30×30 commitment (30% of land and sea effectively protected by 2030). Confirmed criteria published Oct 2024. 30×30 Action Plan forthcoming. Involves Defra, Natural England, NatureScot, NRW, NIEA, JNCC, NGOs.",UK,May 2026,https://www.gov.uk/government/publications/30by30-on-land-in-england,,[INT-L-007] Kunming-Montreal Global Biodiversity Framework; [INT-O-016] World Wide Fund for Nature (International); [INT-P-006] GBF Monitoring Framework and Indicator Framework; [INT-P-009] High Ambition Coalition for Nature and People (HAC); [INT-P-018] High Seas Alliance / 30×30 for the Ocean
POL-025,UK National Climate Science Partnership (UKNCSP),UKNCSP,Policy_Activity,Coordination body / Working group,Climate | Marine & Fisheries,2021 – ongoing,Non-statutory,[LEG-001]; [LEG-002],,,,[ORG-017] Met Office & [ORG-030] UKRI,"Alliance of 7 NERC research centres (British Antarctic Survey, British Geological Survey, NCAS, NCEO, NOC, UKCEH, Plymouth Marine Laboratory) and the Met Office. Coordinates UK climate science capability to: deliver integrated climate modelling and observing; produce climate projections supporting CCRA and NAP; co-ordinate UK contribution to CMIP7 (global climate modelling); and translate climate data for use in policy and decision-making. Not a regulatory body — advisory and scientific coordination function only.",UK | International,May 2026,https://ukncsp.org,,[INT-O-015] Global Climate Observing System; [INT-O-023] IPBES-IPCC Joint Work Programme; [INT-O-024] Intergovernmental Oceanographic Commission; [INT-O-025] Global Ocean Observing System; [INT-O-026] Arctic Council; [INT-P-002] IPCC Sixth Assessment Report (AR6) 2021–2022; [INT-P-005] IPBES-IPCC Workshop Report: Biodiversity and Climate Change (2021); [INT-P-014] Planetary Boundaries Framework (Stockholm Resilience Centre); [INT-P-032] IPCC Special Report on the Ocean and Cryosphere in a Changing Climate (SROCC) 2019; [INT-P-033] UN Decade of Ocean Science for Sustainable Development (2021-2030)
POL-026,Natural Capital and Ecosystem Assessment (NCEA) Programme,NCEA,Policy_Activity,Scheme / Programme,Nature & Biodiversity | Marine & Fisheries | Water | Land Use & Agriculture,2019 – 2029 (ongoing delivery),Mixed,[LEG-004]; [LEG-018]; [LEG-022],,,,[ORG-001] Defra & [ORG-005] NE & [ORG-006] EA & [ORG-018] Cefas & [ORG-009] FC & [ORG-004] JNCC & [ORG-008] MMO,"Defra's largest R&D programme. Surveys England's land, freshwater, coastal and marine ecosystems to produce a baseline of natural capital assets by 2029. Collects data on extent, condition and change of ecosystems. Published first Analysis-Ready Data in Dec 2025. Outputs feed directly into Environment Act targets (species abundance, habitat creation), BNG metric, LNRS, ELM scheme design, Fisheries Management Plans and UK Marine Strategy GES monitoring. Partnership of Defra, Natural England, EA, Cefas, JNCC, Forest Research, MMO. Data published under Open Government Licence. [Themes: nature-based solutions; natural capital; ecosystem services]",England,May 2026,https://www.gov.uk/government/publications/natural-capital-and-ecosystem-assessment-ncea-programme/natural-capital-and-ecosystem-assessment-ncea-programme,,[INT-P-008] UN SEEA EA — System of Environmental-Economic Accounting Ecosystem Accounting
POL-027,UK Environmental Observation Framework (UKEOF),UKEOF,Policy_Activity,Coordination body / Working group,Land Use & Agriculture,2007 – ongoing,Non-statutory,[LEG-004]; [LEG-022],,,,[ORG-001] Defra & [ORG-030] UKRI,"Cross-sector coordination body for the UK's environmental observation community. Brings together public sector organisations (including EA, JNCC, Natural England, UKCEH, Met Office, Cefas, BGS, NOC) to maximise value and minimise duplication of environmental monitoring. Maintains Environmental Observation Activity Catalogue (2,000+ monitoring activities). Hosts specialist working groups including the Natural Capital Working Group (NCWG), UK eDNA Working Group (UKDNA-WG), and phenology coordination. Not regulatory — purely advisory and coordinative.",UK,May 2026,https://ukeof.org.uk/,,[INT-O-015] Global Climate Observing System; [INT-O-025] Global Ocean Observing System
POL-028,UK Marine Strategy (UKMS) 2025 — Programme of Measures,UKMS 2025,Policy_Activity,Plan,Nature & Biodiversity | Marine & Fisheries | Water,2025 (3rd cycle; 6-yearly),Statutory,[LEG-022],[POL-049] Marine Climate Change Impacts Partnership (MCCIP),,,[ORG-001] Defra & [ORG-034] Scottish Govt & [ORG-035] Welsh Govt & [ORG-036] NI Executive (DAERA),"Statutory 3-part strategy required by Marine Strategy Regulations. Covers UK seas (English, Welsh, Scottish and NI waters). Part 1: updated assessment of UK marine environment and definition of Good Environmental Status (11 descriptors: biodiversity, food webs, commercial fish, seafloor integrity, eutrophication, contaminants, marine litter, underwater noise etc.). Part 2: targets and indicators for GES. Part 3: Programme of Measures (published Jan 2025) setting actions to achieve GES over 2022–2027 cycle. Co-produced by Defra, Scottish Government, Welsh Government, DAERA. Only 4 of 15 GES descriptors fully met as of 2019; 2025 measures address remaining gaps. Evidence base on marine climate-change impacts (sea temperature, acidification, sea-ice, species shifts) is drawn from the Marine Climate Change Impacts Partnership [POL-049]; international science context provided by the IPCC SROCC [INT-P-032].",UK,May 2026,https://www.gov.uk/government/publications/marine-strategy-part-three-2025-uk-programme-of-measures,,[INT-L-013] OSPAR Convention for the Protection of the Marine Environment of the North-East Atlantic; [INT-O-008] OSPAR Commission; [INT-P-012] OSPAR North-East Atlantic Environment Strategy 2030 (NEAES 2030); [INT-P-032] IPCC Special Report on the Ocean and Cryosphere in a Changing Climate (SROCC) 2019
POL-029,2030 Strategic Framework for International Climate and Nature Action,IntCN 2030,Policy_Activity,Strategy / Framework,"Climate | Nature & Biodiversity | Governance, Society & Data",March 2023,Non-statutory,[LEG-001]; [LEG-002],,,,[ORG-002] DESNZ & [ORG-039] FCDO & [ORG-001] Defra,"Sets out UK approach to integrated international delivery on climate and nature through to 2030. Three pillars: (1) keeping 1.5°C feasible by supporting global emissions halving; (2) building resilience to climate impacts especially in vulnerable countries; (3) halting and reversing biodiversity loss. Covers UK International Climate Finance (ICF), Biodiversity Finance targets, nature-based solutions, and UK leadership at UNFCCC and CBD COPs. Links UK domestic policies to international commitments. Cross-departmental: DESNZ, FCDO, Defra.",UK | International,May 2026,https://www.gov.uk/government/publications/2030-strategic-framework-for-international-climate-and-nature-action,,"[INT-O-001] UNFCCC Conference of the Parties; [INT-O-010] UN Environment Programme; [INT-O-012] UN Development Programme; [INT-O-013] Global Environment Facility; [INT-O-018] Conservation International; [INT-P-001] UN Sustainable Development Goals (SDGs) — 2030 Agenda; [INT-P-009] High Ambition Coalition for Nature and People (HAC); [INT-P-010] Glasgow Leaders' Declaration on Forests and Land Use (COP26, 2021); [INT-P-016] Global Biodiversity Finance Initiative (GBF Finance / Cali Fund); [INT-P-017] REDD+ — Reducing Emissions from Deforestation and Forest Degradation; [INT-P-020] UNEP State of Finance for Nature (annual); [INT-P-030] EU Adaptation Strategy 2021; [EU-L-005] EU Climate Law (Regulation EU 2021/1119, amended by Regulation EU 2026/667); [EU-L-009] EU 8th Environment Action Programme (Decision EU 2022/591)"
POL-030,Woodland Carbon Code (WCC),WCC,Policy_Activity,Standard / Code,Climate | Nature & Biodiversity | Land Use & Agriculture,2011 – ongoing (periodic updates),Non-statutory,[LEG-001]; [LEG-027],,[POL-053] Nature Markets Framework 2023,,[ORG-009] FC & [ORG-028] Scottish Forestry & [ORG-015] NRW,"UK voluntary standard for woodland carbon credits. Developed and maintained by Scottish Forestry, Forestry Commission England and NRW. Projects must demonstrate additionality, permanence (100 years) and scientific rigour. Generates Pending Issuance Units (PIUs) and Woodland Carbon Units (WCUs) verified against the Code. Widely used by businesses and landowners to fund new woodland creation — linked to ELM Landscape Recovery scheme and contributes to England's woodland creation targets. Part of UK's voluntary nature market infrastructure alongside the Peatland Code. [Themes: nature-based solutions; natural capital; ecosystem services]",UK,May 2026,https://www.woodlandcarboncode.org.uk/,,
POL-031,Peatland Code,PC,Policy_Activity,Standard / Code,"Climate | Nature & Biodiversity | Land Use & Agriculture | Governance, Society & Data",2015 – ongoing (v2.0 2023),Non-statutory,[LEG-004]; [LEG-018],,[POL-053] Nature Markets Framework 2023,,[ORG-005] NE,"UK voluntary certification standard for peatland restoration carbon projects. Managed by the IUCN Peatlands Programme (hosted by the University of Exeter) with support from Natural England. Projects certified against Code generate Peatland Carbon Units (PCUs) — internationally recognised Voluntary Carbon Market credits. Demonstrates additionality, permanence and GHG benefits of peatland rewetting. Directly supports Nature for Climate Fund peat restoration targets (280,000 ha restored by 2050). Enables private finance to fund peatland restoration with rigorous scientific standards. [Themes: nature-based solutions; natural capital; ecosystem services]",UK,May 2026,https://www.peatlandcode.org.uk/,,[INT-O-017] International Union for Conservation of Nature
POL-032,Nutrient Neutrality Scheme,NNS,Policy_Activity,Scheme / Programme,Nature & Biodiversity | Water | Land Use & Agriculture,2022 – ongoing,Mixed,[LEG-007]; [LEG-016]; [LEG-053],,,,[ORG-005] NE & [ORG-001] Defra,"Natural England-administered mechanism requiring new residential development in Habitats Regulations-sensitive river catchments (currently ~74 local authority areas) to demonstrate nutrient neutrality before planning permission is granted. Developers must offset nitrogen or phosphorus pollution through land management agreements (e.g., converting arable to grassland, wetland creation) or purchase of nutrient credits from Natural England's Nutrient Mitigation Scheme. Directly links habitat creation and restoration (lowland meadows, wetlands) to planning permissions. Links nature recovery with housebuilding. NAO reviewed in 2024; Planning and Infrastructure Bill proposes reform via Environmental Delivery Plans. [Themes: nature-based solutions; natural capital; ecosystem services]",England,May 2026,https://www.gov.uk/government/collections/nutrient-neutrality,,
POL-033,Tree Health Resilience Strategy 2018,THRS,Policy_Activity,Strategy / Framework,Climate | Marine & Fisheries | Land Use & Agriculture | Biosecurity,2018 (remains current; now implemented through Plant Biosecurity Strategy 2023–28),Non-statutory,[LEG-027]; [LEG-043]; [LEG-044],,,,[ORG-001] Defra & [ORG-009] FC & [ORG-020] APHA,"Defra/Forestry Commission strategy to protect England's tree population from pest and disease threats (including Ash Dieback, Oak Processionary Moth, Xylella). Contains a National Action Plan. Sets risk-based biosecurity approach, goals for tree resilience (extent, connectivity, diversity, condition), and actions for inspection, surveillance and citizen reporting (Observatree). Directly relevant to tree and woodland targets in Environment Act 2021 and England Trees Action Plan (woodland cover, woodland carbon). Implemented by Forestry Commission and APHA jointly.",England,May 2026,https://www.gov.uk/government/publications/tree-health-resilience-strategy-2018,,[INT-L-023] International Plant Protection Convention
POL-034,Plant Biosecurity Strategy for Great Britain (2023–2028),PBS GB,Policy_Activity,Strategy / Framework,Nature & Biodiversity | Marine & Fisheries | Land Use & Agriculture | Biosecurity,January 2023,Non-statutory,[LEG-043]; [LEG-044]; [LEG-045],,,,[ORG-001] Defra & [ORG-034] Scottish Govt & [ORG-035] Welsh Govt | [ORG-020] APHA & [ORG-009] FC & [ORG-028] Scottish Forestry & [ORG-015] NRW,"Cross-government GB strategy for biosecurity of plants (including trees) and plant products. Addresses risks from internationally traded plant material (18.6 million tonnes imported to UK annually). Sets goals for prevention, preparedness, response and recovery from plant pest and disease incursions. Covers: import controls, surveillance networks (including Observatree citizen science), emergency response plans, international collaboration, research and capabilities. Directly relevant to INNS targets (GBF Target 6, JNCC B6) and woodland/habitat condition targets under Environment Act 2021. Implemented by APHA, Forestry Commission, Scottish Forestry, NRW, Welsh Government.",GB,May 2026,https://www.gov.uk/government/publications/plant-biosecurity-strategy-for-great-britain-2023-to-2028/plant-biosecurity-strategy-for-great-britain-2023-to-2028,,[INT-L-023] International Plant Protection Convention; [INT-O-028] European and Mediterranean Plant Protection Organization; [INT-P-004] IPBES Invasive Alien Species Assessment 2023
POL-035,Climate & Environment Cross-Government Working Group,CE-WG,Policy_Activity,Coordination body / Working group,Climate | Nature & Biodiversity | Land Use & Agriculture,Ongoing (established under previous government; continuing),Non-statutory,[LEG-001]; [LEG-002],,,,[ORG-041] CO & [ORG-002] DESNZ & [ORG-001] Defra,"Internal cross-departmental working group coordinating climate and environment policy across Whitehall departments. Ensures coherence between climate mitigation, adaptation and nature policies in the development of the CBDP, NAP, EIP and related plans. Brings together senior officials from DESNZ, Defra, HM Treasury, MHCLG, DfT, Cabinet Office and other departments. Not publicly visible — operates within normal government inter-departmental coordination processes. Referenced in Notion document as a key UK governance mechanism.",England,May 2026,https://www.gov.uk/government/groups/natural-capital-committee,,
POL-036,NAP Biodiversity and Ecosystems Working Group (NAP-BEWG),NAP-BEWG,Policy_Activity,Coordination body / Working group,Climate | Nature & Biodiversity | Land Use & Agriculture,Ongoing (NAP3 2023–2028 cycle),Non-statutory,[LEG-001]; [LEG-002],,,,[ORG-001] Defra,"Advisory working group providing expert input to the biodiversity and ecosystems theme of the National Adaptation Programme (NAP3, 2023–2028). Advises Defra on how to protect and enhance biodiversity and ecosystem services in the context of climate change adaptation. Brings together experts from Natural England, JNCC, Environment Agency, academic institutions and NGOs. Feeds into the 'Biodiversity and Ecosystems' chapter of the NAP and informs Defra's reporting to the CCC on adaptation progress. Directly relevant to the climate–nature interface — its work links climate projections with biodiversity and ecosystem service delivery.",England,May 2026,https://www.gov.uk/government/publications/third-national-adaptation-programme-nap3,,
POL-037,Environmental Delivery Plans (EDPs),EDP,Policy_Activity,Plan,Nature & Biodiversity | Water | Pollution & Waste | Land Use & Agriculture,2025 (framework in force; first EDPs in preparation),Statutory,[LEG-016],[POL-038] Nature Restoration Fund and Nature Restoration Levy (NRF / NRL),,,[ORG-005] NE,"Strategic conservation plans, prepared by Natural England, that identify environmental impacts of development on protected sites or species and set out conservation measures to address them. Initial scope covers nutrient neutrality, water quality, water resources and air quality. Developers may discharge specified obligations by paying the Nature Restoration Levy into the Nature Restoration Fund [POL-038] instead of providing project-level mitigation; full Habitats Regulations appropriate assessment still applies where impacts fall outside an EDP. [Themes: nature-based solutions; natural capital; ecosystem services]",England,June 2026,https://www.legislation.gov.uk/ukpga/2025/34/contents,,
POL-038,Nature Restoration Fund and Nature Restoration Levy (NRF / NRL),NRF,Policy_Activity,Economic / market instrument,Nature & Biodiversity | Water | Finance | Land Use & Agriculture,2025 (established; implementation plan published),Statutory,[LEG-016],,,,[ORG-005] NE,"Pooled fund, administered by Natural England, financed by a Nature Restoration Levy paid by developers who opt into an Environmental Delivery Plan [POL-037]. Funds strategic, at-scale conservation and habitat-restoration measures (including river pollution reduction) as an alternative to project-level mitigation. Widely debated for nature outcomes; secondary legislation to follow. [Themes: nature-based solutions; natural capital; ecosystem services]",England,June 2026,https://www.legislation.gov.uk/ukpga/2025/34/contents,,
POL-039,Independent Water Commission (Cunliffe Review) — Final Report,IWC,Policy_Activity,Independent Review / Inquiry,"Water | Nature & Biodiversity | Governance, Society & Data",2025 (final report 21 Jul 2025; government response and reforms under way),Non-statutory,,,,,[ORG-001] Defra,"Root-and-branch review of water-sector regulation in England and Wales, making 88 recommendations. Government has accepted the headline recommendation to abolish Ofwat and create a single water regulator, merging Ofwat with the water functions of the Environment Agency, Natural England and the Drinking Water Inspectorate. Bears directly on the regulatory architecture for water quality, abstraction and catchment management.",England | Wales,June 2026,https://www.gov.uk/government/publications/independent-water-commission-final-report,,
POL-040,Nature for Climate Fund,NCF,Policy_Activity,Economic / market instrument,Climate | Nature & Biodiversity | Land Use & Agriculture,2020-ongoing,Non-statutory,[LEG-004]; [LEG-001],[POL-030] Woodland Carbon Code (WCC); [POL-031] Peatland Code,,,[ORG-001] Defra,"Capital funding programme (England) underpinning woodland creation and peatland restoration, delivering the nature-based mitigation element of the net-zero and Environment Act target framework. Funds the England Trees Action Plan [POL-011] and England Peat Action Plan [POL-010] and supports the Woodland Carbon Code [POL-030] and Peatland Code [POL-031]. [Themes: nature-based solutions; natural capital; ecosystem services]",England,June 2026,https://www.gov.uk/government/publications/nature-for-climate-fund,,
POL-041,Enabling a Natural Capital Approach (ENCA),ENCA,Policy_Activity,Guidance / Methodology,"Nature & Biodiversity | Governance, Society & Data",2020-ongoing (periodically updated),Non-statutory,,[POL-042] Green Book supplementary guidance: environmental and natural capital valuation; [POL-026] Natural Capital and Ecosystem Assessment (NCEA) Programme,,,[ORG-001] Defra,"Defra guidance, data and tools for incorporating natural capital and ecosystem services into policy, programme and project appraisal. Operational backbone of natural-capital accounting and valuation in government decision-making; complements the Green Book guidance [POL-042] and the NCEA programme [POL-026]. [Themes: nature-based solutions; natural capital; ecosystem services]",England,June 2026,https://www.gov.uk/government/publications/enabling-a-natural-capital-approach-enca,,
POL-042,Green Book supplementary guidance: environmental and natural capital valuation,Green Book (env),Policy_Activity,Guidance / Methodology,"Governance, Society & Data | Climate | Nature & Biodiversity",Ongoing (supplementary guidance to the HMT Green Book),Non-statutory,,,,,[ORG-032] HMT,"HM Treasury Green Book supplementary guidance on valuing environmental impacts, greenhouse gas emissions (carbon values) and natural capital in appraisal and evaluation. Sets the methodology by which climate and nature effects enter government cost-benefit analysis. [Themes: nature-based solutions; natural capital; ecosystem services]",UK,June 2026,https://www.gov.uk/government/publications/green-book-supplementary-guidance-environmental-concepts,,
POL-043,The Economics of Biodiversity: The Dasgupta Review,Dasgupta Review,Policy_Activity,Independent Review / Inquiry,Nature & Biodiversity | Finance,2021,Non-statutory,,[POL-012] Green Finance Strategy 2023; [POL-041] Enabling a Natural Capital Approach (ENCA),,,[ORG-032] HMT,"Independent, HM Treasury-commissioned review framing biodiversity as an economic asset and the economy as embedded within nature. Foundational reference for the UK natural-capital and green-finance agenda; shaped the Green Finance Strategy [POL-012] and natural-capital approach [POL-041]. [Themes: nature-based solutions; natural capital; ecosystem services]",UK | International,June 2026,https://www.gov.uk/government/publications/final-report-the-economics-of-biodiversity-the-dasgupta-review,,
POL-044,UK National Ecosystem Assessment (UK NEA),UK NEA,Policy_Activity,Assessment / Evidence,"Nature & Biodiversity | Governance, Society & Data",2011 (NEA); 2014 (NEA Follow-On),Non-statutory,,[POL-026] Natural Capital and Ecosystem Assessment (NCEA) Programme,,,[ORG-001] Defra,First comprehensive assessment of the UK natural environment in terms of ecosystem services and the benefits they provide to society. Foundational evidence for the ecosystem-services and natural-capital agenda and lineage of the later Natural Capital and Ecosystem Assessment programme [POL-026]. [Themes: nature-based solutions; natural capital; ecosystem services],UK,June 2026,http://uknea.unep-wcmc.org/,,
POL-045,National Flood and Coastal Erosion Risk Management Strategy for England,FCERM Strategy,Policy_Activity,Strategy / Framework,Water | Climate | Land Use & Agriculture | Nature & Biodiversity,2020 (with action plan; periodically refreshed),Statutory,[LEG-060],[POL-002] National Adaptation Programme (NAP3) 2023–2028; [POL-017] Climate Change Risk Assessment (CCRA3) 2022; [POL-070] NaFRA2 national flood and coastal erosion risk assessment,,,[ORG-006] EA,"Environment Agency statutory strategy setting long-term ambitions for a nation resilient to flooding and coastal change to 2100, with an accompanying action plan. Increasingly emphasises nature-based and catchment-scale solutions and adaptation; aligns with NAP3 [POL-002] and CCRA3 [POL-017]. [Themes: nature-based solutions; natural capital; ecosystem services]",England,June 2026,https://www.gov.uk/government/publications/national-flood-and-coastal-erosion-risk-management-strategy-for-england,,
POL-046,Transport Decarbonisation Plan (Decarbonising Transport),TDP,Policy_Activity,Strategy / Framework,Climate | Energy | Transport,2021 (under review),Mixed,[LEG-001],[POL-004] UK Net Zero Strategy / Carbon Budget Delivery Plan (CBDP) 2023,,,[ORG-033] DfT,"Cross-modal strategy for decarbonising surface transport (the largest-emitting UK sector), aviation and maritime, with commitments spanning road vehicle phase-out, modal shift and zero-emission technologies. Sectoral counterpart to the Net Zero Strategy / Carbon Budget Delivery Plan [POL-004].",UK,June 2026,https://www.gov.uk/government/publications/transport-decarbonisation-plan,,
POL-047,Heat and Buildings Strategy,HBS,Policy_Activity,Strategy / Framework,Climate | Energy,2021 (being updated),Mixed,[LEG-001],,,,[ORG-002] DESNZ,"Strategy for decarbonising heat in buildings, covering heat pumps, hydrogen for heat options, energy efficiency and market mechanisms. Strategic parent of delivery schemes such as the Boiler Upgrade Scheme [POL-015].",UK,June 2026,https://www.gov.uk/government/publications/heat-and-buildings-strategy,,
POL-048,Biomass Strategy 2023,Biomass,Policy_Activity,Strategy / Framework,Climate | Energy | Land Use & Agriculture,2023,Mixed,[LEG-001],,,,[ORG-002] DESNZ,"Cross-government strategy on the role of sustainable biomass across the economy, including priority use, sustainability criteria and bioenergy with carbon capture and storage (BECCS). Interfaces with land use, forestry and nature through feedstock and land-use trade-offs.",UK,June 2026,https://www.gov.uk/government/publications/biomass-strategy,,
POL-049,Marine Climate Change Impacts Partnership (MCCIP),MCCIP,Policy_Activity,Coordination body / Working group,Climate | Nature & Biodiversity | Marine & Fisheries,Ongoing (launched 2005); Phase V business plan 2025-2030; rolling evidence updates,Non-statutory,,,,,"[ORG-018] Cefas (hosts secretariat); Defra-chaired steering group of UK govts, agencies & NGOs","UK partnership of scientists, government, agencies and NGOs providing co-ordinated, quality-assured evidence on marine climate change impacts and adaptation. Originated from the 2005 Charting Progress assessment of UK seas. Delivers a rolling evidence programme (formerly biennial report cards 2006-2020) covering sea temperature, ocean acidification, ocean circulation, shelf-sea stratification, oxygen, sea-level rise, storms/waves, Arctic sea ice, fish, fisheries, marine mammals and seabirds, plus marine-heatwave policy briefs. Recent updates: Sea Temperature (Oct 2025), Ocean Circulation (Sep 2025), Oxygen (Aug 2025), Ocean Acidification (Feb 2025). Met Office is a partner and leads the Arctic Sea Ice topic. Primary supplier of marine climate evidence into UK adaptation governance (CCRA, NAP) and the UK Marine Strategy [POL-028].",UK (with separate report cards for Crown Dependencies & Overseas Territories),June 2026,https://www.mccip.org.uk/,,[INT-O-027] Arctic Monitoring and Assessment Programme; [INT-P-032] IPCC Special Report on the Ocean and Cryosphere in a Changing Climate (SROCC) 2019; [INT-P-033] UN Decade of Ocean Science for Sustainable Development (2021-2030)
POL-050,National Planning Policy Framework (NPPF),NPPF,Policy_Activity,Strategy / Framework,Urban & Buildings | Land Use & Agriculture | Nature & Biodiversity | Climate | Energy,Dec 2024 (revised; amended Feb 2025; further reforms consulted Dec 2025),Non-statutory,[LEG-053]; [LEG-055],[POL-009] Land Use Framework (LUF) 2025,,,[ORG-021] MHCLG,"Sets out the government's planning policies for England and how they are applied in plan-making and decision-taking. The operative instrument mediating development against climate, nature and land-use objectives: mandatory housing targets (1.5m homes), 'grey belt' release, brownfield-first, reversal of the onshore-wind ban, biodiversity net gain, flood-risk and renewable-energy policy. Sits above local plans and complements the Land Use Framework [POL-009]. Further reform package consulted Dec 2025. [Themes: spatial planning; land-use change; development control]",England,June 2026,https://www.gov.uk/government/publications/national-planning-policy-framework--2,,
POL-051,Towards a Good Food Cycle (UK Government Food Strategy framework),Good Food Cycle,Policy_Activity,Strategy / Framework,"Land Use & Agriculture | Climate | Nature & Biodiversity | Governance, Society & Data",Jul 2025 (framework; delivery policies in development),Non-statutory,,,,,[ORG-001] Defra,"Defra framework (15 July 2025) setting ten priority outcomes for the England food system across health, food security, economic growth and environmental impact. Targets diet-related emissions, greener supply chains and supply-chain resilience. Notes agriculture at ~11.7% of UK GHG emissions, projected to be a dominant emission source (with aviation) by 2040. Successor framing to the 2021 Dimbleby National Food Strategy; binding delivery measures to follow. [Themes: food systems; agricultural emissions; food security]",England,June 2026,https://www.gov.uk/government/publications/a-uk-government-food-strategy-for-england/a-uk-government-food-strategy-for-england-considering-the-wider-uk-food-system,,
POL-052,UK Pesticides National Action Plan 2025,Pesticides NAP,Policy_Activity,Plan,Land Use & Agriculture | Nature & Biodiversity | Water | Biosecurity,Mar 2025 (2025–2030),Mixed,[LEG-043]; [LEG-044],,,,[ORG-001] Defra & [ORG-034] Scottish Govt & [ORG-035] Welsh Govt & [ORG-036] NI Executive (DAERA),"First UK pesticides NAP in a decade (21 March 2025), agreed by all four governments. Sets the UK's first domestic pesticide reduction target — a 10% cut in potential environmental harm by 2030 (harm-based, not volume-based) — structured around three objectives: uptake of integrated pest management (IPM); reduction timetables and targets; and strengthened compliance. Supports pollinators (follows the ban on three neonicotinoids in England) and links pesticide use to climate, invasive species and food security. Directly relevant to the Met Office plant pest/pathogen biosecurity strand. [Themes: agri-environment; pollinators; integrated pest management]",UK,June 2026,https://www.gov.uk/government/publications/uk-pesticides-national-action-plan-2025,,
POL-053,Nature Markets Framework 2023,Nature Markets,Policy_Activity,Strategy / Framework,Nature & Biodiversity | Finance | Land Use & Agriculture | Climate,2023 – ongoing,Non-statutory,[LEG-004]; [LEG-008],[POL-038] Nature Restoration Fund and Nature Restoration Levy (NRF / NRL),,,[ORG-001] Defra & [ORG-032] HMT,"Government framework (March 2023) to scale private investment in nature recovery and sustainable farming towards a target of £1bn/year private finance into nature in England by 2030 (£500m by 2027). Provides the overarching architecture above the component instruments already catalogued — Woodland Carbon Code [POL-030], Peatland Code [POL-031], Biodiversity Net Gain units [LEG-008] and the Nature Restoration Fund [POL-038] — with measures on high-integrity standards, market governance and the British Standards Institution nature investment standards programme. [Themes: nature markets; natural capital; green finance]",England,June 2026,https://www.gov.uk/government/publications/nature-markets,,
POL-054,Sustainable Farming Incentive (SFI),SFI,Policy_Activity,Scheme / Programme,Nature & Biodiversity | Land Use & Agriculture | Climate,2022–2025 (SFI 2023/2024 closed); reformed SFI26 expected H1 2026,Mixed,[LEG-018],,[POL-013] Environmental Land Management (ELM) Schemes,,[ORG-001] Defra,"The universal, entry-level tier of the ELM schemes paying farmers for actions on soil health, hedgerows, integrated pest management, nutrient management, cover crops and habitat. SFI 2023 and the SFI 2024 expanded/re-opened offers are closed to new applications (window closed 11 March 2025 on budget exhaustion; ~37,000 agreements live; re-opened briefly for in-flight applicants to Aug 2025). A reformed 'SFI26' offer with confirmed funding and revised actions is expected in the first half of 2026. Distinct from the broader ELM umbrella [POL-013] and Countryside Stewardship Higher Tier / Landscape Recovery. [Themes: agri-environment; public money for public goods; soil health]",England,June 2026,https://www.gov.uk/government/collections/sustainable-farming-incentive-guidance-for-applicants-and-agreement-holders,,
POL-055,England Woodland Creation Offer (EWCO),EWCO,Policy_Activity,Scheme / Programme,Climate | Nature & Biodiversity | Land Use & Agriculture | Water,2021 – ongoing (funding confirmed to Mar 2027; phased transition into ELM),Non-statutory,[LEG-004]; [LEG-027],[POL-013] Environmental Land Management (ELM) Schemes; [POL-030] Woodland Carbon Code (WCC); [POL-011] England Trees Action Plan 2021–2024,,[POL-040] Nature for Climate Fund,[ORG-009] FC & [ORG-001] Defra,"National woodland-creation grant administered by the Forestry Commission for areas as small as 1 ha. Up to £10,200/ha standard capital costs, up to ~£11,600–£12,700/ha stackable payments for wider public benefits (nature recovery, water quality, flood risk, climate, access), plus £400/ha/year maintenance for 15 years. Funded via the Nature for Climate Fund [POL-040]; funding confirmed to 31 March 2027 with a phased transition into the ELM schemes [POL-013]. Refreshed guidance Oct 2025. Stacks with the Woodland Carbon Code [POL-030] and supports the England Trees Action Plan [POL-011]. [Themes: afforestation; carbon sequestration; nature-based solutions]",England,June 2026,https://www.gov.uk/guidance/england-woodland-creation-offer,,
POL-056,Sustainable Farming Scheme (Wales),SFS (Wales),Policy_Activity,Scheme / Programme,Nature & Biodiversity | Land Use & Agriculture | Climate,Launches 1 Jan 2026 (transition to 2029),Mixed,[LEG-066],[POL-013] Environmental Land Management (ELM) Schemes,,,[ORG-035] Welsh Govt,"Wales' primary post-CAP land-management support scheme, launching 1 January 2026 (transition period to 2029), replacing the Basic Payment Scheme. Three-layer design: a Universal Layer (Universal Actions + baseline payment, incl. habitat maintenance, soil/water and the 10% tree-cover and 10% habitat ambitions), plus Optional and Collaborative Actions for targeted climate, nature and water outcomes. Anchored in the Sustainable Land Management objectives of the Agriculture (Wales) Act 2023. Devolved counterpart to England's ELM [POL-013]. [Themes: agri-environment; sustainable land management; devolved agriculture]",Wales,June 2026,https://www.gov.wales/sustainable-farming-scheme,,
POL-057,Agricultural Reform Programme (Scotland),ARP (Scotland),Policy_Activity,Strategy / Framework,Nature & Biodiversity | Land Use & Agriculture | Climate,Act 2024; provisions commenced Jun 2025; full framework by 2027,Mixed,[LEG-067],[POL-013] Environmental Land Management (ELM) Schemes; [POL-056] Sustainable Farming Scheme (Wales),,,[ORG-034] Scottish Govt,"Scotland's framework for future agricultural support replacing CAP-era payments, enabled by the Agriculture and Rural Communities (Scotland) Act 2024 (key provisions commenced 16 June 2025). Delivered via the Agricultural Reform Route Map and the National Test Programme, with a four-tier future support structure (base/enhanced/elective/complementary) conditioned on climate and nature outcomes. Transitional period 2025–2026; full implementation expected 2027. Devolved counterpart to England's ELM [POL-013] and the Wales SFS [POL-056]. [Themes: agri-environment; conditionality; devolved agriculture]",Scotland,June 2026,https://www.gov.scot/publications/agricultural-reform-strategic-environmental-assessment-post-adoption-statement/,,
POL-058,Clean Air Strategy 2019,CAS 2019,Policy_Activity,Strategy / Framework,Pollution & Waste | Nature & Biodiversity | Climate | Land Use & Agriculture,"2019 – ongoing (PM2.5 targets set under Environment Act 2021, 2023)",Mixed,[LEG-004]; [LEG-062],[POL-001] Environmental Improvement Plan (EIP) 2025,,,[ORG-001] Defra,"Cross-government strategy (Jan 2019) to cut emissions of the five priority air pollutants, including the first national action on agricultural ammonia (~88% of UK ammonia from farming) via controls on fertiliser use and slurry management. Addresses links between air quality, ecosystem damage (nitrogen deposition on sensitive habitats) and climate. Now operationalised through the Environment Act 2021 statutory PM2.5 targets (2023) and the Environmental Improvement Plan [POL-001]. [Themes: air quality; ammonia; nitrogen deposition]",England,June 2026,https://www.gov.uk/government/publications/clean-air-strategy-2019,,
POL-059,UK Marine Policy Statement (MPS) and Marine Plans,MPS,Policy_Activity,Strategy / Framework,Marine & Fisheries | Nature & Biodiversity | Land Use & Agriculture | Energy | Climate,2011 (MPS); Marine Plans rolling to 2021; in implementation,Statutory,[LEG-011],[POL-009] Land Use Framework (LUF) 2025; [POL-050] National Planning Policy Framework (NPPF); [POL-028] UK Marine Strategy (UKMS) 2025 — Programme of Measures,,,[ORG-001] Defra & [ORG-008] MMO,"The shared UK framework (adopted 2011 by the four administrations) for sustainable development of the marine area, implemented through marine plans that allocate space for fishing, aquaculture, offshore renewables, cabling, conservation and recreation. In England, MMO-prepared marine plans now cover all English waters. The marine-space counterpart to the terrestrial Land Use Framework [POL-009] and NPPF [POL-050]; decision-makers must act in accordance with the MPS and plans. Distinct from the UK Marine Strategy [POL-028], which sets environmental status objectives rather than spatial allocation. [Themes: marine spatial planning; sea-use; blue economy]",UK,June 2026,https://www.gov.uk/government/publications/uk-marine-policy-statement,,
POL-060,Highly Protected Marine Areas (HPMAs),HPMA,Policy_Activity,Scheme / Programme,Marine & Fisheries | Nature & Biodiversity | Climate,First 3 designated Jun 2023; network expansion under development,Statutory,[LEG-011]; [LEG-052],[POL-022] 30×30 Technical Working Group,,,[ORG-001] Defra & [ORG-005] NE & [ORG-004] JNCC & [ORG-018] Cefas & [ORG-008] MMO,"Areas of English sea given the highest protection — prohibiting extractive, destructive and depositional activities to allow full ecosystem (and 'blue carbon') recovery. First three pilot HPMAs designated June 2023 (Allonby Bay, Dolphin Head, North East of Farnes Deep) following the 2020 Benyon Review. Network expansion under development: a plan for further designations and the Environmental Audit Committee's call for 10% of UK waters as HPMAs by 2030 (linked to the 30x30 target, [POL-022]). Sit within the wider MPA network (181 MPAs, ~40% of English waters). [Themes: marine protected areas; whole-site protection; blue carbon]",England,June 2026,https://jncc.gov.uk/our-work/english-highly-protected-marine-areas/,,
POL-061,Countryside Stewardship Higher Tier (CSHT),CSHT,Policy_Activity,Scheme / Programme,Nature & Biodiversity | Land Use & Agriculture | Climate | Water,2025 (open to invited applicants),Mixed,[LEG-018],[POL-054] Sustainable Farming Incentive (SFI); [POL-062] Landscape Recovery,[POL-013] Environmental Land Management (ELM) Schemes,,[ORG-001] Defra & [ORG-005] NE & [ORG-009] FC,"One of the three Environmental Land Management (ELM) scheme components (with SFI, [POL-054], and Landscape Recovery, [POL-062]). Pays farmers and land managers for targeted, often bespoke actions to protect, restore and enhance the environment and mitigate climate change, on farmed land, woodland and land managed for nature. Replaces the former CS Higher Tier and Higher Level Stewardship (HLS). Opened to invited applicants from 15 September 2025 via the Rural Payments Agency (RPA), with pre-application advice from Natural England and the Forestry Commission; rolling monthly application windows. 2025 offer: 99 base actions, 33 supplements, 142 capital items; agreements of 5-20 years. 2026/27 budget GBP 50m.",England,June 2026,https://www.gov.uk/government/publications/countryside-stewardship-higher-tier-csht,,
POL-062,Landscape Recovery,LR,Policy_Activity,Scheme / Programme,Nature & Biodiversity | Land Use & Agriculture | Climate | Water,2022- (Round 3 expected 2026),Mixed,[LEG-018],,[POL-013] Environmental Land Management (ELM) Schemes,,[ORG-001] Defra & [ORG-005] NE & [ORG-006] EA,"The most ambitious of the three ELM scheme components (with SFI, [POL-054], and Countryside Stewardship Higher Tier, [POL-061]). Funds large-scale, long-term (typically 500-5,000 ha, 20+ year) bespoke habitat and ecosystem-restoration projects co-designed with farmers and land managers, blending public and private finance. Round 1 (2022): 22 pilot projects; Round 2 (2023): 34 projects, GBP 25m, >700 farmers across ~200,000 ha. First two projects entered implementation August 2025 (GBP 55m blended finance). Round 3 expected during 2026. Agreements entered with Natural England and the Environment Agency.",England,June 2026,https://www.gov.uk/government/publications/landscape-recovery-more-information-on-how-the-scheme-will-work,,
POL-063,Catchment Sensitive Farming (CSF),CSF,Policy_Activity,Scheme / Programme,Water | Land Use & Agriculture | Pollution & Waste | Nature & Biodiversity,2006- (England-wide since 2023),Non-statutory,,,,,[ORG-005] NE & [ORG-006] EA & [ORG-001] Defra,"Long-running partnership between Natural England, the Environment Agency and Defra (delivered by Natural England advisers) providing free one-to-one advice, training and capital-grant support to farmers to reduce diffuse water and air pollution and improve soil health. Expanded to cover 100% of England farmland by 2023 (annual budget ~GBP 30m). Supports Countryside Stewardship / ELM capital-grant applications, natural flood management and Water Framework Directive objectives.",England,June 2026,https://www.gov.uk/guidance/catchment-sensitive-farming-reduce-agricultural-water-pollution,,
POL-064,Farming in Protected Landscapes (FiPL),FiPL,Policy_Activity,Scheme / Programme,Land Use & Agriculture | Nature & Biodiversity | Climate,2021-2029,Non-statutory,,,,,[ORG-001] Defra,"Defra-funded competitive grant programme, developed with and delivered locally by National Park and National Landscape teams, supporting farmers and land managers in England National Parks, National Landscapes (formerly AONBs) and the Broads to deliver projects for climate, nature, people and place. Part of the Agricultural Transition Plan; explicitly not an agri-environment scheme. Began July 2021; extended to 31 March 2029 (confirmed January 2026); GBP 30m for 2026/27, >GBP 130m committed since launch. Contributes to the Protected Landscapes Targets and Outcomes Framework and 30by30.",England,June 2026,https://www.gov.uk/guidance/funding-for-farmers-in-protected-landscapes,,
POL-065,Biodiversity Net Gain (BNG),BNG,Policy_Activity,Scheme / Programme,Nature & Biodiversity | Land Use & Agriculture,2024 (mandatory),Statutory,[LEG-053]; [LEG-004]; [LEG-055],,,,[ORG-001] Defra & [ORG-005] NE,"Statutory requirement that most new development in England deliver a measurable 10% increase in biodiversity value, calculated with the statutory biodiversity metric (produced by Defra and Natural England) and secured for at least 30 years via planning condition, s.106 agreement or conservation covenant. Met through on-site gains, registered off-site gains or statutory biodiversity credits (sold by Natural England). Mandatory for major development from 12 February 2024, small sites from 2 April 2024, and Nationally Significant Infrastructure Projects from May 2026. MHCLG leads associated planning policy.",England,June 2026,https://www.gov.uk/guidance/understanding-biodiversity-net-gain,,
POL-066,Peatland ACTION (Scotland),Peatland ACTION,Policy_Activity,Scheme / Programme,Climate | Nature & Biodiversity | Land Use & Agriculture | Water,2012- (Partnership Plan 2025-2030),Non-statutory,,[POL-010] England Peat Action Plan 2021,,,[ORG-014] NatureScot & [ORG-029] FLS,"Scotland national peatland restoration programme, led and funded by the Scottish Government and delivered by a five-partner partnership (NatureScot as lead, Forestry and Land Scotland, Cairngorms National Park Authority, Loch Lomond & the Trossachs National Park Authority, Scottish Water). Running since 2012; GBP 250m committed over 10 years to 2030 toward a target of 250,000 ha restored by 2030 (>90,000 ha to date). Funds up to 100% of restoration costs plus advice, training and monitoring; many projects also use the IUCN Peatland Code. A five-year Partnership Plan 2025-2030 sets delivery strategy. England equivalent: England Peat Action Plan [POL-010].",Scotland,June 2026,https://www.nature.scot/climate-change/nature-based-solutions/nature-based-solutions-practice/peatland-action,,
POL-067,Fisheries Act 2020 climate change objective — Joint Fisheries Statement (JFS) and Fisheries Management Plans (FMPs),JFS / FMPs,Policy_Activity,Strategy / Framework,Marine & Fisheries | Climate | Nature & Biodiversity,Act 2020; JFS Nov 2022; FMPs rolling from 2023 (ongoing),Statutory,[LEG-052],,,,[ORG-001] Defra & [ORG-008] MMO & [ORG-034] Scottish Govt & [ORG-035] Welsh Govt & [ORG-036] NI Executive (DAERA),"Statutory UK fisheries framework under the Fisheries Act 2020. The eight fisheries objectives include a climate change objective — minimising the adverse effects of fish and aquaculture activities on climate change and adapting fisheries management to it. The Joint Fisheries Statement (JFS, Nov 2022) sets the overarching direction and commits the four fisheries policy authorities to an ecosystem-based approach; Fisheries Management Plans (FMPs) set stock- and area-specific goals and actions, and are recognised measures in the 2025 UK Marine Strategy Programme of Measures. Climate-driven shifts in the distribution, productivity and phenology of stocks are a central management challenge that ocean-temperature and marine-heatwave evidence could inform.",UK,July 2026,https://www.legislation.gov.uk/ukpga/2020/22/contents,,
POL-068,Shellfish official-control and harmful algal bloom (HAB) / biotoxin monitoring (Cefas for FSA / Food Standards Scotland),Shellfish monitoring,Policy_Activity,Scheme / Programme,Marine & Fisheries | Biosecurity,Ongoing (statutory official controls; results published weekly),Mixed,,,,,[ORG-018] Cefas & [ORG-043] FSA & [ORG-044] FSS & [ORG-001] Defra,"Official-control monitoring of classified shellfish harvesting areas — microbiological (E. coli) classification, and biotoxin and phytoplankton (harmful algal bloom) monitoring — delivered by Cefas on behalf of the Food Standards Agency (England, Wales, Northern Ireland) and Food Standards Scotland, with results published weekly and final classification set by the FSA/FSS. Marine heatwaves are linked to increased harmful algal blooms and elevated pathogenic Vibrio in UK shellfish waters (e.g. the 2018 event); ocean-temperature and marine-heatwave forecasts could give early warning to target biotoxin and Vibrio risk, protecting shellfisheries and public health.",UK,July 2026,https://www.food.gov.uk/business-guidance/biotoxin-and-phytoplankton-monitoring,,
POL-069,UK Blue Carbon Evidence Partnership (UKBCEP),UKBCEP,Policy_Activity,Coordination body / Working group,Climate | Nature & Biodiversity | Marine & Fisheries,Announced COP26 (Nov 2021); established May 2022 – ongoing,Non-statutory,,,,,[ORG-001] Defra & [ORG-018] Cefas & [ORG-002] DESNZ & [ORG-034] Scottish Govt & [ORG-035] Welsh Govt & [ORG-036] NI Executive (DAERA),"Cross-administration partnership coordinating the UK blue-carbon evidence base (saltmarsh, seagrass, kelp and seabed sediments), including a working group on the inclusion of saltmarsh and seagrass in the UK Greenhouse Gas Inventory. Marine heatwaves damage seagrass and saltmarsh and can alter coastal-carbon storage and flux, so ocean-temperature and marine-heatwave evidence is relevant to blue-carbon condition and permanence assessment.",UK,July 2026,https://uk-bcep.org/,,
POL-070,National assessment of flood and coastal erosion risk in England (NaFRA2),NaFRA2,Policy_Activity,Assessment / Evidence,Water | Urban & Buildings | Climate,2024 (published 17 December 2024; last updated 5 August 2026),Non-statutory,[LEG-060],[POL-045] National FCERM Strategy for England,,,[ORG-006] Environment Agency,"The Environment Agency’s national picture of current and future flood and coastal erosion risk in England: the sources and characteristics of risk, its distribution across England, and how it is expected to change. The 2024 assessment reports a changed picture of risk arising from a combination of updated climate change projections, improved understanding and assessment of risk, and better modelling and new data. The EA states that risk is not static and that the assessment will be updated regularly.

[INDICATOR LINK] NaFRA is the underlying risk assessment behind [IND-E-042], the EIF Theme F indicator ""Disruption or unwanted impacts from flooding or coastal erosion"", which already names it as a data source. This record gives the assessment itself a place in the governance workbook; the indicator remains the measure.",England,September 2026,https://www.gov.uk/government/publications/national-assessment-of-flood-and-coastal-erosion-risk-in-england-2024,[IFW-01],
POL-071,Monitoring the condition of the natural environment (Environment Act 2021 s.16 statement),s.16 monitoring statement,Policy_Activity,Assessment / Evidence,"Nature & Biodiversity | Governance, Society & Data",2022 (published 23 May 2022; last updated 16 July 2026),Statutory,[LEG-004],[POL-001] Environmental Improvement Plan,,,[ORG-001] Defra,"The statutory statement laid before Parliament under section 16 of the Environment Act 2021, setting out the kinds of data that will be obtained to monitor whether the natural environment, or a particular aspect of it, is improving. It covers progress towards the 13 Environment Act 2021 targets and their interim targets, in accordance with the Environmental Improvement Plan.

[SCOPE NOTE] This is the monitoring architecture behind [IFW-01], the Environmental Indicator Framework: it describes what data Defra will obtain, where the EIF is the indicator set reported from it. Earlier versions are in the UK Government Web Archive. NOTE ON DATE: the queue recorded this as a July 2026 publication; 16 July 2026 is the latest update to a statement first published in May 2022.",England,September 2026,https://www.gov.uk/government/publications/monitoring-the-condition-of-the-natural-environment,[IFW-01],
