Record_ID,Name,Acronym,Record_Type,General_Type,Policy_Sector,Statutory_Duties,Statutory_Role,Remit_And_Powers,Regulatory_Powers_Keywords,Extent,Lead_Department,Date_Last_Updated,Link,Indicator_Frameworks,Intl_Links,Related_Bodies,Affecting_Policies
ORG-001,"Dept for Environment, Food & Rural Affairs",Defra,Organisation,Ministerial Department,Nature & Biodiversity | Marine & Fisheries | Water | Land Use & Agriculture,"Ministerial department; statutory functions under Environment Act 2021, Wildlife & Countryside Act 1981, Agriculture Act 2020, Marine and Coastal Access Act 2009 etc.",[LEG-004]; [LEG-005]; [LEG-011]; [LEG-018],"Lead department for England's environmental policy, nature recovery, agriculture, water, waste and food. Sets EIP targets and delivers ELM schemes. Sponsors Natural England, Environment Agency, JNCC, OEP. Leads on 25 Year Environment Plan and UK NBSAP. Policy lead on Environment Act 2021 statutory targets.","Policy-maker · Ministerial discretion · Funder · Standard-setter · Sponsor of NDPBs · No direct enforcement power (delegates to EA, Natural England, OEP)",UK | England,[ORG-001] Defra,May 2026,https://www.gov.uk/government/organisations/department-for-environment-food-rural-affairs,[IFW-01]; [IFW-02]; [IFW-03],"[INT-L-016] International Convention for the Prevention of Pollution from Ships; [INT-L-019] Montreal Protocol on Substances that Deplete the Ozone Layer; [INT-L-024] International Treaty on Plant Genetic Resources for Food and Agriculture; [INT-O-004] CBD Conference of the Parties; [INT-O-005] Subsidiary Body on Scientific, Technical and Technological Advice (CBD); [INT-O-006] Intergovernmental Science-Policy Platform on Biodiversity and Ecosystem Services; [INT-O-007] UNCCD Conference of the Parties; [INT-O-008] OSPAR Commission; [INT-O-010] UN Environment Programme; [INT-O-011] UN Environment Programme World Conservation Monitoring Centre; [INT-O-013] Global Environment Facility; [INT-O-024] Intergovernmental Oceanographic Commission; [INT-O-028] European and Mediterranean Plant Protection Organization; [INT-O-029] World Organisation for Animal Health (formerly OIE); [INT-O-030] Food and Agriculture Organization of the United Nations; [INT-P-001] UN Sustainable Development Goals (SDGs) — 2030 Agenda; [INT-P-008] UN SEEA EA — System of Environmental-Economic Accounting Ecosystem Accounting; [INT-P-009] High Ambition Coalition for Nature and People (HAC); [INT-P-010] Glasgow Leaders' Declaration on Forests and Land Use (COP26, 2021); [INT-P-014] Planetary Boundaries Framework (Stockholm Resilience Centre); [INT-P-015] European Green Deal — Biodiversity Strategy 2030 and Farm to Fork Strategy; [INT-P-016] Global Biodiversity Finance Initiative (GBF Finance / Cali Fund); [INT-P-033] UN Decade of Ocean Science for Sustainable Development (2021-2030); [EU-L-010] EU National Emission Ceilings Directive (Directive EU 2016/2284 — NEC Directive); [EU-L-021] EU Deforestation Regulation (EUDR, Regulation EU 2023/1115, amended by Regulation EU 2025/2650)",,
ORG-002,Dept for Energy Security and Net Zero,DESNZ,Organisation,Ministerial Department,Climate | Energy,"Ministerial department; Climate Change Act 2008, Energy Act 2023, Electricity Act 1989",[LEG-001]; [LEG-002]; [LEG-014]; [LEG-015],"Lead department for UK energy policy and climate change mitigation. Responsible for carbon budgets, net-zero strategy, electricity market reform (CfD, CFD), offshore wind, hydrogen strategy, CCUS clusters. Leads UK ETS Authority (with HMRC, EA, Devolved Govts). Publishes annual GHG inventory.",Policy-maker · Ministerial discretion · Funder · Standard-setter (carbon budgets via CCC advice) · Administers UK ETS (joint) · No direct enforcement power,UK,[ORG-002] DESNZ,May 2026,https://www.gov.uk/government/organisations/department-for-energy-security-and-net-zero,[IFW-02],"[INT-O-001] UNFCCC Conference of the Parties; [INT-O-002] Intergovernmental Panel on Climate Change; [INT-O-003] Subsidiary Body for Scientific and Technological Advice (UNFCCC); [INT-O-010] UN Environment Programme; [INT-O-012] UN Development Programme; [INT-O-014] World Meteorological Organisation; [INT-O-020] Task Force on Climate-related Financial Disclosures; [INT-P-002] IPCC Sixth Assessment Report (AR6) 2021–2022; [INT-P-007] UNFCCC Global Stocktake (GST); [INT-P-010] Glasgow Leaders' Declaration on Forests and Land Use (COP26, 2021); [INT-P-017] REDD+ — Reducing Emissions from Deforestation and Forest Degradation; [INT-P-019] UNEP Emissions Gap Report (annual)",,
ORG-003,Climate Change Committee,CCC,Organisation,Advisory NDPB,Climate,"Climate Change Act 2008, ss.31–40; advisory and reporting functions; independent of government",[LEG-001]; [LEG-002],Provides independent advice to UK and devolved governments on setting and meeting carbon budgets and adaptation targets. Recommends carbon budgets to Parliament. Publishes annual Progress Reports on mitigation and adaptation. Cannot force policy acceptance but government must respond formally. Members appointed by Secretary of State following open competition. Covers both mitigation (Mitigation Monitoring Framework) and adaptation (CCRA/NAP assessment).,"Statutory adviser · Recommender (carbon budgets, NAP advice) · Reporter to Parliament · No power to compel government · Advisory only",UK,[ORG-002] DESNZ & CO,May 2026,https://www.theccc.org.uk/,[IFW-02],[INT-O-002] Intergovernmental Panel on Climate Change; [INT-P-002] IPCC Sixth Assessment Report (AR6) 2021–2022; [INT-P-005] IPBES-IPCC Workshop Report: Biodiversity and Climate Change (2021); [INT-P-007] UNFCCC Global Stocktake (GST); [INT-P-014] Planetary Boundaries Framework (Stockholm Resilience Centre); [INT-P-019] UNEP Emissions Gap Report (annual); [INT-P-032] IPCC Special Report on the Ocean and Cryosphere in a Changing Climate (SROCC) 2019,,
ORG-004,Joint Nature Conservation Committee,JNCC,Organisation,Advisory NDPB,Nature & Biodiversity | Marine & Fisheries,"Natural Environment and Rural Communities Act 2006 (NERC Act), s.27; Wildlife and Countryside Act 1981 s.128; Environment Act 2021",[LEG-004]; [LEG-005]; [LEG-006],"Statutory adviser to UK Government and devolved administrations on UK-wide and international nature conservation. Forum for country NCBs (Natural England, NatureScot, NRW, NIEA) to discharge UK and international statutory responsibilities. Maintains UK Biodiversity Indicators. Advises on international conventions (CBD, CITES, Ramsar, OSPAR). No direct regulatory powers; advisory and evidence function only.",Statutory adviser · No direct regulatory or enforcement powers · Evidence-provider · Standard-setter (guidance only) · International co-ordinator · Advisory only,UK | International,[ORG-001] Defra & [ORG-034] Scottish Government & [ORG-035] Welsh Government & [ORG-036] DAERA,May 2026,https://jncc.gov.uk/,[IFW-03],"[INT-L-004] UN Convention on Biological Diversity; [INT-L-007] Kunming-Montreal Global Biodiversity Framework; [INT-L-009] Ramsar Convention on Wetlands; [INT-L-010] Convention on International Trade in Endangered Species; [INT-L-011] Convention on Migratory Species (CMS / Bonn Convention); [INT-L-013] OSPAR Convention for the Protection of the Marine Environment of the North-East Atlantic; [INT-L-015] Agreement on Biodiversity Beyond National Jurisdiction (BBNJ — 'High Seas Treaty'); [INT-O-004] CBD Conference of the Parties; [INT-O-005] Subsidiary Body on Scientific, Technical and Technological Advice (CBD); [INT-O-006] Intergovernmental Science-Policy Platform on Biodiversity and Ecosystem Services; [INT-O-008] OSPAR Commission; [INT-O-011] UN Environment Programme World Conservation Monitoring Centre; [INT-O-017] International Union for Conservation of Nature; [INT-O-021] GBF Monitoring Framework / GBF Indicators Portal; [INT-O-023] IPBES-IPCC Joint Work Programme; [INT-P-003] IPBES Global Assessment on Biodiversity and Ecosystem Services 2019; [INT-P-004] IPBES Invasive Alien Species Assessment 2023; [INT-P-005] IPBES-IPCC Workshop Report: Biodiversity and Climate Change (2021); [INT-P-006] GBF Monitoring Framework and Indicator Framework; [INT-P-012] OSPAR North-East Atlantic Environment Strategy 2030 (NEAES 2030); [INT-P-013] WWF Living Planet Report (biennial); [EU-L-001] EU Habitats Directive (Council Directive 92/43/EEC); [EU-L-002] EU Birds Directive (Directive 2009/147/EC — codification of 79/409/EEC); [EU-L-006] EU Nature Restoration Law (Regulation EU 2024/1991)",,
ORG-005,Natural England,NE,Organisation,Executive NDPB,Nature & Biodiversity | Marine & Fisheries | Land Use & Agriculture,Natural Environment and Rural Communities Act 2006 (NERC Act); Wildlife and Countryside Act 1981; Environment Act 2021; Countryside and Rights of Way Act 2000,[LEG-004]; [LEG-005]; [LEG-006]; [LEG-017],"Statutory adviser on the natural environment in England; designates and manages SSSIs and National Nature Reserves; species licensing; biodiversity net gain and nature recovery functions. Will prepare Environmental Delivery Plans and administer the Nature Restoration Fund under the Planning and Infrastructure Act 2025 ([POL-037], [POL-038]). Some water-environment functions are within scope of the proposed single water regulator [POL-039]. [Themes: nature-based solutions; natural capital; ecosystem services]","Statutory adviser · Licensor (species/habitat licences, marine licences via s.28G WCA, SSSI consents) · Designator (SSSIs, NNRs, National Landscapes) · Statutory consultee (planning) · No criminal prosecution power · No power of entry without warrant (limited) · Enforces via injunction through civil courts",England,[ORG-001] Defra,June 2026,https://www.gov.uk/government/organisations/natural-england,,[INT-L-004] UN Convention on Biological Diversity; [INT-L-009] Ramsar Convention on Wetlands; [INT-L-012] Bern Convention on European Wildlife and Natural Habitats; [INT-L-013] OSPAR Convention for the Protection of the Marine Environment of the North-East Atlantic; [INT-L-021] UNESCO Convention Concerning the Protection of the World Cultural and Natural Heritage; [INT-O-006] Intergovernmental Science-Policy Platform on Biodiversity and Ecosystem Services; [INT-O-011] UN Environment Programme World Conservation Monitoring Centre; [INT-O-017] International Union for Conservation of Nature; [INT-P-011] UN Decade on Ecosystem Restoration (2021–2030); [EU-L-001] EU Habitats Directive (Council Directive 92/43/EEC); [EU-L-002] EU Birds Directive (Directive 2009/147/EC — codification of 79/409/EEC),,
ORG-006,Environment Agency,EA,Organisation,Executive NDPB,Water | Pollution & Waste,Environment Act 1995; Water Resources Act 1991; Environmental Permitting (England and Wales) Regulations 2016; Climate Change Act 2008 (flooding); Water (Special Measures) Act 2025,[LEG-001]; [LEG-002]; [LEG-013]; [LEG-024]; [LEG-025]; [LEG-026],"Environmental regulator in England: flood and coastal erosion risk management (strategic overview), water resources and quality, abstraction, environmental permitting, and waste. Holds the FCERM strategic overview and prepares the national FCERM strategy [POL-045]. Its water functions are within scope of the proposed single water regulator following the Cunliffe Review [POL-039].","Regulator · Licensor (environmental permits, water abstraction) · Prosecutor (criminal) · Works-in-default power · Enforcement notice issuer · Monitoring and inspection · Civil sanctions · Flood risk management authority · Administers UK ETS (technical) · Power of entry",England | Wales,[ORG-001] Defra,June 2026,https://www.gov.uk/government/organisations/environment-agency,,[INT-L-018] London Protocol (Protocol to the Convention on the Prevention of Marine Pollution by Dumping of Wastes); [EU-L-003] EU Water Framework Directive (Directive 2000/60/EC); [EU-L-010] EU National Emission Ceilings Directive (Directive EU 2016/2284 — NEC Directive); [EU-L-011] EU Nitrates Directive (Council Directive 91/676/EEC); [EU-L-012] EU Floods Directive (Directive 2007/60/EC); [EU-L-016] EU Groundwater Directive (Directive 2006/118/EC); [EU-L-017] EU Bathing Water Directive (Directive 2006/7/EC — revision of 76/160/EEC),,[POL-039] Independent Water Commission (Cunliffe Review) — Final Report
ORG-007,Office for Environmental Protection,OEP,Organisation,Independent Statutory Body,Nature & Biodiversity | Water | Climate,"Environment Act 2021, Part 1; independent watchdog established January 2022",[LEG-004],"Independent watchdog holding government and public authorities accountable for compliance with environmental law. Can investigate complaints, issue information notices, decision notices, enforcement undertakings. Can take judicial review or apply for injunctions. Publishes annual Environmental Improvement Plan (EIP) monitoring reports. Cannot investigate planning decisions or GHG matters (climate change). Geographic remit is England and NI (with NI specific role); Scotland and Wales have own bodies (ECOS and CESP).",Watchdog · Investigator · Information notice issuer · Enforcement undertaking acceptor · Litigant (judicial review) · Reporter to Parliament · Cannot investigate planning decisions or GHG matters · Advisory and enforcement (limited) · Independent of government,England | Northern Ireland,[ORG-001] Defra,May 2026,https://www.theoep.org.uk/,[IFW-01],"[INT-L-022] Aarhus Convention — UN/ECE Convention on Access to Information, Public Participation and Access to Justice in Environmental Matters; [INT-O-019] Taskforce on Nature-related Financial Disclosures",,
ORG-008,Marine Management Organisation,MMO,Organisation,Executive NDPB,Marine & Fisheries | Land Use & Agriculture,Marine and Coastal Access Act 2009; Marine Strategy Regulations 2010; EU-retained fisheries legislation,[LEG-011]; [LEG-022],"Regulates and plans England's marine environment. Produces and updates marine plans. Issues marine licences (development, deposits). Manages English fishing fleet licences and quota. Enforces fisheries rules. Implements marine conservation zones. Leads on Marine Protected Area (MPA) management. Contributes to UK Marine Policy Statement.","Regulator · Licensor (marine licences, fishing vessel licences) · Quota manager · Marine plan author · Enforcer (fisheries) · Enforcement notice issuer · Power of detention (vessels) · Designated competent authority",UK,[ORG-001] Defra,May 2026,https://www.gov.uk/government/organisations/marine-management-organisation,,[INT-L-013] OSPAR Convention for the Protection of the Marine Environment of the North-East Atlantic; [INT-L-014] UN Convention on the Law of the Sea; [INT-L-015] Agreement on Biodiversity Beyond National Jurisdiction (BBNJ — 'High Seas Treaty'); [INT-O-008] OSPAR Commission; [INT-O-009] International Council for the Exploration of the Sea; [INT-P-012] OSPAR North-East Atlantic Environment Strategy 2030 (NEAES 2030); [INT-P-018] High Seas Alliance / 30×30 for the Ocean; [EU-L-004] EU Marine Strategy Framework Directive (Directive 2008/56/EC — MSFD); [EU-L-013] EU Maritime Spatial Planning Directive (Directive 2014/89/EU),,
ORG-009,Forestry Commission,FC,Organisation,Non-Ministerial Department,Climate | Land Use & Agriculture,Forestry Act 1967; Environment Act 2021 (tree targets); Scotland/Wales have separate statutory basis,[LEG-004]; [LEG-027],"Government department for forestry in England (post-2019 the Forestry Commission is England-focused; delivery via Forestry England, [ORG-027], and research via Forest Research, [ORG-026]). Sets and enforces forestry standards, tree health and woodland creation. Welsh forestry sits with Natural Resources Wales; Scottish forestry with Scottish Forestry [ORG-028] and Forestry and Land Scotland [ORG-029].",Regulator · Licensor (felling licences) · Grant administrator (woodland grants) · Enforcer (illegal felling; fixed penalties and prosecution) · Statutory consultee (planning for trees/woodlands) · Forest inventory authority,England,[ORG-001] Defra,June 2026,https://www.gov.uk/government/organisations/forestry-commission,,[INT-L-023] International Plant Protection Convention; [INT-O-028] European and Mediterranean Plant Protection Organization; [INT-P-011] UN Decade on Ecosystem Restoration (2021–2030); [INT-P-017] REDD+ — Reducing Emissions from Deforestation and Forest Degradation,[ORG-028] Scottish Forestry,
ORG-010,National Energy System Operator,NESO,Organisation,Executive NDPB,Energy,"Energy Act 2023, ss.1–25; operationally independent from April 2024",[LEG-014],Independent system operator for electricity and (future) gas networks. Produces Holistic Network Design for offshore wind connection. Publishes Clean Power Action Plan guidance. Coordinates electricity balancing and network planning. Takes over functions from Electricity System Operator (National Grid ESO) and advises on future hydrogen/gas network. Provides strategic advice to DESNZ on long-term energy system planning.,Statutory adviser (strategic energy system) · System operator · Network planner · Independent of government on technical matters · Advisory only (on policy); operational authority on system balancing,GB,[ORG-002] DESNZ,May 2026,https://www.nationalgrideso.com/,,,,
ORG-011,Water Services Regulation Authority,Ofwat,Organisation,Independent Regulator,Climate | Water,Water Industry Act 1991; Water Act 2014; Water (Special Measures) Act 2025 (new duties 2025),[LEG-012]; [LEG-013]; [LEG-023],"Economic regulator of the water and sewerage sectors in England and Wales: price reviews, licensing and company oversight. NOTE: following the Independent Water Commission (Cunliffe Review) final report (Jul 2025), the Government has confirmed Ofwat will be abolished and replaced by a single water regulator merging Ofwat with the water functions of the Environment Agency, Natural England and the Drinking Water Inspectorate. See [POL-039]. Reform legislation pending; Ofwat continues to operate in the interim.",Economic regulator · Price control setter (quinquennial) · Licence issuer (water/wastewater operators) · Enforcement notice issuer · Special administration order applicant · Penalty imposer · Cannot prosecute criminal offences · Must have due regard to EA and CCA targets (from 2025),England | Wales,[ORG-001] Defra,June 2026,https://www.ofwat.gov.uk/,,,,[POL-039] Independent Water Commission (Cunliffe Review) — Final Report
ORG-012,Office of Gas and Electricity Markets,Ofgem,Organisation,Independent Regulator,Energy,Gas Act 1986; Electricity Act 1989; Energy Act 2023; Utilities Act 2000,[LEG-014]; [LEG-015]; [LEG-028]; [LEG-029],Independent economic regulator for gas and electricity markets. Sets price controls for network companies. Administers CfD settlement. Oversees Renewable Heat Incentive wind-down. Must have regard to net-zero target when setting price controls. Supports NESO on system resilience. Does not set climate policy but regulatory decisions shape low-carbon investment.,"Economic regulator · Licence issuer (gas/electricity suppliers, networks) · Price control setter · Enforcement notice issuer · Consumer protection authority · Penalty imposer · Cannot prosecute criminal offences · Must have regard to net-zero target",GB,[ORG-002] DESNZ,May 2026,https://www.ofgem.gov.uk/,,,,
ORG-013,UK ETS Authority,UK ETS,Organisation,Advisory NDPB,Climate,Greenhouse Gas Emissions Trading Scheme Order 2020 (SI 2020/1265); Finance Act 2020 (penalties); Energy Act 2023 (expansion provisions),[LEG-014]; [LEG-030]; [LEG-031],"Governs the UK Emissions Trading Scheme (UK ETS) jointly (DESNZ, Scottish Government, Welsh Government, NIEA with HMRC). Sets cap on ETS sectors (~30% of UK emissions: power, industry, aviation). Conducts auctions. Monitors compliance. Expanding scope to shipping; considering waste and buildings. Aligns UK ETS cap with carbon budgets.",Rule-setter (UK ETS cap and design) · Auction authority · Compliance overseer · Penalty referrer (via HMRC and EA) · Advisory function on scheme development · Joint governance (no single authority),UK,[ORG-002] DESNZ & [ORG-034] Scottish Govt & [ORG-035] Welsh Govt & [ORG-016] NIEA,May 2026,https://www.gov.uk/guidance/participating-in-the-uk-ets,,"[EU-L-014] EU Emissions Trading System (Directive 2003/87/EC, as amended by Directive EU 2023/959)",,
ORG-014,Scottish Natural Heritage,NatureScot,Organisation,Devolved Public Body,Nature & Biodiversity | Land Use & Agriculture,Nature Conservation (Scotland) Act 2004; Wildlife and Natural Environment (Scotland) Act 2011; Environment (Scotland) Act 2023 (new duties),[LEG-032]; [LEG-033]; [LEG-034],"Statutory nature conservation body for Scotland. Advises Scottish Government. Designates and manages SSSIs, NNRs, SPAs, SACs, National Parks. Contributes to JNCC for UK-wide responsibilities. Scotland's equivalent to Natural England.","Statutory adviser · Designator (SSSIs Scotland: Sites of Special Scientific Interest, NNRs, SPAs) · Licensor (species disturbance licences, Scotland) · Statutory consultee · Devolved equivalent of Natural England",Scotland,[ORG-034] Scottish Govt,May 2026,https://www.nature.scot/,,[INT-L-009] Ramsar Convention on Wetlands; [INT-L-012] Bern Convention on European Wildlife and Natural Habitats; [INT-L-021] UNESCO Convention Concerning the Protection of the World Cultural and Natural Heritage; [EU-L-001] EU Habitats Directive (Council Directive 92/43/EEC); [EU-L-008] EU Regulation on Invasive Alien Species (Regulation EU 1143/2014),,
ORG-015,Natural Resources Wales,NRW,Organisation,Devolved Public Body,Nature & Biodiversity | Marine & Fisheries | Water | Land Use & Agriculture,Environment (Wales) Act 2016; Well-being of Future Generations (Wales) Act 2015; Natural Resources Body for Wales (Establishment) Order 2012,[LEG-035]; [LEG-036]; [LEG-037],"Manages, enhances and promotes the sustainable management of the natural resources of Wales. Functions of former CCW, EA Wales and Forestry Commission Wales. Includes regulatory, advisory and forestry functions. Wales' equivalent of Natural England + EA + Forestry Commission combined.",Regulator · Statutory adviser · Licensor · Enforcer · Forestry authority (Wales) · Flood risk authority (Wales) · Devolved equivalent of Natural England + EA + Forestry Commission combined,Wales,[ORG-035] Welsh Govt,May 2026,https://naturalresources.wales/,,[INT-L-009] Ramsar Convention on Wetlands; [INT-L-012] Bern Convention on European Wildlife and Natural Habitats; [INT-L-021] UNESCO Convention Concerning the Protection of the World Cultural and Natural Heritage; [EU-L-001] EU Habitats Directive (Council Directive 92/43/EEC); [EU-L-003] EU Water Framework Directive (Directive 2000/60/EC); [EU-L-008] EU Regulation on Invasive Alien Species (Regulation EU 1143/2014),,
ORG-016,Northern Ireland Environment Agency,NIEA,Organisation,Devolved Public Body,Nature & Biodiversity | Water | Pollution & Waste,Environment (Northern Ireland) Order 2002; Wildlife (Northern Ireland) Order 1985; Clean Air Act (NI); various,[LEG-038]; [LEG-039]; [LEG-040],"Regulates and advises on environment protection in NI. Part of DAERA. Manages designated sites (AOSSIs), protected species, water quality, waste. NI's equivalent of EA and Natural England combined.",Regulator · Statutory adviser · Licensor (environmental permits NI) · Enforcer · Designator (AOSSIs) · Devolved equivalent of EA + Natural England for Northern Ireland,Northern Ireland,[ORG-036] DAERA,May 2026,https://www.daera-ni.gov.uk/daera/northern-ireland-environment-agency,,[EU-L-008] EU Regulation on Invasive Alien Species (Regulation EU 1143/2014),,
ORG-017,Met Office,Met Office,Organisation,Executive Agency / Trading Fund,Climate,"Meteorological Office Trading Fund Order 1996 (SI 1996/774), made under the Government Trading Funds Act 1973; Executive Agency of DESNZ",[LEG-048]; [LEG-049],"National meteorological and climate science authority. Provides official weather forecasts, climate projections (UK Climate Projections, UKCP18/UKCP21), and scientific data underpinning the statutory Climate Change Risk Assessment (CCRA), National Adaptation Programme, carbon budget advice, and many nature policy indicators. Delivers public weather warnings. Co-leads UK National Climate Science Partnership (UKNCSP) with NERC centres. Non-economic functions (e.g., official weather observations) are reserved to Met Office by law; economic services offered commercially. Has Crown status.",Science provider · Data authority · Climate projections publisher · No regulatory powers over nature or climate · No enforcement powers · Crown status · Public task functions reserved by law,UK | International,DSIT,May 2026,https://www.gov.uk/government/organisations/met-office,,[INT-O-002] Intergovernmental Panel on Climate Change; [INT-O-003] Subsidiary Body for Scientific and Technological Advice (UNFCCC); [INT-O-014] World Meteorological Organisation; [INT-O-015] Global Climate Observing System; [INT-O-023] IPBES-IPCC Joint Work Programme; [INT-O-024] Intergovernmental Oceanographic Commission; [INT-O-025] Global Ocean Observing System; [INT-O-026] Arctic Council; [INT-O-027] Arctic Monitoring and Assessment Programme; [INT-P-002] IPCC Sixth Assessment Report (AR6) 2021–2022; [INT-P-005] IPBES-IPCC Workshop Report: Biodiversity and Climate Change (2021); [INT-P-019] UNEP Emissions Gap Report (annual); [INT-P-032] IPCC Special Report on the Ocean and Cryosphere in a Changing Climate (SROCC) 2019; [INT-P-033] UN Decade of Ocean Science for Sustainable Development (2021-2030),,
ORG-018,"Centre for Environment, Fisheries and Aquaculture Science",Cefas,Organisation,Executive Agency,Marine & Fisheries | Biosecurity,"Created 1997 as Defra Executive Agency under functions of the Secretary of State for Environment, Food and Rural Affairs; statutory functions under Fisheries Act 2020, Aquatic Animal Health (England and Wales) Regulations 2009, Marine Strategy Regulations 2010, Water Framework Directive (retained)",[LEG-022]; [LEG-046]; [LEG-047]; [LEG-052],"Leads UK marine science on behalf of government. Collects and interprets data on the aquatic environment, biodiversity and fisheries. Delivers statutory monitoring and inspection services (including UK statutory monitoring under Marine Strategy Regulations). Operates Fish Health Inspectorate (FHI), which exercises statutory disease-control powers in fish and shellfish. Provides scientific advice for marine protected area management, NCEA marine programme, and fisheries management plans. Acts as national reference laboratory for aquatic animal diseases.",Science provider · Statutory monitoring authority · Licensor (fish health statutory controls via FHI) · Enforcer (aquatic animal disease designations) · Inspector · National reference laboratory · Advisory to government,UK | England | Wales,[ORG-001] Defra,May 2026,https://www.gov.uk/government/organisations/centre-for-environment-fisheries-and-aquaculture-science,,[INT-O-008] OSPAR Commission; [INT-O-009] International Council for the Exploration of the Sea; [INT-P-012] OSPAR North-East Atlantic Environment Strategy 2030 (NEAES 2030),,
ORG-019,Royal Botanic Gardens Kew,RBG Kew,Organisation,Executive NDPB,Nature & Biodiversity,National Heritage Act 1983 — established RBG Kew as an Executive Non-Departmental Public Body with exempt charitable status; sponsored by Defra,[LEG-041],"World-leading scientific organisation in plant and fungal diversity, conservation and sustainable development. Operates Wakehurst Millennium Seed Bank — the largest wild plant seed bank in the world, conserving genetic diversity of >40,000 species. Advises government on plant genetic resources under the CBD/Nagoya Protocol and GBF Target 13. Conducts research on nature-based solutions and carbon sequestration in vegetation. Contributes science to Environment Act targets on species diversity and habitat condition. Provides plant health quarantine services. Listed in Defra Accounting Officer System Statement.","Science provider · Seed bank operator · Advisory to government (genetic resources, CBD/GBF) · Quarantine services provider · No regulatory or enforcement powers",UK | International,[ORG-001] Defra,May 2026,https://www.gov.uk/government/organisations/board-of-trustees-of-the-royal-botanic-gardens-kew,,[INT-L-006] Nagoya Protocol on Access and Benefit-Sharing; [INT-L-024] International Treaty on Plant Genetic Resources for Food and Agriculture; [INT-P-016] Global Biodiversity Finance Initiative (GBF Finance / Cali Fund),,
ORG-020,Animal and Plant Health Agency,APHA,Organisation,Executive Agency,Nature & Biodiversity | Biosecurity,Executive Agency of Defra (and Scottish and Welsh Governments) since October 2014; statutory functions under Animal Health Act 1981; Plant Health Act 1967 (as amended); Plant Health (England) Order 2015 (SI 2015/610); various retained EU plant and animal health regulations; Convention on International Trade in Endangered Species (CITES) Management Authority,[LEG-042]; [LEG-043]; [LEG-044],"National regulator for animal and plant biosecurity in Great Britain. Controls and eradicates animal and plant diseases, pests and invasive non-native species (INNS). Delivers statutory plant and animal health inspections, certification and enforcement. UK CITES Management Authority — licenses trade in endangered species, relevant to biodiversity and INNS targets. Implements Plant Biosecurity Strategy for GB (2023–28) and Tree Health Resilience Strategy (2018). Runs enforcement programme on illegal importation of animals, plants and products. Provides scientific research on disease and biosecurity. Operates government inspectorates under statutory powers.","Regulator · Statutory inspector · Licensor (CITES permits, import licences) · Prosecutor (plant and animal health offences) · Enforcement notice issuer · UK CITES Management Authority · Certificate issuer · National Competent Authority (plant/animal health) · Scientific adviser",GB | England,[ORG-001] Defra & [ORG-034] Scottish Govt & [ORG-035] Welsh Govt,May 2026,https://www.gov.uk/government/organisations/animal-and-plant-health-agency,,[INT-L-005] Cartagena Protocol on Biosafety; [INT-L-006] Nagoya Protocol on Access and Benefit-Sharing; [INT-L-010] Convention on International Trade in Endangered Species; [INT-L-023] International Plant Protection Convention; [INT-O-028] European and Mediterranean Plant Protection Organization; [INT-O-029] World Organisation for Animal Health (formerly OIE); [INT-O-030] Food and Agriculture Organization of the United Nations; [INT-P-004] IPBES Invasive Alien Species Assessment 2023; [EU-L-008] EU Regulation on Invasive Alien Species (Regulation EU 1143/2014),,
ORG-021,"Ministry of Housing, Communities and Local Government",MHCLG,Organisation,Ministerial Department,"Urban & Buildings | Nature & Biodiversity | Governance, Society & Data","Responsible for the planning system in England, including the National Planning Policy Framework, the Planning Act 2008 NSIP regime, the Levelling-up and Regeneration Act 2023 and the Planning and Infrastructure Act 2025.",[LEG-053]; [LEG-054]; [LEG-055]; [LEG-016],"Lead department for planning, housing, local government and the planning-nature interface (biodiversity net gain in planning, environmental outcomes reports, nutrient neutrality). Co-owns environmental assessment reform with Defra.",Policy lead | Planning authority sponsor,England,[ORG-021] MHCLG,June 2026,https://www.gov.uk/government/organisations/ministry-of-housing-communities-local-government,,,,
ORG-022,Drinking Water Inspectorate,DWI,Organisation,Independent Regulator,Water,Regulates the quality of public water supplies in England and Wales under the Water Industry Act 1991 and associated regulations; operates within Defra.,[LEG-012],"Independent drinking-water quality regulator; assesses water company compliance, investigates incidents and enforces water-quality standards. Within scope of the proposed single water regulator following the Cunliffe Review [POL-039].",Regulator | Inspector | Enforcer,England | Wales,[ORG-001] Defra,June 2026,https://www.dwi.gov.uk/,,,,[POL-039] Independent Water Commission (Cunliffe Review) — Final Report
ORG-023,National Infrastructure and Service Transformation Authority,NISTA,Organisation,Government Unit / Authority,"Energy | Climate | Governance, Society & Data | Transport",Joint unit of HM Treasury and the Cabinet Office (established 1 Apr 2025); non-statutory. Combines the former National Infrastructure Commission and Infrastructure and Projects Authority.,,"Advises on and oversees delivery of major infrastructure, including net-zero and climate-resilient infrastructure, and leads the 10-year National Infrastructure Strategy. Strategy plus delivery-assurance functions under one body, with an Advisory Council drawn from the former NIC commissioners.",Advisory | Strategy lead | Assurance,UK,[ORG-032] HMT & Cabinet Office,June 2026,https://www.gov.uk/government/organisations/national-infrastructure-and-service-transformation-authority,,,,
ORG-024,The Crown Estate,Crown Estate,Organisation,Independent Statutory Body,Marine & Fisheries | Energy | Nature & Biodiversity | Land Use & Agriculture,Statutory corporation managing the Crown Estate under the Crown Estate Act 1961 (as amended by the Crown Estate Act 2025); independent commercial business with a duty to maintain and enhance the estate.,,"Manages the seabed and much of the foreshore around England, Wales and Northern Ireland; leases the seabed for offshore wind (a key lever for energy-nature trade-offs and marine spatial planning) and manages rural and marine holdings. Surplus revenue passes to the Treasury.",Landowner | Seabed leasing | Asset manager,England | Wales | Northern Ireland,[ORG-032] HMT,June 2026,https://www.thecrownestate.co.uk/,,,,
ORG-025,Crown Estate Scotland,Crown Estate Scotland,Organisation,Devolved Public Body,Marine & Fisheries | Energy | Nature & Biodiversity | Land Use & Agriculture,Devolved public corporation managing Crown Estate assets in Scotland following the Scotland Act 2016 devolution settlement.,,"Manages Scotland’s seabed, foreshore and rural estate, including ScotWind offshore wind leasing. Devolved counterpart to The Crown Estate [ORG-024].",Landowner | Seabed leasing | Asset manager,Scotland,[ORG-034] Scottish Government,June 2026,https://www.crownestatescotland.com/,,,[ORG-024] The Crown Estate,
ORG-026,Forest Research,Forest Research,Organisation,Executive Agency,Nature & Biodiversity | Climate | Land Use & Agriculture | Biosecurity,Executive agency of the Forestry Commission; the principal organisation for forestry and tree-related research in Great Britain.,[LEG-027],"Forestry and tree science: forest carbon, tree health and pests, woodland creation, climate adaptation of forests, and evidence underpinning the Woodland Carbon Code. Science provider to government on forestry and nature-based climate mitigation. [Themes: nature-based solutions; natural capital; ecosystem services]",Science provider | Data authority,GB,[ORG-009] FC,June 2026,https://www.forestresearch.gov.uk/,,,,
ORG-027,Forestry England,Forestry England,Organisation,Executive Agency,Nature & Biodiversity | Climate | Land Use & Agriculture,Executive agency of the Forestry Commission managing the public forest estate in England.,[LEG-027],"Manages the nation’s public forests for timber, recreation, biodiversity and carbon; delivers woodland creation and nature recovery on the public estate. Operational arm of the Forestry Commission [ORG-009] in England. [Themes: nature-based solutions; natural capital; ecosystem services]",Land manager | Delivery body,England,[ORG-009] FC,June 2026,https://www.forestryengland.uk/,,,[ORG-029] Forestry and Land Scotland,
ORG-028,Scottish Forestry,Scottish Forestry,Organisation,Devolved Public Body,Nature & Biodiversity | Climate | Land Use & Agriculture,"Scottish Government agency responsible for forestry policy, regulation, grants and felling licences in Scotland (from the 2019 devolution of forestry functions).",,"Regulates forestry, administers woodland creation grants and felling licences, and advises Scottish Ministers; supports woodland expansion for climate and nature. Devolved counterpart of the Forestry Commission [ORG-009]. [Themes: nature-based solutions; natural capital; ecosystem services]",Regulator | Licensor | Grant body,Scotland,[ORG-034] Scottish Government,June 2026,https://forestry.gov.scot/,,,,
ORG-029,Forestry and Land Scotland,FLS,Organisation,Devolved Public Body,Nature & Biodiversity | Climate | Land Use & Agriculture,Scottish Government agency managing Scotland’s national forests and land (from the 2019 devolution of forestry functions).,,"Manages the national forests and land for timber, biodiversity, recreation and carbon; delivery counterpart to Forestry England [ORG-027] in Scotland. [Themes: nature-based solutions; natural capital; ecosystem services]",Land manager | Delivery body,Scotland,[ORG-034] Scottish Government,June 2026,https://forestryandland.gov.scot/,,,,
ORG-030,UK Research and Innovation (incl. Natural Environment Research Council),UKRI,Organisation,Executive NDPB,"Nature & Biodiversity | Climate | Governance, Society & Data","Non-departmental public body established under the Higher Education and Research Act 2017, sponsored by DSIT; includes the Natural Environment Research Council (NERC).",,"Funds UK environmental and climate science, including (via NERC) long-term biodiversity and ecosystem monitoring and environmental observation that underpins many indicators. Funder behind data providers such as the UK Centre for Ecology & Hydrology. [Themes: nature-based solutions; natural capital; ecosystem services]",Science funder | Data authority,UK,DSIT,June 2026,https://www.ukri.org/councils/nerc/,,,,
ORG-031,Northern Ireland Climate Commissioner,NICC,Organisation,Independent Statutory Body,Climate,"Independent oversight office established under the Climate Change Act (Northern Ireland) 2022, s.50, to oversee and report on operation of the Act.",[LEG-059],"Independent oversight of departmental compliance with NI climate obligations: annual monitoring, reporting, advice and commissioned research. NI counterpart oversight function to the Climate Change Committee’s UK role.",Advisory | Oversight | Reporting,Northern Ireland,[ORG-036] DAERA,June 2026,https://www.legislation.gov.uk/nia/2022/31/contents,,,,
ORG-032,HM Treasury,HMT,Organisation,Ministerial Department,"Finance | Climate | Nature & Biodiversity | Governance, Society & Data",The UK government’s economic and finance ministry; owns the Green Book appraisal framework and green-finance policy.,,"Sets the Green Book appraisal methodology (incl. carbon and natural-capital valuation, [POL-042]), commissioned the Dasgupta Review [POL-043], and leads on green finance and the fiscal framework for net zero and nature. Sponsor of The Crown Estate [ORG-024] and NISTA [ORG-023]. [Themes: nature-based solutions; natural capital; ecosystem services]",Policy lead | Appraisal authority,UK,[ORG-032] HMT,June 2026,https://www.gov.uk/government/organisations/hm-treasury,,,,
ORG-033,Department for Transport,DfT,Organisation,Ministerial Department,Climate | Energy | Transport,UK government department for transport; lead for transport decarbonisation under Climate Change Act 2008 carbon budgets.,[LEG-001],"Leads decarbonisation of the largest-emitting UK sector via the Transport Decarbonisation Plan [POL-046], zero-emission vehicle policy and modal shift. Key delivery department for the Carbon Budget Delivery Plan [POL-004].",Policy lead | Delivery department,UK,[ORG-033] DfT,June 2026,https://www.gov.uk/government/organisations/department-for-transport,,,,
ORG-034,Scottish Government,Scot Gov,Organisation,Devolved Administration,"Governance, Society & Data","Devolved executive responsible for climate, environment, agriculture, land use and marine policy in Scotland under the Scotland Act 1998.",,"Devolved government of Scotland; sets and delivers Scottish climate (e.g. Climate Change (Scotland) Act 2009), biodiversity, agriculture and land-reform policy; sponsors NatureScot, Scottish Forestry, Forestry and Land Scotland and Crown Estate Scotland.",Policy-maker - Funder - Sponsor body,Scotland,,June 2026,https://www.gov.scot,,,,
ORG-035,Welsh Government,Welsh Gov,Organisation,Devolved Administration,"Governance, Society & Data","Devolved executive responsible for climate, environment, agriculture, land use and marine policy in Wales under the Government of Wales Act 2006.",,"Devolved government of Wales; sets and delivers Welsh environment (e.g. Environment (Wales) Act 2016; Well-being of Future Generations (Wales) Act 2015), agriculture (Agriculture (Wales) Act 2023) and land-use policy; sponsors Natural Resources Wales.",Policy-maker - Funder - Sponsor body,Wales,,June 2026,https://www.gov.wales,,,,
ORG-036,"Department of Agriculture, Environment and Rural Affairs",DAERA,Organisation,Devolved Administration,"Governance, Society & Data","Northern Ireland Executive department responsible for agriculture, environment, fisheries, forestry and rural affairs.",,"Lead NI department for environment, agriculture, climate (Climate Change Act (Northern Ireland) 2022), biodiversity, marine and plant/animal health; includes the Northern Ireland Environment Agency (NIEA) and NI forestry functions.",Policy-maker - Regulator - Funder - Sponsor body,Northern Ireland,,June 2026,https://www.daera-ni.gov.uk,,,,
ORG-037,Local Authorities (collective),LAs,Organisation,Local Government (collective),"Governance, Society & Data","Principal local authorities exercising statutory planning, biodiversity (LNRS responsible authorities; biodiversity duty under the Environment Act 2021), flood-risk and air-quality functions.",,"Collective placeholder for county, unitary, district and combined authorities delivering local planning (incl. BNG determination), Local Nature Recovery Strategies, local flood-risk management and air-quality management; not a single body.",Planning authority - Designator - Enforcer - Responsible authority (LNRS),England,[ORG-021] MHCLG,June 2026,,,,,
ORG-038,Rural Payments Agency,RPA,Organisation,Executive Agency,Land Use & Agriculture,Executive agency of Defra delivering rural and agricultural payments and schemes in England.,,"Pays and administers farming and land-management schemes in England (Countryside Stewardship, SFI, CSHT, Landscape Recovery agreements, capital grants); registers land and maintains the Rural Payments service.",Paying agency - Scheme administrator - Inspector,England,[ORG-001] Defra,June 2026,https://www.gov.uk/government/organisations/rural-payments-agency,,,,
ORG-039,"Foreign, Commonwealth and Development Office",FCDO,Organisation,Ministerial Department,"Governance, Society & Data","UK ministerial department responsible for foreign policy, international development and the UK diplomatic network.",,"Leads UK international climate and nature diplomacy, International Climate Finance (ICF) and UK representation in multilateral environmental fora; co-leads UNFCCC/CBD delegations with DESNZ/Defra.",Policy-maker - Funder - Diplomatic lead,UK / International,,June 2026,https://www.gov.uk/government/organisations/foreign-commonwealth-development-office,,[INT-O-026] Arctic Council; [INT-O-027] Arctic Monitoring and Assessment Programme,,
ORG-040,Financial Conduct Authority,FCA,Organisation,Independent Statutory Body,"Governance, Society & Data | Finance",Independent UK financial regulator under the Financial Services and Markets Act 2000; regulates conduct of financial firms and markets.,,Sets Listing Rules and disclosure requirements including climate-related financial disclosures (TCFD / ISSB-aligned); authorises and supervises firms; enforces market conduct.,Regulator - Rule-maker - Enforcer,UK,[ORG-032] HMT,June 2026,https://www.fca.org.uk,,,,
ORG-041,Cabinet Office,CO,Organisation,Ministerial Department,"Governance, Society & Data","Central UK government department supporting the Prime Minister and Cabinet; coordinates cross-government policy, resilience and the civil service.",,"Cross-government coordination, national resilience and risk (incl. climate adaptation risk via the National Risk Register), and propriety and constitutional functions.",Coordination body - Policy-maker,UK,,June 2026,https://www.gov.uk/government/organisations/cabinet-office,,,,
ORG-042,State of Nature Partnership,SoN Partnership,Organisation,NGO Partnership / Coalition,Nature & Biodiversity,,,"Coalition of more than 60 UK conservation and research organisations (incl. RSPB, National Trust, The Wildlife Trusts, WWF-UK, BTO, Plantlife, Buglife, Bat Conservation Trust; JNCC contributes data). Produces the periodic State of Nature report synthesising UK species and habitat trends from national biological recording schemes. No statutory or regulatory powers; evidence-generation and advocacy function.",Evidence-provider · Advocacy · No statutory or regulatory powers,UK | GB | England | NI,,June 2026,https://stateofnature.org.uk/,[IFW-04],,,
ORG-043,Food Standards Agency,FSA,Organisation,Non-Ministerial Department,Marine & Fisheries | Biosecurity,"Non-ministerial government department established under the Food Standards Act 1999, accountable to Parliament through Health ministers. Protects public health and consumer interests in relation to food in England, Wales and Northern Ireland.",,"UK-wide (excluding Scotland) food-safety and standards authority. Sets policy for, and makes final decisions on, the monitoring and classification of shellfish harvesting areas; commissions Cefas to deliver the microbiological, biotoxin and phytoplankton (harmful algal bloom) monitoring programmes that protect shellfisheries and consumers.",Regulator · Food-safety authority · Sets shellfish harvesting-area classifications · Official-control commissioner,England | Wales | Northern Ireland,,July 2026,https://www.food.gov.uk/,,,,
ORG-044,Food Standards Scotland,FSS,Organisation,Non-Ministerial Department,Marine & Fisheries | Biosecurity,"Non-ministerial department of the Scottish Administration established by the Food (Scotland) Act 2015 (launched 1 April 2015), taking over the Food Standards Agency’s functions in Scotland.",,"Food safety, food standards, nutrition, labelling and meat inspection in Scotland. Sets shellfish harvesting-area classification policy for Scottish waters and commissions Cefas biotoxin and phytoplankton monitoring, protecting shellfisheries and consumers.",Regulator · Food-safety authority · Sets shellfish harvesting-area classifications (Scotland),Scotland,[ORG-034] Scottish Govt,July 2026,https://www.foodstandards.gov.scot/,,,,
