Record_ID,Indicator_Name,Source_Framework,NCF_Category,Policy_Sector,Indicator_Type,Units_Measure,Scope,Policy_Goal,Source_Reference,Data_Source,Climate_Score,Climate_Dependency,Climate_Rationale,SDG_Goals_Clean,Framework_Classification,GBF_Targets_Clean,Policy_Links
BIP-001,Biodiversity Barometer,Biodiversity Indicators Partnership (BIP),Enabling,"Nature & Biodiversity | Governance, Society & Data",Policy / governance metric,% of public aware of term 'biodiversity'; survey index,Global / Regional,SDG 4 (Quality Education): Relevant to SDG 4.7 (education for sustainable development); SDG 15.9 (integrate biodiversity values into planning). GBF Target 21 (knowledge for decision-making) and Target 22 (participation of indigenous peoples).,bipindicators.net/indicators/biodiversity-barometer; IUCN / Louis Harris International,Louis Harris International surveys; IUCN,0,0 – None,Awareness surveys; no climate data.,SDG-4; SDG-15,Theme: Awareness; Status: Available,GBF-T21; GBF-T22,[INT-L-004]; [INT-L-007]
BIP-002,Biodiversity Engagement Indicator,Biodiversity Indicators Partnership (BIP),Enabling,"Nature & Biodiversity | Governance, Society & Data",Policy / governance metric,"Engagement index aggregated from Twitter, online news and Google Trends (22 keywords, 31 languages)",Global,SDG 4 (Quality Education): Relevant to SDG 4.7 (education for sustainable development); SDG 13.1 (climate awareness). GBF Target 21 (knowledge and data for decision-making).,"bipindicators.net/indicators/global-biodiversity-engagement-indicator; Greenville et al. 2019, Biological Conservation",Twitter API; online news aggregators; Google Trends,0,0 – None,Social media/web engagement data; no climate inputs.,SDG-4; SDG-13; SDG-15,Theme: Awareness; Status: Available,GBF-T21,[INT-L-004]; [INT-L-007]
BIP-003,WAZA bio-literacy survey (Biodiversity literacy in global zoo and aquarium visitors),Biodiversity Indicators Partnership (BIP),Enabling,"Nature & Biodiversity | Governance, Society & Data",Policy / governance metric,% increase in biodiversity literacy score over zoo/aquarium visit,Global,SDG 4 (Quality Education): Relevant to SDG 4.7 (education for sustainable development); SDG 12.8 (universal access to information for sustainable lifestyles). GBF Target 21 (knowledge) and Target 22 (participation).,bipindicators.net/indicators/waza-bio-literacy-survey; Chester Zoo / WAZA,World Association of Zoos and Aquariums (WAZA); Chester Zoo,0,0 – None,Zoo visitor surveys; no climate data.,SDG-4,Theme: Awareness; Status: In development,GBF-T21; GBF-T22,[INT-L-004]; [INT-L-007]
BIP-004,Number of countries with biodiversity-relevant charges and fees,Biodiversity Indicators Partnership (BIP),Enabling,"Nature & Biodiversity | Finance | Governance, Society & Data",Policy / governance metric,Count of countries with biodiversity fiscal instruments,Global,SDG 15 (Life on Land): Relevant to SDG 15.9 (integrate biodiversity values into planning). GBF Target 18 (eliminate harmful subsidies – USD 500bn by 2030).,bipindicators.net; OECD/Eurostat PINE database,OECD Policy Instruments for the Environment (PINE),0,0 – None,Fiscal policy data; no climate data.,SDG-15; SDG-17,Theme: Policy; Status: Available,GBF-T18,[INT-L-004]; [INT-L-007]
BIP-005,Number of countries with biodiversity-relevant taxes,Biodiversity Indicators Partnership (BIP),Enabling,"Nature & Biodiversity | Finance | Governance, Society & Data",Policy / governance metric,Count of countries with biodiversity-specific tax instruments,Global,"SDG 15 (Life on Land): Relevant to SDG 15.9 (integrate biodiversity values into planning). GBF Target 18 (eliminate harmful subsidies, scale up positive incentives).",bipindicators.net; OECD PINE database,OECD Policy Instruments for the Environment (PINE),0,0 – None,Tax policy data; no climate data.,SDG-15,Theme: Policy; Status: Available,GBF-T18,[INT-L-004]; [INT-L-007]
BIP-006,Number of countries with biodiversity-relevant tradable permit schemes,Biodiversity Indicators Partnership (BIP),Enabling,"Nature & Biodiversity | Governance, Society & Data",Policy / governance metric,Count of countries with tradable permit/offset schemes for biodiversity,Global,SDG 15 (Life on Land): Relevant to SDG 15.9 (integrate biodiversity values into planning). GBF Target 18 (scale up positive incentives for biodiversity).,bipindicators.net; OECD PINE database,OECD Policy Instruments for the Environment (PINE),0,0 – None,Policy data; no climate data.,SDG-15,Theme: Policy; Status: Available,GBF-T18,[INT-L-004]; [INT-L-007]
BIP-007,Trends in potentially environmentally harmful elements of government support to agriculture (producer support estimate),Biodiversity Indicators Partnership (BIP),Pressure,"Land Use & Agriculture | Finance | Governance, Society & Data",Pressure / threat index,USD billion/year of potentially harmful agricultural subsidies,Global,SDG 2 (Zero Hunger) and SDG 15 (Life on Land): Relevant to SDG 2.4 (sustainable food production); SDG 15.9 (integrate biodiversity values into planning). GBF Target 18 (eliminate harmful subsidies – USD 500bn by 2030).,bipindicators.net/indicators/producer-support-estimate; OECD PSE database,OECD Producer Support Estimate (PSE) database,0,0 – None,Agricultural subsidy data from OECD; no climate data.,SDG-2; SDG-15,Theme: Policy; Status: Available,GBF-T18,[INT-L-004]; [INT-L-007]
BIP-008,Number of countries with developed or revised NBSAPs,Biodiversity Indicators Partnership (BIP),Enabling,"Nature & Biodiversity | Governance, Society & Data",Policy / governance metric,Count of countries with a current National Biodiversity Strategy and Action Plan,Global,SDG 15 (Life on Land): Relevant to SDG 15.9 (integrate ecosystem and biodiversity values into national and local planning and development processes). GBF Target 14 (mainstream biodiversity across all sectors) and Target 17 (all Parties to have effective NBSAPs).,bipindicators.net; CBD Secretariat NBSAP tracker,CBD Secretariat NBSAP database; national reports to CBD,0,0 – None,Policy/planning document records; no climate data.,SDG-15,Theme: Policy; Status: Available,GBF-T14; GBF-T17,[INT-L-004]; [INT-L-007]
BIP-009,Ecological Footprint,Biodiversity Indicators Partnership (BIP),Pressure,Trade & Industry | Land Use & Agriculture,Pressure / threat index,Global hectares (gha) per capita; ratio of footprint to biocapacity,Global,"SDG 12 (Responsible Consumption and Production): Relevant to SDG 12.2 (sustainable management and efficient use of natural resources); SDG 15.1 (terrestrial ecosystems). GBF Target 10 (sustainable agriculture), Target 16 (sustainable consumption).",bipindicators.net/indicators/ecological-footprint; Wackernagel & Rees 1996; Global Footprint Network,Global Footprint Network National Footprint and Biocapacity Accounts; FAO; IEA,1,1 – Low,Biocapacity affected by climate through agricultural productivity; no formal weather correction.,SDG-12; SDG-15,Theme: Threats; Status: Available,GBF-T10; GBF-T16,[INT-L-004]; [INT-L-007]
BIP-010,Human Appropriation of Net Primary Production (HANPP),Biodiversity Indicators Partnership (BIP),Pressure,Land Use & Agriculture | Nature & Biodiversity,Pressure / threat index,% of terrestrial NPP appropriated by humans; GtC/year,Global,"SDG 12 (Responsible Consumption) and SDG 15 (Life on Land): Relevant to SDG 12.2 (sustainable management of natural resources); SDG 15.1 (conservation of terrestrial ecosystems); SDG 15.3 (combat desertification). GBF Target 1 (spatial planning), Target 10 (sustainable agriculture and forestry).",bipindicators.net/indicators/hanpp; Haberl et al. 2007; Krausmann et al. 2013,FAO production data; HYDE land-use dataset; global vegetation models,2,2 – Medium,NPP modelled from vegetation models using temperature and rainfall; climate variability affects annual HANPP values.,SDG-12; SDG-15,Theme: Threats; Status: Available,GBF-T1; GBF-T10,[INT-L-004]; [INT-L-007]
BIP-011,Percentage of Parties with legislation in Category 1 under CITES National Legislation Project (NLP),Biodiversity Indicators Partnership (BIP),Enabling,"Governance, Society & Data",Policy / governance metric,% of CITES Parties with Category 1 national legislation,Global,SDG 15 (Life on Land): Relevant to SDG 15.7 (end poaching and trafficking of protected species); SDG 15.5 (halt biodiversity loss). GBF Target 5 (sustainable use of wild species).,bipindicators.net; CITES NLP assessment,CITES Secretariat National Legislation Project assessments,0,0 – None,Legislative status from CITES review; no climate data.,SDG-15; SDG-16,Theme: Policy; Status: Available,GBF-T5,[INT-L-004]; [INT-L-007]
BIP-012,Red List Index (impacts of utilisation),Biodiversity Indicators Partnership (BIP),State – Species,Nature & Biodiversity,Species index / trend,Index (0–1),Global,SDG 15 (Life on Land) and SDG 14 (Life Below Water): Relevant to SDG 15.7 (end poaching and trafficking); SDG 15.5 (halt biodiversity loss); SDG 14.4 (end overfishing). GBF Target 5 (sustainable use of wild species).,bipindicators.net; Butchart et al. 2008,IUCN Red List; BirdLife International,1,1 – Low,Red List classifications reflect utilisation threat; climate is a background factor.,SDG-14; SDG-15,Theme: Species; Status: Available,GBF-T5,[INT-L-004]; [INT-L-007]
BIP-013,Red List Index (internationally traded species),Biodiversity Indicators Partnership (BIP),State – Species,Nature & Biodiversity | Trade & Industry,Species index / trend,Index (0–1),Global,SDG 15 (Life on Land): Relevant to SDG 15.7 (end poaching and trafficking); SDG 15.5 (halt biodiversity loss); SDG 12.2 (sustainable use of natural resources). GBF Target 5 (sustainable use of wild species).,bipindicators.net; Scharlemann et al.; IUCN,IUCN Red List; CITES Trade Database; TRAFFIC,1,1 – Low,RLI based on IUCN classifications; climate is secondary factor.,SDG-12; SDG-15,Theme: Species; Status: Available,GBF-T5,[INT-L-004]; [INT-L-007]
BIP-014,Biodiversity Habitat Index,Biodiversity Indicators Partnership (BIP),State – Habitats,Nature & Biodiversity,Habitat extent / condition,Index (0–1; 1 = full habitat retention),Global,SDG 15 (Life on Land): Relevant to SDG 15.5 (halt biodiversity loss); SDG 15.1 (conservation of terrestrial and freshwater ecosystems); SDG 15.2 (sustainable management of forests); SDG 15.3 (combat desertification); SDG 15.4 (mountain ecosystems). GBF Targets 1 and 2.,bipindicators.net/indicators/biodiversity-habitat-index; CSIRO/GEO BON/GBIF/Map of Life,CSIRO species distribution models; ESA CCI land cover; GBIF,1,1 – Low,"BHI uses land-use inputs with statistical species models; climate is a background driver, not a direct model input.",SDG-15,Theme: Habitats; Status: Available,GBF-T1; GBF-T2,[INT-L-004]; [INT-L-007]
BIP-015,CGMFC-21 – Continuous Global Mangrove Forest Cover for the 21st Century,Biodiversity Indicators Partnership (BIP),State – Habitats,Nature & Biodiversity | Land Use & Agriculture,Habitat extent / condition,Area (ha) of mangrove cover; annual change (%),Global,SDG 15 (Life on Land) and SDG 14 (Life Below Water): Relevant to SDG 15.1 (conservation of coastal ecosystems); SDG 14.2 (protect marine and coastal ecosystems); SDG 13.1 (climate resilience). GBF Targets 2 and 3.,bipindicators.net/indicators/cgmfc-21; Global Mangrove Watch (JAXA),JAXA Global Mangrove Watch (Landsat/ALOS remote sensing); Hamilton & Casey 2016,2,2 – Medium,Climate change drives sea-level rise and storm damage affecting mangrove distribution.,SDG-13; SDG-14; SDG-15,Theme: Habitats; Status: Available,GBF-T2; GBF-T3,[INT-L-004]; [INT-L-007]
BIP-016,Forest area as a proportion of total land area,Biodiversity Indicators Partnership (BIP),State – Habitats,Nature & Biodiversity | Land Use & Agriculture,Habitat extent / condition,% of total land area covered by forest,Global,"SDG 15 (Life on Land): Relevant to SDG 15.2 (promote sustainable management of forests, halt deforestation); SDG 15.1 (conservation of terrestrial ecosystems); SDG 13.1 (climate action – forests as carbon sinks). GBF Targets 2, 3 and 10.",bipindicators.net/indicators/forest-area; FAO Global Forest Resources Assessment,FAO Global Forest Resources Assessment (FRA); national forest inventories,1,1 – Low,Forest area from national inventories; climate is a long-term driver but not a direct input to area calculations.,SDG-15,Theme: Habitats; Status: Available,GBF-T2; GBF-T3; GBF-T10,[INT-L-004]; [INT-L-007]
BIP-017,Wetland Extent Trends Index,Biodiversity Indicators Partnership (BIP),State – Habitats,Nature & Biodiversity | Water,Habitat extent / condition,Index (baseline = 100); % change in natural wetland area,Global,SDG 6 (Clean Water) and SDG 15 (Life on Land): Relevant to SDG 6.6 (protect and restore water-related ecosystems including wetlands); SDG 15.1 (conservation of inland freshwater ecosystems); SDG 15.5 (halt biodiversity loss). GBF Targets 2 and 3; Ramsar Convention.,bipindicators.net/indicators/wetland-extent-trends-index; WETLANDS International,WETLANDS International GWDE; Ramsar; remote sensing,2,2 – Medium,Wetland extent strongly affected by rainfall and drought; hydrological models use precipitation as direct input.,SDG-6; SDG-15,Theme: Habitats; Status: Available,GBF-T2; GBF-T3,[INT-L-004]; [INT-L-007]
BIP-018,Proportion of land that is degraded over total land area,Biodiversity Indicators Partnership (BIP),State – Habitats,Nature & Biodiversity | Land Use & Agriculture,Habitat extent / condition,% of total land area that is degraded,Global,SDG 15 (Life on Land): Official indicator for SDG 15.3.1 – combat desertification and restore degraded land; relevant to SDG 15.1 (conservation of terrestrial ecosystems). GBF Target 2 (restore degraded ecosystems).,bipindicators.net; UNCCD; SDG 15.3.1 metadata,UNCCD national reporting; MODIS/Landsat land cover change; FAO,2,2 – Medium,Land degradation includes vegetation loss affected by drought and temperature; NDVI-based indicators respond to inter-annual climate variability.,SDG-15,Theme: Habitats; Status: Available,GBF-T2,[INT-L-004]; [INT-L-007]; [INT-P-001]
BIP-019,Red List Index (forest specialist species),Biodiversity Indicators Partnership (BIP),State – Species,Nature & Biodiversity | Land Use & Agriculture,Species index / trend,Index (0–1),Global,"SDG 15 (Life on Land): Relevant to SDG 15.2 (sustainable management of forests, halt deforestation); SDG 15.5 (halt biodiversity loss). GBF Target 4 (threatened species recovery) and Target 2 (restore degraded ecosystems).",bipindicators.net/indicators/red-list-index/red-list-index-forest-specialist-species; IUCN,IUCN Red List; BirdLife International,2,2 – Medium,"Climate change affects forest species through range shifts, phenological mismatches and increased fire risk.",SDG-15,Theme: Species; Status: Available,GBF-T4; GBF-T2,[INT-L-004]; [INT-L-007]
BIP-020,Ecosystem Area Index,Biodiversity Indicators Partnership (BIP),State – Habitats,Nature & Biodiversity,Habitat extent / condition,Index of change in extent of natural ecosystem types (% of baseline),Global,"SDG 15 (Life on Land): Relevant to SDG 15.1 (conservation, restoration and sustainable use of terrestrial and inland freshwater ecosystems); SDG 15.5 (halt biodiversity loss). GBF Goal A (ecosystem integrity), Target 1 (spatial planning) and Target 2 (restore degraded ecosystems).",bipindicators.net; IUCN Red List of Ecosystems; Keith et al.,ESA CCI land cover; MODIS; national ecosystem assessments; IUCN Red List of Ecosystems,2,2 – Medium,Ecosystem extent affected by climate-driven land-cover change; remote sensing data respond to climate variability.,SDG-15,Theme: Habitats; Status: Available,GBF-GoalA; GBF-T1; GBF-T2,[INT-L-004]; [INT-L-007]
BIP-021,Ecosystem Health Index,Biodiversity Indicators Partnership (BIP),State – Habitats,Nature & Biodiversity | Health,Habitat extent / condition,Composite index of ecosystem health / condition (0–1),Global,SDG 15 (Life on Land): Relevant to SDG 15.1 (conservation and restoration of terrestrial and freshwater ecosystems); SDG 15.5 (halt biodiversity loss). GBF Goal A (ecosystem integrity) and Target 2 (restore degraded ecosystems).,bipindicators.net; UNEP-WCMC; GBF monitoring framework,Multiple global ecosystem condition datasets; UNEP-WCMC synthesis,2,2 – Medium,"Ecosystem health affected by climate-driven disturbances including drought, fire and temperature extremes.",SDG-15,Theme: Habitats; Status: In development,GBF-GoalA; GBF-T2,[INT-L-004]; [INT-L-007]
BIP-022,Living Planet Index (trends in target and bycatch species),Biodiversity Indicators Partnership (BIP),State – Species,Nature & Biodiversity,Abundance index / trend,Index (1970 = 1),Global / Marine,SDG 14 (Life Below Water): Relevant to SDG 14.4 (end overfishing and regulate harvesting); SDG 14.2 (protect marine ecosystems). GBF Target 5 (sustainable use of wild species).,bipindicators.net; ZSL/WWF LPI methodology,ZSL LPI database – marine vertebrate populations,2,2 – Medium,Sea temperature affects fish population dynamics and detectability in surveys.,SDG-14,Theme: Species; Status: Available,GBF-T5,[INT-L-004]; [INT-L-007]
BIP-023,Marine Trophic Index,Biodiversity Indicators Partnership (BIP),State – Species,Nature & Biodiversity | Marine & Fisheries,Species index / trend,Mean trophic level of fish landings (dimensionless),Global,SDG 14 (Life Below Water): Relevant to SDG 14.4 (end overfishing); SDG 14.2 (sustainably manage marine and coastal ecosystems). GBF Target 5 (sustainable use of wild species) and Goal A.,bipindicators.net/indicators/marine-trophic-index; Pauly & Watson 2005,FAO FishStat; Sea Around Us Project (UBC),2,2 – Medium,Sea temperature affects species composition and trophic structure of fish communities.,SDG-14,Theme: Species; Status: Available,GBF-GoalA; GBF-T5,[INT-L-004]; [INT-L-007]
BIP-024,MSC Certified Catch,Biodiversity Indicators Partnership (BIP),Enabling,"Marine & Fisheries | Governance, Society & Data",Policy / governance metric,Million tonnes of MSC-certified seafood; % of global wild catch,Global,SDG 14 (Life Below Water): Relevant to SDG 14.4 (manage fish stocks sustainably); SDG 14.2 (protect marine ecosystems). GBF Target 5 (sustainable use of wild species) and Target 10 (sustainable fisheries).,bipindicators.net; Marine Stewardship Council,Marine Stewardship Council (MSC) certification database,0,0 – None,Certification data from MSC records; no climate data.,SDG-14,Theme: Policy; Status: Available,GBF-T5; GBF-T10,[INT-L-004]; [INT-L-007]
BIP-025,"Number and volume of MSC certified, consumer-facing products by distribution country",Biodiversity Indicators Partnership (BIP),Enabling,"Marine & Fisheries | Governance, Society & Data",Policy / governance metric,Number of MSC-labelled consumer products; volume (tonnes),Global,SDG 14 (Life Below Water): Relevant to SDG 14.4 (manage fish stocks sustainably; sustainable supply chains); SDG 12.2 (sustainable management of natural resources). GBF Target 5 (sustainable use of wild species) and Target 16 (sustainable consumption).,bipindicators.net; Marine Stewardship Council,MSC product database; MSC annual report,0,0 – None,Product certification data from MSC records; no climate data.,SDG-12; SDG-14,Theme: Policy; Status: Available,GBF-T5; GBF-T16,[INT-L-004]; [INT-L-007]
BIP-026,Number of MSC Chain of Custody Certification holders by distribution country,Biodiversity Indicators Partnership (BIP),Enabling,"Marine & Fisheries | Governance, Society & Data",Policy / governance metric,Count of businesses certified to MSC Chain of Custody standard,Global,SDG 14 (Life Below Water): Relevant to SDG 14.4 (sustainable supply chains for seafood); SDG 12.2 (sustainable management and use of natural resources). GBF Target 5 (sustainable use of wild species) and Target 16 (sustainable consumption).,bipindicators.net; Marine Stewardship Council,MSC Chain of Custody certification database,0,0 – None,Certification data from MSC records; no climate data.,SDG-12; SDG-14,Theme: Policy; Status: Available,GBF-T5; GBF-T16,[INT-L-004]; [INT-L-007]
BIP-027,Proportion of fish stocks within biologically sustainable levels,Biodiversity Indicators Partnership (BIP),State – Species,Nature & Biodiversity | Marine & Fisheries,Species index / trend,% of assessed fish stocks at biologically sustainable levels,Global,SDG 14 (Life Below Water): Official indicator for SDG 14.4.1 – proportion of fish stocks within biologically sustainable levels; relevant to SDG 14.2 (protect marine ecosystems). GBF Target 5 (sustainable use of wild species).,bipindicators.net; FAO The State of World Fisheries and Aquaculture,"FAO Fisheries Division; ICES, CCAMLR, WCPFC stock assessments",2,2 – Medium,Sea temperature embedded in stock productivity and recruitment models.,SDG-14,Theme: Species; Status: Available,GBF-T5,[INT-L-004]; [INT-L-007]; [INT-P-001]
BIP-028,Red List Index (impacts of fisheries),Biodiversity Indicators Partnership (BIP),State – Species,Nature & Biodiversity | Marine & Fisheries,Species index / trend,Index (0–1),Global,SDG 14 (Life Below Water): Relevant to SDG 14.4 (end overfishing); SDG 14.2 (protect marine ecosystems); SDG 15.5 (halt biodiversity loss). GBF Target 5 (sustainable use of wild species).,bipindicators.net; Butchart et al.; IUCN,IUCN Red List; TRAFFIC; FishBase,1,1 – Low,RLI based on IUCN classifications; climate is a background factor.,SDG-14; SDG-15,Theme: Species; Status: Available,GBF-T5,[INT-L-004]; [INT-L-007]
BIP-029,Large Reef Fish,Biodiversity Indicators Partnership (BIP),State – Species,Nature & Biodiversity | Marine & Fisheries | Energy,Abundance index / trend,Biomass index of large reef fish (kg/ha); trend over time,Global / Tropical,SDG 14 (Life Below Water): Relevant to SDG 14.2 (sustainably manage marine and coastal ecosystems); SDG 14.4 (end overfishing); SDG 14.5 (conserve coastal and marine areas). GBF Target 5 (sustainable use) and Target 3 (protect marine areas).,bipindicators.net; GCRMN; Reef Life Survey,Global Coral Reef Monitoring Network (GCRMN); Reef Life Survey; OBIS,3,3 – High,SST is a primary driver of reef ecosystem health; bleaching events directly reduce large reef fish biomass.,SDG-14,Theme: Species; Status: Available,GBF-T3; GBF-T5,[INT-L-004]; [INT-L-007]
BIP-030,Cumulative Human Impacts on Marine Ecosystems,Biodiversity Indicators Partnership (BIP),Pressure,Nature & Biodiversity | Marine & Fisheries,Pressure / threat index,Cumulative human impact score (0–100 scale); area-weighted index,Global / Marine,SDG 14 (Life Below Water): Relevant to SDG 14.1 (reduce marine pollution); SDG 14.2 (protect marine ecosystems); SDG 14.3 (minimize ocean acidification). GBF Target 7 (reduce pollution) and Target 3 (protect marine areas).,"bipindicators.net; Halpern et al. 2008, 2015, 2022",National Center for Ecological Analysis and Synthesis (NCEAS); Halpern et al.,3,3 – High,"Ocean warming, acidification and sea-level rise are direct components of the cumulative impacts score.",SDG-14,Theme: Threats; Status: Available,GBF-T3; GBF-T7,[INT-L-004]; [INT-L-007]
BIP-031,Area of forest under sustainable management: total FSC and PEFC forest management certification,Biodiversity Indicators Partnership (BIP),Enabling,"Land Use & Agriculture | Governance, Society & Data",Policy / governance metric,Million ha; % of total forest area certified,Global,"SDG 15 (Life on Land): Relevant to SDG 15.2 (promote sustainable management of all types of forests); SDG 15.1 (conservation of terrestrial ecosystems); SDG 12.2 (sustainable management of natural resources). GBF Target 10 (sustainable agriculture, aquaculture, forestry and fisheries).",bipindicators.net; FSC; PEFC,Forest Stewardship Council (FSC); Programme for the Endorsement of Forest Certification (PEFC); FAO FRA,0,0 – None,Certification data from FSC/PEFC records; no climate data.,SDG-12; SDG-15,Theme: Habitats; Status: Available,GBF-T10,[INT-L-004]; [INT-L-007]
BIP-032,Wild Bird Index (forest and farmland specialist birds),Biodiversity Indicators Partnership (BIP),State – Species,Nature & Biodiversity | Land Use & Agriculture,Abundance index / trend,Index (baseline year = 100),Global / Regional,"SDG 15 (Life on Land): Relevant to SDG 15.5 (halt biodiversity loss); SDG 15.2 (sustainable management of forests); SDG 2.4 (sustainable agricultural systems). GBF Goal A, Target 4 (species populations at healthy levels).",bipindicators.net/indicators/wild-bird-index; Gregory et al. 2005; PECBMS,Pan-European Common Bird Monitoring Scheme (PECBMS); BirdLife International; national BBS schemes,2,2 – Medium,Weather directly affects bird detectability and breeding success; spring temperature is a key confounder of annual index values.,SDG-2; SDG-15,Theme: Species; Status: Available,GBF-GoalA; GBF-T4,[INT-L-004]; [INT-L-007]
BIP-033,Living Planet Index (farmland specialists),Biodiversity Indicators Partnership (BIP),State – Species,Nature & Biodiversity | Land Use & Agriculture,Abundance index / trend,Index (1970 = 1),Global,"SDG 15 (Life on Land): Relevant to SDG 15.5 (halt biodiversity loss); SDG 15.1 (terrestrial and freshwater ecosystems); SDG 2.4 (sustainable agricultural practices). GBF Goal A, Target 4.",bipindicators.net/indicators/living-planet-index/living-planet-index-farmland-specialists; ZSL/WWF,ZSL LPI database – farmland vertebrate populations,2,2 – Medium,Agricultural land-use change and seasonal weather affect farmland species; annual index values reflect climate variability.,SDG-2; SDG-15,Theme: Species; Status: Available,GBF-GoalA; GBF-T4,[INT-L-004]; [INT-L-007]
BIP-034,Red List Index (impacts of pollution),Biodiversity Indicators Partnership (BIP),State – Species,Nature & Biodiversity | Pollution & Waste,Species index / trend,Index (0–1),Global,SDG 15 (Life on Land) and SDG 14 (Life Below Water): Relevant to SDG 15.5 (halt biodiversity loss); SDG 14.1 (reduce marine pollution); SDG 12.4 (management of chemicals). GBF Target 7 (reduce pollution to safe levels).,bipindicators.net; IUCN Red List,IUCN Red List; pollution threat classifications,1,1 – Low,RLI based on Red List classifications; chemical pollution impacts are largely independent of climate.,SDG-12; SDG-14; SDG-15,Theme: Species; Status: Available,GBF-T7,[INT-L-004]; [INT-L-007]
BIP-035,Trends in Loss of Reactive Nitrogen to the Environment,Biodiversity Indicators Partnership (BIP),Pressure,Pollution & Waste | Water | Marine & Fisheries,Pressure / threat index,Tg N/year emitted; % exceedance of critical loads,Global,SDG 14 (Life Below Water) and SDG 15 (Life on Land): Relevant to SDG 14.1 (reduce marine pollution from land-based activities); SDG 6.6 (protect freshwater ecosystems). GBF Target 7 (reduce pollution – nutrients).,bipindicators.net; Sutton et al. 2011; IIASA/EDGAR,IIASA; EDGAR; EMEP; FAO nitrogen budget data,2,2 – Medium,Rainfall directly determines wet nitrogen deposition; wet/dry ratios are climate-sensitive.,SDG-6; SDG-14; SDG-15,Theme: Threats; Status: Available,GBF-T7,[INT-L-004]; [INT-L-007]
BIP-036,Trends in Nitrogen Deposition,Biodiversity Indicators Partnership (BIP),Pressure,Nature & Biodiversity,Pressure / threat index,kg N/ha/year deposited; % of ecosystem area exceeding critical loads,Global / Regional,SDG 15 (Life on Land): Relevant to SDG 15.1 (conservation of terrestrial ecosystems); SDG 14.1 (reduce marine pollution from land); SDG 6.6 (protect freshwater ecosystems). GBF Target 7 (reduce pollution to safe levels – nitrogen).,bipindicators.net/indicators/nitrogen-deposition; Dentener et al. 2006; EMEP,EMEP atmospheric chemistry-transport model; IIASA-EDGAR; critical loads databases,2,2 – Medium,EMEP model uses rainfall as direct input; wet deposition varies directly with precipitation.,SDG-6; SDG-14; SDG-15,Theme: Threats; Status: Available,GBF-T7,[INT-L-004]; [INT-L-007]
BIP-037,Water Quality Index for Biodiversity,Biodiversity Indicators Partnership (BIP),Pressure,Nature & Biodiversity | Marine & Fisheries | Water,Pressure / threat index,Composite index of water quality in aquatic ecosystems for biodiversity; % of water bodies meeting quality criteria,Global / Regional,"SDG 6 (Clean Water): Relevant to SDG 6.3 (improve water quality, reduce pollution); SDG 6.6 (protect water-related ecosystems); SDG 15.1 (conservation of inland freshwater ecosystems); SDG 14.1 (reduce marine pollution). GBF Target 7 (reduce pollution).",bipindicators.net; UN GEMS/Water; UNEP-WCMC,UN GEMS/Water global monitoring system; national water quality monitoring networks; EEA Waterbase,2,2 – Medium,Rainfall affects pollutant concentrations through dilution and runoff; temperature affects BOD and algal growth.,SDG-6; SDG-14; SDG-15,Theme: Threats; Status: Available,GBF-T7,[INT-L-004]; [INT-L-007]
BIP-038,Legislation for prevention and control of invasive alien species (IAS),Biodiversity Indicators Partnership (BIP),Enabling,"Nature & Biodiversity | Biosecurity | Governance, Society & Data",Policy / governance metric,"Number/% of countries with IAS legislation, management plans",Global,SDG 15 (Life on Land): Relevant to SDG 15.8 (introduce measures to prevent IAS); SDG 15.9 (integrate biodiversity values into planning). GBF Target 6 (eliminate and control invasive alien species).,bipindicators.net; InforMEA; IUCN IAS database,InforMEA treaty database; IUCN Invasive Species Specialist Group,0,0 – None,Policy adoption data; no climate data.,SDG-15,Theme: Policy; Status: Available,GBF-T6,[INT-L-004]; [INT-L-007]
BIP-039,Red List Index (impacts of invasive alien species),Biodiversity Indicators Partnership (BIP),State – Species,Nature & Biodiversity | Biosecurity,Species index / trend,Index (0–1),Global,SDG 15 (Life on Land): Relevant to SDG 15.8 (prevent introduction and reduce impacts of IAS); SDG 15.5 (halt biodiversity loss). GBF Target 4 (threatened species) and Target 6 (control IAS).,bipindicators.net; McGeoch et al. 2010,IUCN Red List; GBIF; GRIIS,1,1 – Low,Climate warming facilitates IAS establishment but RLI is based on Red List classifications.,SDG-15,Theme: Species; Status: Available,GBF-T4; GBF-T6,[INT-L-004]; [INT-L-007]
BIP-040,Trends in invasive alien species vertebrate eradications,Biodiversity Indicators Partnership (BIP),Enabling,"Nature & Biodiversity | Biosecurity | Governance, Society & Data",Policy / governance metric,Cumulative number of successful IAS vertebrate eradications,Global,SDG 15 (Life on Land): Relevant to SDG 15.8 (prevent and control IAS); SDG 15.5 (halt biodiversity loss). GBF Target 6 (eliminate and control invasive alien species).,bipindicators.net; Bellard et al.; Island Conservation,Island Conservation eradication database; IUCN ISSG,0,0 – None,Eradication programme data; no climate data.,SDG-15,Theme: Policy; Status: Available,GBF-T6,[INT-L-004]; [INT-L-007]
BIP-041,Trends in the numbers of invasive alien species introduction events,Biodiversity Indicators Partnership (BIP),Pressure,Nature & Biodiversity | Biosecurity,Pressure / threat index,Number of new IAS establishment events per year; cumulative total,Global,SDG 15 (Life on Land): Relevant to SDG 15.8 (prevent introduction of IAS); SDG 15.5 (halt biodiversity loss). GBF Target 6 (reduce introduction rates by at least 50% by 2030).,"bipindicators.net; Seebens et al. 2017, Nature Communications",GBIF; GRIIS; Seebens et al. alien species database,1,1 – Low,Climate warming facilitates IAS spread but counts are from species databases.,SDG-15,Theme: Threats; Status: Available,GBF-T6,[INT-L-004]; [INT-L-007]
BIP-042,Protected area coverage,Biodiversity Indicators Partnership (BIP),Enabling,Nature & Biodiversity | Marine & Fisheries | Water,Policy / governance metric,"% of terrestrial, inland water and marine areas under protected area",Global,SDG 14 (Life Below Water) and SDG 15 (Life on Land): Relevant to SDG 15.1 (conservation of terrestrial and freshwater ecosystems); SDG 14.5 (conserve coastal and marine areas). GBF Target 3 (30×30 – protect land and sea).,bipindicators.net; WDPA; Protected Planet,WDPA (UNEP-WCMC / IUCN); Protected Planet,0,0 – None,Coverage from GIS designation databases; no climate data.,SDG-14; SDG-15,Theme: Protected Areas; Status: Available,GBF-T3,[INT-L-004]; [INT-L-007]
BIP-043,Protected Area Coverage of Ecoregions,Biodiversity Indicators Partnership (BIP),Enabling,"Nature & Biodiversity | Governance, Society & Data",Policy / governance metric,% of each terrestrial ecoregion under protected area,Global,SDG 15 (Life on Land): Relevant to SDG 15.1 (conservation of terrestrial and freshwater ecosystems); SDG 15.5 (halt biodiversity loss); SDG 15.9 (integrate ecosystem values into planning). GBF Target 3 (30×30).,bipindicators.net/indicators/protected-area-coverage-of-ecoregions; WDPA; WWF Ecoregions,WDPA (Protected Planet); WWF terrestrial ecoregions (Olson et al. 2001); IUCN,0,0 – None,Coverage calculated from GIS data; no climate inputs.,SDG-15,Theme: Protected Areas; Status: Available,GBF-T3,[INT-L-004]; [INT-L-007]
BIP-044,Protected Area Coverage of Key Biodiversity Areas,Biodiversity Indicators Partnership (BIP),Enabling,Nature & Biodiversity | Marine & Fisheries | Water,Policy / governance metric,"% of KBAs covered by protected areas (terrestrial, freshwater and marine)",Global,SDG 14 (Life Below Water) and SDG 15 (Life on Land): Official indicator for SDG 15.1.2 (important sites for terrestrial and freshwater biodiversity); also official for SDG 14.5.1 (marine KBAs) and SDG 15.4.1 (mountain biodiversity sites). GBF Target 3 (30×30 – protect land and sea).,bipindicators.net/indicators/protected-area-coverage-of-key-biodiversity-areas; SDG 15.1.2 metadata,WDPA (UNEP-WCMC / IUCN); KBA database (BirdLife International; IUCN); Protected Planet,0,0 – None,Protected area and KBA coverage from designation databases; no climate data.,SDG-14; SDG-15,Theme: Protected Areas; Status: Available,GBF-T3,[INT-L-004]; [INT-L-007]; [INT-P-001]
BIP-045,Protected Area Connectedness Index (PARC-Connectedness),Biodiversity Indicators Partnership (BIP),Enabling,"Nature & Biodiversity | Governance, Society & Data",Policy / governance metric,Connectedness index (0–1) for terrestrial protected area network,Global,SDG 15 (Life on Land): Relevant to SDG 15.1 (conservation of terrestrial ecosystems and connectivity); SDG 15.5 (halt biodiversity loss). GBF Goal A (connectivity and resilience) and Target 3 (30×30 – well-connected protected areas).,bipindicators.net; CSIRO/GEO BON; Saura et al.,CSIRO; WDPA (Protected Planet); GEO BON; Map of Life,0,0 – None,Connectivity from land-cover and protected area GIS data; no climate inputs.,SDG-15,Theme: Protected Areas; Status: Available,GBF-GoalA; GBF-T3,[INT-L-004]; [INT-L-007]
BIP-046,Protected Area Representativeness Index (PARC-Representativeness),Biodiversity Indicators Partnership (BIP),Enabling,"Nature & Biodiversity | Governance, Society & Data",Policy / governance metric,Representativeness index (0–1) across habitat types,Global,SDG 15 (Life on Land): Relevant to SDG 15.1 (conservation of representative terrestrial and freshwater ecosystems). GBF Target 3 (30×30 – ecologically representative protected area systems).,bipindicators.net; CSIRO/GEO BON,CSIRO; WDPA; GEO BON; Map of Life; habitat classification maps,0,0 – None,Representativeness from GIS analysis; no climate inputs.,SDG-15,Theme: Protected Areas; Status: Available,GBF-T3,[INT-L-004]; [INT-L-007]
BIP-047,Protected Areas Management Effectiveness,Biodiversity Indicators Partnership (BIP),Enabling,"Nature & Biodiversity | Governance, Society & Data",Policy / governance metric,% of protected areas assessed for management effectiveness; score,Global,"SDG 15 (Life on Land): Relevant to SDG 15.1 (conservation of ecosystems, effective management); SDG 15.5 (halt biodiversity loss); SDG 16.7 (accountable governance institutions). GBF Target 3 (30×30 – effective management).",bipindicators.net/indicators/protected-area-management-effectiveness; Leverington et al. 2010,IUCN Global Database on Protected Area Management Effectiveness (GD-PAME); WCPA,0,0 – None,Management effectiveness from PAME assessments; no climate input.,SDG-15,Theme: Protected Areas; Status: Available,GBF-T3,[INT-L-004]; [INT-L-007]
BIP-048,Protected Connected (ProtConn),Biodiversity Indicators Partnership (BIP),Enabling,"Nature & Biodiversity | Land Use & Agriculture | Governance, Society & Data",Policy / governance metric,% of land that is both protected and connected within dispersal distance threshold,Global,SDG 15 (Life on Land): Relevant to SDG 15.1 (conservation with ecological connectivity); SDG 15.5 (halt biodiversity loss). GBF Goal A (connectivity and resilience) and Target 3 (well-connected protected area systems).,"bipindicators.net; Saura et al. 2018, 2019",WDPA (Protected Planet); ESRI Land Cover; Saura et al. model,0,0 – None,Connectivity calculated from protected area GIS and land cover; no climate inputs.,SDG-15,Theme: Protected Areas; Status: Available,GBF-GoalA; GBF-T3,[INT-L-004]; [INT-L-007]
BIP-049,"Proportion of important sites for terrestrial and freshwater biodiversity covered by protected areas, by ecosystem type",Biodiversity Indicators Partnership (BIP),Enabling,Nature & Biodiversity | Water | Trade & Industry,Policy / governance metric,"% of important sites for terrestrial and freshwater biodiversity under protected area, by ecosystem type",Global,SDG 15 (Life on Land): Official component of SDG 15.1.2 disaggregated by ecosystem type; relevant to SDG 15.1. GBF Target 3 (30×30 – protect important biodiversity sites).,bipindicators.net; WDPA; BirdLife International KBA database,WDPA (Protected Planet); KBA database; IUCN,0,0 – None,Coverage from GIS designation databases; no climate data.,SDG-15,Theme: Protected Areas; Status: Available,GBF-T3,[INT-L-004]; [INT-L-007]
BIP-050,Wildlife Picture Index in tropical forest protected areas,Biodiversity Indicators Partnership (BIP),State – Species,Nature & Biodiversity | Land Use & Agriculture,Abundance index / trend,Biodiversity index from camera trap data; trend in species richness and evenness,Global / Tropical,SDG 15 (Life on Land): Relevant to SDG 15.5 (halt biodiversity loss); SDG 15.1 (conservation of terrestrial ecosystems). GBF Target 3 (effective protection) and Target 4 (threatened species).,bipindicators.net/indicators/wildlife-picture-index/wildlife-picture-index-in-tropical-forest; TEAM Network,Tropical Ecology Assessment and Monitoring (TEAM) Network camera trap data; Wildlife Insights,1,1 – Low,Camera trap data from standardised surveys; surveys normalised by effort.,SDG-15,Theme: Species; Status: Available,GBF-T3; GBF-T4,[INT-L-004]; [INT-L-007]
BIP-051,Species Protection Index,Biodiversity Indicators Partnership (BIP),Enabling,"Nature & Biodiversity | Governance, Society & Data",Policy / governance metric,Index of the proportion of each species's range covered by protected areas (0–100),Global,SDG 15 (Life on Land): Relevant to SDG 15.5 (halt biodiversity loss and protect threatened species); SDG 15.1 (conservation of terrestrial and freshwater ecosystems). GBF Target 3 (30×30 – protect important biodiversity areas) and Target 4 (threatened species recovery).,bipindicators.net; Rodrigues et al. 2004; IUCN / BirdLife International,WDPA (Protected Planet); IUCN species range maps; BirdLife International range maps,0,0 – None,Protected area coverage of species ranges from GIS analysis; no climate inputs.,SDG-15,Theme: Protected Areas; Status: Available,GBF-T3; GBF-T4,[INT-L-004]; [INT-L-007]
BIP-052,Biodiversity Intactness Index,Biodiversity Indicators Partnership (BIP),State – Species,Nature & Biodiversity,Abundance index / trend,Index (0–1; 1 = no human impact on local biodiversity),Global,SDG 15 (Life on Land): Relevant to SDG 15.5 (halt biodiversity loss); SDG 15.1 (conservation of terrestrial ecosystems). GBF Goal A (ecosystem integrity) and Target 4 (species populations).,bipindicators.net/indicators/biodiversity-intactness-index; Newbold et al. 2016; PREDICTS project (NHM/UNEP-WCMC),PREDICTS project (Natural History Museum London); IUCN; land-use maps,1,1 – Low,BII based on statistical models of biodiversity response to land use; climate is a secondary driver.,SDG-15,Theme: Species; Status: Available,GBF-GoalA; GBF-T4,[INT-L-004]; [INT-L-007]
BIP-053,Living Planet Index,Biodiversity Indicators Partnership (BIP),State – Species,Nature & Biodiversity,Abundance index / trend,Index (1970 = 1),Global,SDG 14 (Life Below Water) and SDG 15 (Life on Land): Relevant to SDG 15.5 (halt biodiversity loss); SDG 14.4 (end overfishing); SDG 14.2 (protect marine ecosystems); SDG 15.1 (conserve freshwater ecosystems). GBF Goal A (increase abundance of wild species to healthy levels).,bipindicators.net/indicators/living-planet-index; WWF / ZSL,Zoological Society of London (ZSL) LPI database; WWF Living Planet Report,2,2 – Medium,Climate change is embedded as a threat driver; weather affects detectability in survey protocols.,SDG-14; SDG-15,Theme: Species; Status: Available,GBF-GoalA; GBF-T4,[INT-L-004]; [INT-L-007]
BIP-054,Number of species extinctions (birds and mammals),Biodiversity Indicators Partnership (BIP),State – Species,Nature & Biodiversity,Species index / trend,Cumulative number of confirmed bird and mammal extinctions,Global,SDG 15 (Life on Land): Relevant to SDG 15.5 (halt loss of biodiversity and prevent extinction of threatened species); SDG 15.9 (integrate biodiversity values into national accounting). GBF Goal A (halt human-induced extinction) and Target 4.,bipindicators.net; IUCN Red List; BirdLife International,IUCN Red List of Threatened Species – Extinct categories; BirdLife International,0,0 – None,Extinction records from authoritative taxonomic assessments; no climate data input.,SDG-15,Theme: Species; Status: Available,GBF-GoalA; GBF-T4,[INT-L-004]; [INT-L-007]
BIP-055,Red List Index,Biodiversity Indicators Partnership (BIP),State – Species,Nature & Biodiversity,Species index / trend,Index (0–1; 1 = no extinction risk),Global,"SDG 15 (Life on Land): Official indicator for SDG 15.5.1 – halt loss of biodiversity and protect threatened species; relevant to SDG 2.4, SDG 2.5, SDG 14.2 (marine ecosystems) and SDG 14.3 (coral species). GBF Goal A, Target 4 (threatened species recovery).",bipindicators.net/indicators/red-list-index; IUCN; Butchart et al. 2004,IUCN Red List of Threatened Species; BirdLife International; custodian IUCN / BirdLife,2,2 – Medium,Climate change is a recognised threat driver; RLI values reflect climate-driven status changes for many taxa.,SDG-2; SDG-14; SDG-15,Theme: Species; Status: Available,GBF-GoalA; GBF-T4,[INT-L-004]; [INT-L-007]; [INT-P-001]
BIP-056,Wildlife Picture Index,Biodiversity Indicators Partnership (BIP),State – Species,Nature & Biodiversity,Abundance index / trend,Biodiversity index from camera trap data (species richness and evenness),Global / Tropical,SDG 15 (Life on Land): Relevant to SDG 15.5 (halt biodiversity loss); SDG 15.1 (conservation of terrestrial ecosystems). GBF Goal A and Target 4 (species populations at healthy levels).,bipindicators.net/indicators/wildlife-picture-index; O'Brien et al. 2010,TEAM Network; Wildlife Insights camera trap database; WCS,1,1 – Low,Camera trap data normalised by survey effort; climate affects species activity but is not a direct input.,SDG-15,Theme: Species; Status: Available,GBF-GoalA; GBF-T4,[INT-L-004]; [INT-L-007]
BIP-057,Living Planet Index (forest specialists),Biodiversity Indicators Partnership (BIP),State – Species,Nature & Biodiversity | Land Use & Agriculture,Abundance index / trend,Index (1970 = 1) for forest-dependent vertebrates,Global,SDG 15 (Life on Land): Relevant to SDG 15.5 (halt biodiversity loss); SDG 15.2 (sustainable management of forests); SDG 15.1 (conservation of terrestrial ecosystems). GBF Goal A and Target 4.,bipindicators.net/indicators/living-planet-index/living-planet-index-forest-specialists; ZSL/WWF,ZSL LPI database – forest specialist vertebrate populations,2,2 – Medium,Forest specialist populations respond to climate-driven forest change; annual index values affected by climate variability.,SDG-15,Theme: Species; Status: Available,GBF-GoalA; GBF-T4,[INT-L-004]; [INT-L-007]
BIP-058,Number of extinctions avoided,Biodiversity Indicators Partnership (BIP),State – Species,Nature & Biodiversity,Species index / trend,Number of species whose extinction was prevented through conservation interventions,Global,SDG 15 (Life on Land): Relevant to SDG 15.5 (halt loss of biodiversity and prevent extinction of threatened species). GBF Goal A (halt human-induced extinction) and Target 4.,bipindicators.net; Bolam et al. 2021; IUCN Red List,IUCN Red List; conservation intervention databases; Bolam et al. dataset,0,0 – None,Extinction prevention estimates from conservation action records; no climate data.,SDG-15,Theme: Species; Status: Available,GBF-GoalA; GBF-T4,[INT-L-004]; [INT-L-007]
BIP-059,Red List Index (reef-building corals),Biodiversity Indicators Partnership (BIP),State – Species,Nature & Biodiversity | Urban & Buildings,Species index / trend,Index (0–1),Global,SDG 14 (Life Below Water): Relevant to SDG 14.3 (minimize and address impacts of ocean acidification); SDG 14.2 (protect marine and coastal ecosystems); SDG 15.5 (halt biodiversity loss). GBF Target 4 (threatened species) and Target 8 (climate change impacts on biodiversity).,bipindicators.net; Carpenter et al. 2008; IUCN Coral Specialist Group,IUCN Red List; IUCN Coral Specialist Group; Global Coral Reef Monitoring Network,3,3 – High,Ocean warming and acidification are primary drivers of coral bleaching and extinction risk; SST data are the direct climate input.,SDG-14; SDG-15,Theme: Species; Status: Available,GBF-T4; GBF-T8,[INT-L-004]; [INT-L-007]
BIP-060,Species Habitat Index,Biodiversity Indicators Partnership (BIP),State – Species,Nature & Biodiversity,Species index / trend,Index of change in habitat-based species persistence (0–1),Global,SDG 15 (Life on Land): Relevant to SDG 15.5 (halt biodiversity loss); SDG 15.1 (conservation of terrestrial and freshwater ecosystems). GBF Goal A (ecosystem integrity) and Target 2 (restore degraded ecosystems).,bipindicators.net; UNEP-WCMC / NatureServe / Map of Life,Species range maps; habitat/land-cover change data; IUCN; BirdLife International; Map of Life,2,2 – Medium,Species habitat modelled from land-cover data; climate is a background driver of habitat change but not a direct model input.,SDG-15,Theme: Species; Status: Available,GBF-GoalA; GBF-T2,[INT-L-004]; [INT-L-007]
BIP-061,Species Status Information Index,Biodiversity Indicators Partnership (BIP),Enabling,"Nature & Biodiversity | Governance, Society & Data",Policy / governance metric,Index of data availability and completeness for species assessments,Global,SDG 15 (Life on Land): Relevant to SDG 15.5 (halt biodiversity loss and protect threatened species); SDG 15.9 (integrate biodiversity values into national planning). GBF Target 21 (knowledge and data for decision-making).,bipindicators.net; IUCN Red List; GBF monitoring framework,IUCN Red List database; Species data coverage metrics,0,0 – None,Data coverage metrics from IUCN records; no climate data.,SDG-15,Theme: Policy; Status: In development,GBF-T21,[INT-L-004]; [INT-L-007]
BIP-062,Red List Index (wild relatives of domesticated animals),Biodiversity Indicators Partnership (BIP),State – Species,Nature & Biodiversity,Species index / trend,Index (0–1),Global,SDG 2 (Zero Hunger): Relevant to SDG 2.5 (maintain genetic diversity of farmed/domesticated species and their wild relatives); relevant to SDG 15.5 (halt biodiversity loss). GBF Goal A (genetic diversity) and Target 4.,bipindicators.net; IUCN Red List; FAO,IUCN Red List; FAO list of wild relatives of domesticated animals,2,2 – Medium,Climate change affects wild populations through range shifts and habitat change.,SDG-2; SDG-15,Theme: Species; Status: Available,GBF-GoalA; GBF-T4,[INT-L-004]; [INT-L-007]
BIP-063,Red List Index of Ecosystems,Biodiversity Indicators Partnership (BIP),State – Habitats,Nature & Biodiversity,Habitat extent / condition,Index of risk of ecosystem collapse (0–1),Global / Regional,"SDG 15 (Life on Land): Relevant to SDG 15.5 (halt biodiversity loss); SDG 15.1 (conservation, restoration and sustainable use of terrestrial and inland freshwater ecosystems). GBF Goal A (ecosystem integrity) and Target 2 (restore degraded ecosystems).",bipindicators.net; Keith et al. 2013; IUCN Red List of Ecosystems,IUCN Red List of Ecosystems assessments; national ecosystem assessments; Zenodo repository,2,2 – Medium,"Ecosystem collapse risk affected by climate-driven threats including fire, drought and sea-level rise.",SDG-15,Theme: Habitats; Status: Available,GBF-GoalA; GBF-T2,[INT-L-004]; [INT-L-007]
BIP-064,Live Coral Cover,Biodiversity Indicators Partnership (BIP),State – Habitats,Nature & Biodiversity,Habitat extent / condition,% of reef area with live coral cover; trend over time,Global / Tropical,SDG 14 (Life Below Water): Relevant to SDG 14.2 (sustainably manage and protect marine and coastal ecosystems); SDG 14.3 (minimize and address impacts of ocean acidification); SDG 14.5 (conserve coastal and marine areas). GBF Target 3 (protect marine areas) and Target 8 (minimise climate change impacts).,bipindicators.net; Global Coral Reef Monitoring Network (GCRMN),Global Coral Reef Monitoring Network (GCRMN); ReefBase; CoralNet,3,3 – High,Sea surface temperature is the primary driver of coral bleaching; SST anomalies are directly embedded in the indicator trend.,SDG-14,Theme: Habitats; Status: Available,GBF-T3; GBF-T8,[INT-L-004]; [INT-L-007]
BIP-065,Reef Fish Thermal Index,Biodiversity Indicators Partnership (BIP),State – Species,Nature & Biodiversity | Marine & Fisheries,Species index / trend,Mean thermal affinity of the local reef fish community (°C); trend over time,Global / Tropical,SDG 14 (Life Below Water): Relevant to SDG 14.3 (minimize and address impacts of ocean acidification and ocean warming); SDG 14.2 (sustainably manage marine ecosystems). GBF Target 8 (minimise climate change impacts on biodiversity).,bipindicators.net; Floeter et al.; Cheung et al.,Reef Life Survey; OBIS; Reef Check; FishBase; sea surface temperature datasets,3,3 – High,This indicator directly measures community-level thermal responses to ocean warming; SST is the primary input.,SDG-14,Theme: Species; Status: In development,GBF-T8,[INT-L-004]; [INT-L-007]
BIP-066,"Proportion of local breeds classified as being at risk, not-at-risk or at unknown level of risk of extinction",Biodiversity Indicators Partnership (BIP),State – Species,Nature & Biodiversity | Land Use & Agriculture,Species index / trend,% of local livestock breeds by risk category,Global,"SDG 2 (Zero Hunger): Official indicator for SDG 2.5.2 – proportion of local breeds classified as being at risk of extinction; relevant to SDG 2.5 (maintain genetic diversity of seeds, plants and farmed/domesticated animals). GBF Goal A (genetic diversity) and Target 4.",bipindicators.net; FAO DAD-IS; SDG 2.5.2 metadata,FAO Domestic Animal Diversity Information System (DAD-IS); FAO Commission on Genetic Resources,0,0 – None,Breed risk status based on population records; no climate data.,SDG-2,Theme: Genetic Resources; Status: Available,GBF-GoalA; GBF-T4,[INT-L-004]; [INT-L-007]; [INT-P-001]
BIP-067,Number of Contracting Parties to the International Treaty on Plant Genetic Resources for Food and Agriculture,Biodiversity Indicators Partnership (BIP),Enabling,"Land Use & Agriculture | Governance, Society & Data",Policy / governance metric,Count of state parties to the ITPGRFA,Global,"SDG 2 (Zero Hunger): Relevant to SDG 2.5 (maintain genetic diversity of seeds, plants and farmed/domesticated animals); SDG 15.6 (fair and equitable sharing of benefits from genetic resources). GBF Goal A (genetic diversity) and Target 13 (genetic resources).",bipindicators.net; FAO ITPGRFA,FAO International Treaty on Plant Genetic Resources for Food and Agriculture Secretariat,0,0 – None,Treaty membership from FAO records; no climate data.,SDG-2,Theme: Policy; Status: Available,GBF-GoalA; GBF-T13,[INT-L-004]; [INT-L-007]
BIP-068,"Number of countries that have reported legislative, administrative and policy frameworks for measures to implement the International Treaty",Biodiversity Indicators Partnership (BIP),Enabling,"Governance, Society & Data",Policy / governance metric,Count of countries that have reported ITPGRFA implementation frameworks,Global,SDG 2 (Zero Hunger): Relevant to SDG 2.5 (maintain genetic diversity of seeds and farmed species); SDG 15.6 (fair and equitable sharing of benefits from genetic resources). GBF Goal A (genetic diversity) and Target 13 (genetic resources and benefit sharing).,bipindicators.net; FAO ITPGRFA Secretariat,FAO ITPGRFA Secretariat national reporting database,0,0 – None,National reporting data from FAO; no climate data.,SDG-2,Theme: Policy; Status: Available,GBF-GoalA; GBF-T13,[INT-L-004]; [INT-L-007]
BIP-069,Total number of crop material from the Multilateral System of the International Treaty received in a country,Biodiversity Indicators Partnership (BIP),Enabling,"Land Use & Agriculture | Governance, Society & Data",Policy / governance metric,Number of SMTA (Standard Material Transfer Agreement) transfers received by country,Global,SDG 2 (Zero Hunger): Relevant to SDG 2.5 (maintain genetic diversity and promote access to genetic resources for food and agriculture); SDG 15.6 (fair and equitable sharing of benefits from genetic resources). GBF Target 13 (genetic resources and benefit sharing).,bipindicators.net; FAO ITPGRFA Multilateral System; GLIS,FAO Global Information System on Plant Genetic Resources (GLIS); ITPGRFA SMTA database,0,0 – None,Transfer agreement records from FAO; no climate data.,SDG-2,Theme: Policy; Status: Available,GBF-T13,[INT-L-004]; [INT-L-007]
BIP-070,Comprehensiveness of conservation of socioeconomically as well as culturally valuable species,Biodiversity Indicators Partnership (BIP),Enabling,"Nature & Biodiversity | Governance, Society & Data",Policy / governance metric,Index of gap coverage for socioeconomically/culturally valuable species in ex-situ and in-situ collections,Global,SDG 2 (Zero Hunger): Relevant to SDG 2.5 (maintain genetic diversity for food and agriculture); SDG 15.6 (equitable sharing of genetic resources). GBF Goal A (genetic diversity) and Target 13 (genetic resources and benefit sharing).,bipindicators.net; Khoury et al.; CGIAR,GENEBANK platform; national genebank collections; GBIF; crop wild relative datasets,0,0 – None,Gap analysis using occurrence and collection data; no climate inputs.,SDG-2; SDG-15,Theme: Genetic Resources; Status: In development,GBF-GoalA; GBF-T13,[INT-L-004]; [INT-L-007]
BIP-071,Coverage by protected areas of important sites for mountain biodiversity,Biodiversity Indicators Partnership (BIP),Enabling,"Nature & Biodiversity | Trade & Industry | Governance, Society & Data",Policy / governance metric,% of important mountain biodiversity sites under protected area,Global,SDG 15 (Life on Land): Official indicator for SDG 15.4.1 – coverage by protected areas of important sites for mountain biodiversity; relevant to SDG 15.4 (conservation of mountain ecosystems). GBF Target 3 (30×30 – protect mountain areas).,bipindicators.net; WDPA; KBA database,WDPA (Protected Planet); KBA database; mountain ecoregion layers,0,0 – None,Coverage from GIS designation databases; no climate data.,SDG-15,Theme: Protected Areas; Status: Available,GBF-T3,[INT-L-004]; [INT-L-007]; [INT-P-001]
BIP-072,Red List Index (pollinating species),Biodiversity Indicators Partnership (BIP),State – Species,Nature & Biodiversity,Species index / trend,Index (0–1),Global,SDG 15 (Life on Land) and SDG 2 (Zero Hunger): Relevant to SDG 15.5 (halt biodiversity loss); SDG 2.4 (sustainable food production reliant on pollination services). GBF Target 4 (threatened species) and Target 11 (nature's contributions – pollination).,bipindicators.net; IUCN; IPBES Pollination Assessment 2016,IUCN Red List; pollinators specialist groups,2,2 – Medium,Climate change causes phenological mismatches and range shifts for pollinators.,SDG-2; SDG-15,Theme: Species; Status: Available,GBF-T4; GBF-T11,[INT-L-004]; [INT-L-007]
BIP-073,Red List Index (species used for food and medicine),Biodiversity Indicators Partnership (BIP),State – Species,Nature & Biodiversity | Land Use & Agriculture,Species index / trend,Index (0–1),Global,SDG 2 (Zero Hunger) and SDG 15 (Life on Land): Relevant to SDG 2.4 (sustainable food systems) and SDG 2.5 (genetic diversity); SDG 15.5 (halt biodiversity loss); SDG 12.2 (sustainable use of natural resources). GBF Target 4 (threatened species) and Target 5 (sustainable use).,bipindicators.net; Scharlemann et al.; IUCN,IUCN Red List; FAO; TRAFFIC,2,2 – Medium,Climate change affects wild food species through habitat shifts and phenological change.,SDG-2; SDG-12; SDG-15,Theme: Species; Status: Available,GBF-T4; GBF-T5,[INT-L-004]; [INT-L-007]
BIP-074,Bioclimatic Ecosystem Resilience Index (BERI),Biodiversity Indicators Partnership (BIP),State – Habitats,Nature & Biodiversity | Climate,Habitat extent / condition,Index of ecosystem resilience under climate change scenarios,Global,SDG 13 (Climate Action) and SDG 15 (Life on Land): Relevant to SDG 13.1 (strengthen resilience and adaptive capacity); SDG 15.5 (halt biodiversity loss); SDG 15.3 (restore degraded land). GBF Target 2 (restore degraded ecosystems) and Target 8 (minimise climate change impacts).,bipindicators.net; Beaumont et al.; CSIRO,Climate scenario data (CMIP); vegetation models; CSIRO,3,3 – High,"BERI directly uses climate data (temperature, precipitation projections) as primary inputs; the indicator measures ecosystem responses to climate change.",SDG-13; SDG-15,Theme: Habitats; Status: In development,GBF-T2; GBF-T8,[INT-L-004]; [INT-L-007]
BIP-075,Ocean Health Index,Biodiversity Indicators Partnership (BIP),Benefit,Nature & Biodiversity | Marine & Fisheries | Health,Ecosystem service flow,Composite score (0–100) across 10 ocean ecosystem health goals,Global,SDG 14 (Life Below Water): Relevant to SDG 14.1 (reduce marine pollution); SDG 14.2 (sustainably manage marine and coastal ecosystems); SDG 14.4 (end overfishing); SDG 14.5 (conserve coastal and marine areas). GBF Target 3 (protect marine areas) and Target 5 (sustainable use).,"bipindicators.net; Halpern et al. 2012, 2015 (Nature)",National Center for Ecological Analysis and Synthesis (NCEAS); multiple global datasets,2,2 – Medium,Ocean warming and acidification are components of the OHI; SST is embedded in several goal scores.,SDG-14,Theme: Species; Status: Available,GBF-T3; GBF-T5,[INT-L-004]; [INT-L-007]
BIP-076,Climatic impacts on European and North American birds,Biodiversity Indicators Partnership (BIP),Pressure,Nature & Biodiversity | Climate,Pressure / threat index,Climate change vulnerability index / Species Climate Impact Score (SCIS),Global / Regional,SDG 13 (Climate Action) and SDG 15 (Life on Land): Relevant to SDG 13.1 (strengthen resilience and adaptive capacity); SDG 15.5 (halt biodiversity loss). GBF Target 8 (minimise climate change impacts on biodiversity).,bipindicators.net; EBCC; Stephens et al.,European Bird Census Council (EBCC); North American Breeding Bird Survey; PECBMS; climate model projections,3,3 – High,This indicator directly measures bird population responses to climate change; temperature anomalies and climate projections are the primary inputs.,SDG-13; SDG-15,Theme: Climate Impacts; Status: Available,GBF-T8,[INT-L-004]; [INT-L-007]
BIP-077,"Number of Parties to the Convention on Biological Diversity (CBD) that have deposited the instrument of ratification, acceptance, approval or accession of the Nagoya Protocol",Biodiversity Indicators Partnership (BIP),Enabling,"Governance, Society & Data",Policy / governance metric,Count of CBD Parties that have ratified the Nagoya Protocol on ABS,Global,SDG 15 (Life on Land): Relevant to SDG 15.6 (promote fair and equitable sharing of benefits from genetic resources). GBF Target 13 (genetic resources and benefit sharing).,bipindicators.net; CBD ABS Clearing-House,CBD Secretariat ABS Clearing-House; CBD treaty status records,0,0 – None,Treaty ratification from CBD records; no climate data.,SDG-15,Theme: Policy; Status: Available,GBF-T13,[INT-L-004]; [INT-L-007]
BIP-078,Index of Linguistic Diversity,Biodiversity Indicators Partnership (BIP),Enabling,"Governance, Society & Data",Policy / governance metric,Number of indigenous languages; number of speakers; UNESCO endangerment index,Global,SDG 4 (Quality Education) and SDG 11 (Sustainable Cities): Relevant to SDG 4.7 (education for sustainable development and cultural diversity); SDG 11.4 (protect cultural and natural heritage). GBF Target 21 (knowledge and data) and Target 22 (participation of indigenous peoples).,bipindicators.net; UNESCO Atlas of the World's Languages in Danger,UNESCO Atlas of the World's Languages in Danger; Ethnologue; SIL International,0,0 – None,Linguistic diversity data from UNESCO surveys; no climate input.,SDG-4; SDG-11,Theme: Traditional Knowledge; Status: Available,GBF-T21; GBF-T22,[INT-L-004]; [INT-L-007]
BIP-079,Growth in Species Occurrence Records Accessible Through GBIF,Biodiversity Indicators Partnership (BIP),Enabling,"Nature & Biodiversity | Governance, Society & Data",Policy / governance metric,Number of species occurrence records accessible; cumulative total,Global,SDG 15 (Life on Land) and SDG 17 (Partnerships): Relevant to SDG 15.9 (integrate biodiversity values into planning and reporting); SDG 17.18 (enhance capacity-building and data availability). GBF Target 21 (knowledge and data for decision-making).,bipindicators.net/indicators/growth-in-species-occurrence-records; GBIF.org,Global Biodiversity Information Facility (GBIF); digitised natural history collections,0,0 – None,Record counts from GBIF portal; no climate data.,SDG-15; SDG-17,Theme: Policy; Status: Available,GBF-T21,[INT-L-004]; [INT-L-007]
BIP-080,Proportion of known species assessed through the IUCN Red List,Biodiversity Indicators Partnership (BIP),Enabling,"Nature & Biodiversity | Governance, Society & Data",Policy / governance metric,% of estimated known species with an IUCN Red List assessment,Global,SDG 15 (Life on Land): Relevant to SDG 15.5 (halt biodiversity loss and protect threatened species); SDG 15.9 (integrate biodiversity values into planning). GBF Target 21 (knowledge and data for decision-making).,bipindicators.net; IUCN Red List; Butchart et al. 2010,IUCN Red List of Threatened Species; IUCN Statistics,0,0 – None,Assessment counts from IUCN records; no climate data.,SDG-15,Theme: Policy; Status: Available,GBF-T21,[INT-L-004]; [INT-L-007]
BIP-081,Official development assistance for biodiversity,Biodiversity Indicators Partnership (BIP),Enabling,"Nature & Biodiversity | Finance | Governance, Society & Data",Policy / governance metric,USD million/year committed to biodiversity via ODA (Rio Markers),Global,SDG 15 (Life on Land) and SDG 17 (Partnerships): Relevant to SDG 15.a (mobilize financial resources for biodiversity); SDG 17.18 (enhance capacity-building support for developing countries). GBF Target 19 (mobilise USD 200bn/year for biodiversity).,bipindicators.net/indicators/official-development-assistance-for-biodiversity; OECD DAC Rio Markers,OECD Development Assistance Committee (DAC) Creditor Reporting System; Rio Markers,0,0 – None,ODA data from OECD financial reporting; no climate data.,SDG-15; SDG-17,Theme: Policy; Status: Available,GBF-T19,[INT-L-004]; [INT-L-007]
