Record_ID,Indicator_Name,Source_Framework,NCF_Category,Policy_Sector,Indicator_Type,Units_Measure,Scope,Policy_Goal,Source_Reference,Data_Source,Climate_Score,Climate_Dependency,Climate_Rationale,GBF_Targets_Clean,Policy_Links,SDG_Goals_Clean,SDG_Target_Code
IND-B-126,"Common bird index (farmland, forest, urban)",EEA Biodiversity Strategy Indicators,State – Species,Nature & Biodiversity | Land Use & Agriculture | Urban & Buildings,Species index / trend,index,International,EU Biodiversity Strategy 2030; EU Nature Restoration Law,EEA SEBI indicator set; SEBI 001 – Abundance of common birds,European Environment Agency (EEA),2,2 – Medium,Common bird index; PECBMS indices from national BBS-equivalent schemes; weather is a significant inter-annual confounder as for JNCC bird indicators.,,[INT-P-015]; [EU-L-006],,
IND-B-127,Butterfly index (EEA),EEA Biodiversity Strategy Indicators,State – Species,Nature & Biodiversity | Land Use & Agriculture,Species index / trend,index,International,EU Biodiversity Strategy 2030; EU Nature Restoration Law,EEA SEBI indicator set; SEBI 002 – Abundance of grassland butterflies,European Environment Agency (EEA),3,3 – High,EEA butterfly index from EBMS transect data; flight activity is temperature and sunshine dependent; methodology includes survey-day weather correction.,,[INT-P-015]; [EU-L-006],,
IND-B-128,Population trends of large mammals & amphibians,EEA Biodiversity Strategy Indicators,State – Species,Nature & Biodiversity,Species index / trend,% of species improving/declining,International,EU Biodiversity Strategy 2030; EU Nature Restoration Law,EEA SEBI indicator set; SEBI 003 – Population trends vertebrates,European Environment Agency (EEA),1,1 – Low,Mammal and amphibian population trends from national monitoring schemes; weather affects survey-year counts but is generally not formally corrected.,,[INT-P-015]; [EU-L-006],,
IND-B-129,Fish stock sustainability rate,EEA Biodiversity Strategy Indicators,State – Species,Nature & Biodiversity | Marine & Fisheries,Species index / trend,% stocks at maximum sustainable yield,International,EU Biodiversity Strategy 2030; EU Nature Restoration Law,EEA SEBI indicator set; SEBI 006 – Fish stocks at MSY,European Environment Agency (EEA),2,2 – Medium,Fish stock sustainability from ICES assessments; sea temperature embedded in stock productivity models.,,[INT-P-015]; [EU-L-006],,
IND-B-130,Favourable conservation status (Habitats Directive),EEA Biodiversity Strategy Indicators,State – Habitats,Nature & Biodiversity,Habitat extent / condition,% of assessments favourable,International,EU Biodiversity Strategy 2030; EU Nature Restoration Law,EEA SEBI indicator set; SEBI 008 – Conservation status under Habitats Directive,European Environment Agency (EEA),1,1 – Low,"Habitats Directive conservation status from 6-yearly field assessments; weather in assessment period is a background influence, not formally modelled.",,[INT-P-015]; [EU-L-006],,
IND-B-131,Natura 2000 network coverage,EEA Biodiversity Strategy Indicators,State – Habitats,Nature & Biodiversity,Habitat extent / condition,% of land & sea area,International,EU Biodiversity Strategy 2030; EU Nature Restoration Law,EEA SEBI indicator set; SEBI 009 – Natura 2000 coverage,European Environment Agency (EEA),0,0 – None,Natura 2000 coverage from designation registers; no climate data.,,[INT-P-015]; [EU-L-006],,
IND-B-132,Green infrastructure connectivity index,EEA Biodiversity Strategy Indicators,State – Habitats,Nature & Biodiversity | Urban & Buildings,Habitat extent / condition,index,International,EU Biodiversity Strategy 2030; EU Nature Restoration Law,EEA SEBI indicator set; SEBI 019 – Connectivity of ecosystems,European Environment Agency (EEA),1,1 – Low,Green infrastructure connectivity from GIS spatial analysis; no direct climate data but species dispersal models may use climate layers.,,[INT-P-015]; [EU-L-006],,
IND-B-133,Area of degraded ecosystems restored,EEA Biodiversity Strategy Indicators,State – Habitats,Nature & Biodiversity,Habitat extent / condition,ha/year,International,EU Biodiversity Strategy 2030; EU Nature Restoration Law,EU Biodiversity Strategy 2030; Target 4 – Ecosystem restoration,European Environment Agency (EEA),0,0 – None,Area of ecosystems restored from project reporting; no climate data.,,[INT-P-015]; [EU-L-006],,
IND-B-134,High nature value farming area,EEA Biodiversity Strategy Indicators,Enabling,"Land Use & Agriculture | Governance, Society & Data",Policy / governance metric,% of agricultural land,International,EU Biodiversity Strategy 2030; EU Nature Restoration Law,EEA SEBI indicator set; SEBI 011 – High nature value farmland,European Environment Agency (EEA),0,0 – None,High nature value farming area from farm structure and land-cover surveys; no climate data.,,[INT-P-015]; [EU-L-006],,
IND-B-135,Rivers meeting good ecological status (EEA),EEA Biodiversity Strategy Indicators,Benefit,Nature & Biodiversity | Water,Ecosystem service flow,% of water bodies,International,EU Biodiversity Strategy 2030; EU Nature Restoration Law,EEA SEBI indicator set; SEBI 016 – River ecological status (WFD),European Environment Agency (EEA),2,2 – Medium,WFD ecological status; as for Defra row 52 — temperature and flow affect biological quality elements.,,[INT-P-015]; [EU-L-006],,
IND-B-136,Urban sprawl rate,EEA Biodiversity Strategy Indicators,Pressure,Urban & Buildings,Pressure / threat index,index,International,EU Biodiversity Strategy 2030; EU Nature Restoration Law,EEA SEBI indicator set; SEBI 013 – Land take & urban sprawl,European Environment Agency (EEA),0,0 – None,Urban sprawl rate from land-cover change analysis; no climate data.,,[INT-P-015]; [EU-L-006],,
IND-B-137,Invasive alien species counts (EEA),EEA Biodiversity Strategy Indicators,Pressure,Nature & Biodiversity | Biosecurity,Pressure / threat index,number of species,International,EU Biodiversity Strategy 2030; EU Nature Restoration Law,EEA SEBI indicator set; SEBI 010 – Invasive alien species,European Environment Agency (EEA),1,1 – Low,INNS counts from databases; climate facilitates establishment (indirect) but counts are from species lists.,,[INT-P-015]; [EU-L-006],,
IND-B-138,Organic farming share,EEA Biodiversity Strategy Indicators,Enabling,"Nature & Biodiversity | Land Use & Agriculture | Governance, Society & Data",Policy / governance metric,% of agricultural land,International,EU Biodiversity Strategy 2030; EU Nature Restoration Law,EU Biodiversity Strategy 2030; Target 5 – Organic farming,European Environment Agency (EEA),0,0 – None,Organic farming share from farm survey statistics; no climate data.,,[INT-P-015]; [EU-L-006],,
IND-B-139,Tree cover in urban areas,EEA Biodiversity Strategy Indicators,Enabling,Nature & Biodiversity | Land Use & Agriculture | Urban & Buildings,Policy / governance metric,% of urban area,International,EU Biodiversity Strategy 2030; EU Nature Restoration Law,EU Biodiversity Strategy 2030; Target 6 – Urban greening,European Environment Agency (EEA),0,0 – None,Urban tree cover from GIS/remote sensing mapping; no climate data.,,[INT-P-015]; [EU-L-006],,
IND-B-140,Marine protected areas with management plans,EEA Biodiversity Strategy Indicators,Enabling,"Nature & Biodiversity | Marine & Fisheries | Governance, Society & Data",Policy / governance metric,% of MPAs,International,EU Biodiversity Strategy 2030; EU Nature Restoration Law,EU Biodiversity Strategy 2030; Target 3 – Marine protected areas,European Environment Agency (EEA),0,0 – None,MPA management plans — policy/administrative records; no climate data.,,[INT-P-015]; [EU-L-006],,
IND-B-157,Global and European temperatures,EEA Biodiversity Strategy Indicators,Pressure,Trade & Industry | Climate,Temperature trend,°C anomaly vs 1850–1900 pre-industrial average; decadal means,EU | Europe | Global,EU Climate Law 2021 (1.5°C goal); Paris Agreement; 8th EAP mitigation objective; Minimise climate change impacts on biodiversity,EEA Indicator: global-and-european-temperatures; 8th EAP headline indicator context,Copernicus Climate Change Service (C3S) ERA5 reanalysis; HadCRUT5 (UK Met Office / CRU); GISTEMP; Berkeley Earth; NOAA GlobalTemp,3,3 – High,"This IS a climate data metric — directly calculated from instrumental temperature records and modelled outputs from GCMs. Global mean surface temperature anomaly data are the primary input. The 2024 dataset confirmed 1.54–1.60°C anomaly, the first calendar year exceeding 1.5°C. Temperature datasets (C3S, HadCRUT5, GISTEMP) are the direct source.",GBF-T8,[INT-L-003]; [INT-L-007]; [EU-L-005]; [EU-L-009],,
IND-B-158,Economic losses from weather and climate-related extreme events in Europe,EEA Biodiversity Strategy Indicators,Pressure,Finance | Climate,Economic impact,EUR billion/year (2024 prices); annual total economic losses,EU | Europe,EU Adaptation Strategy 2021; 8th EAP adaptation objective; EU Civil Protection Mechanism; Minimise climate change impacts on biodiversity,EEA 8th EAP Headline Indicator 03; economic-losses-from-weather-and-climate-related-extremes,Munich Re NatCatSERVICE database; Swiss Re sigma; national disaster registries; Eurostat GDP deflator for price adjustment,3,3 – High,"Directly measures monetary damages caused by weather and climate events. The indicator is entirely constituted of climate/weather impact data — flood losses, storm damage, heatwave costs, drought impacts. Each loss event is classified by meteorological hazard type (hydrological 47%, meteorological 27%, climatological 26%). Weather data determine both the occurrence and magnitude of the measured losses.",GBF-T8,[INT-L-007]; [INT-P-030]; [EU-L-009],,
IND-B-159,Drought impact on ecosystems in Europe,EEA Biodiversity Strategy Indicators,Pressure,Nature & Biodiversity | Land Use & Agriculture,Impact index,Soil moisture deficit index; annual anomaly from 1995–2019 long-term mean; % of ecosystem area affected,EU | Europe,EU Adaptation Strategy 2021; 8th EAP adaptation objective; EU Biodiversity Strategy 2030; Minimise climate change impacts on biodiversity,EEA 8th EAP Headline Indicator 04; drought-impact-on-ecosystems-in-europe,"Copernicus Land Monitoring Service (CLMS); ERA5 reanalysis soil moisture data; ECMWF meteorological driver data; remote sensing vegetation productivity (NDVI, FAPAR)",3,3 – High,Drought is directly caused by rainfall deficits and elevated evapotranspiration (temperature-driven). The indicator uses ERA5 reanalysis soil moisture data and CLMS remote sensing — all direct climate data products. The EMEP meteorological driver (ECMWF) is a direct input to the deposition model. Score 3: weather/climate data are the primary and explicit calculation input.,GBF-T8,[INT-L-007]; [INT-P-015]; [INT-P-030]; [EU-L-009],,
IND-B-160,Sea level rise in European seas,EEA Biodiversity Strategy Indicators,Pressure,Climate,Physical trend,mm/year relative to 1993 baseline; mean sea level anomaly,EU | Europe,EU Adaptation Strategy 2021; MSFD Good Environmental Status; EU Maritime Spatial Planning Directive; Minimise climate change impacts on biodiversity; Restore and enhance nature's contributions to people,EEA Indicator: sea-level-change-in-europe; 8th EAP adaptation context,"Copernicus Marine Environment Monitoring Service (CMEMS) satellite altimetry (Sentinel-6, Jason-3); Permanent Service for Mean Sea Level (PSMSL) tide gauge records; ECMWF ERA5",3,3 – High,Sea level rise is a direct physical consequence of climate change (ocean thermal expansion + ice melt). The indicator is calculated from satellite altimetry data and tide gauge records — pure observational climate datasets. CMEMS and PSMSL are direct climate/oceanographic data inputs. Score 3: climate observations are the sole calculation input.,GBF-T8; GBF-T11,[INT-L-007]; [INT-P-030]; [EU-L-004]; [EU-L-013],,
IND-B-161,Wildfire burned area in Europe,EEA Biodiversity Strategy Indicators,Pressure,Land Use & Agriculture,Area burned,thousand hectares/year; number of fires; economic losses from fires,EU | Europe,EU Adaptation Strategy 2021; EU Forest Strategy 2030; Nature Restoration Law 2024; Restore 30% of degraded ecosystems; Minimise climate change impacts on biodiversity,EEA Indicator: fire-affected-area-in-europe; European Forest Fire Information System (EFFIS),European Forest Fire Information System (EFFIS) / Copernicus Emergency Management Service; JRC fire database; national fire agencies; Sentinel satellite burnt area products,3,3 – High,"Wildfire occurrence and extent are directly driven by temperature, drought, and wind — all climate/weather variables. The Canadian Fire Weather Index (FWI) system — used by EFFIS — explicitly uses daily temperature, relative humidity, wind speed and precipitation as primary inputs. Score 3: weather data are direct, explicit inputs to the fire danger calculation.",GBF-T2; GBF-T8,[INT-L-007]; [INT-P-030]; [EU-L-006],,
IND-B-162,Ocean heat content and marine heatwaves in European seas,EEA Biodiversity Strategy Indicators,Pressure,Marine & Fisheries | Climate,Ocean temperature,Joules (× 10²²) upper 700m ocean heat content anomaly; marine heatwave days per year,EU | Europe,MSFD GES Descriptor 7 (hydrographical conditions); EU Adaptation Strategy 2021; EU Maritime Spatial Planning Directive; Minimise climate change impacts on biodiversity; Mainstream biodiversity across all sectors,EEA Indicator: ocean-heat-content; 8th EAP adaptation context; Copernicus Marine climate indicators,Copernicus Marine Environment Monitoring Service (CMEMS); NOAA Argo float array; ESA Climate Change Initiative Sea Surface Temperature; Copernicus Climate Change Service (C3S) marine data,3,3 – High,Ocean heat content is a direct measure of accumulated climate energy in the ocean system. Marine heatwaves are defined by sea surface temperature exceedance relative to a seasonal climatology — entirely temperature-driven. CMEMS and Argo observational datasets are direct inputs. Score 3: ocean temperature data are the sole calculation input and the indicator IS a measure of climate impact.,GBF-T8; GBF-T14,[INT-L-007]; [INT-P-030]; [EU-L-004]; [EU-L-013],,
IND-B-163,Extreme heat events — frequency and intensity in Europe,EEA Biodiversity Strategy Indicators,Pressure,Health | Climate,Hazard frequency,Days per year above 35°C; heatwave frequency index; excess mortality during heatwaves,EU | Europe,EU Adaptation Strategy 2021; European Climate Risk Assessment (EUCRA) 2024; EU Health Emergency Preparedness; Minimise climate change impacts on biodiversity; UN SDG 13 (Climate Action),EEA Indicator: heat-extremes-in-europe; European Climate Risk Assessment 2024; ClimateADAPT,Copernicus Climate Change Service (C3S) ERA5 reanalysis; E-OBS gridded observational dataset; EURO-CORDEX regional climate model ensemble; Eurostat excess mortality statistics,3,3 – High,"Extreme heat events are directly measured from temperature observations and climate model outputs. E-OBS observational gridded temperature data and C3S ERA5 reanalysis are the primary inputs. Heat impacts on ecosystems (tree mortality, coral bleaching, crop failure) are directly mediated by temperature extremes. Score 3: temperature data are the exclusive calculation input.",GBF-T8,[INT-L-007]; [INT-P-001]; [INT-P-030],SDG-13,
IND-B-164,Spring phenological index — plant and animal responses to climate,EEA Biodiversity Strategy Indicators,Pressure,Climate,Phenological index,Day-of-year (DOY) of key phenophase events; days shift per decade,EU | Europe,"EU Biodiversity Strategy 2030; Nature Restoration Law 2024; EU Adaptation Strategy 2021; Halt extinction, recover species; Minimise climate change impacts on biodiversity",EEA Indicator: spring-index; ClimateADAPT phenology indicators,Pan-European Phenology network (PEP725); MODIS land surface temperature and greenness (NDVI); Copernicus CLMS vegetation phenology products; national phenology monitoring networks,3,3 – High,"This is explicitly a climate response indicator. Spring phenological events (first leaf, first flowering, bird migration arrival) are directly and mechanistically driven by accumulated spring temperature (growing degree days). Temperature is the primary explanatory variable and the indicator is specifically designed to detect and quantify climate change impacts on biological timing. Score 3.",GBF-T4; GBF-T8,[INT-L-007]; [INT-P-015]; [INT-P-030]; [EU-L-006],,
IND-B-165,Total net greenhouse gas emissions in the EU (8th EAP headline),EEA Biodiversity Strategy Indicators,Pressure,Climate,Emissions trend,MtCO₂e/year; % change vs 1990 baseline; includes LULUCF,EU,EU Climate Law 2021 (−55% by 2030); Paris Agreement NDC; 8th EAP mitigation objective Article 2.a; Minimise climate change impacts on biodiversity,EEA 8th EAP Headline Indicator 01; greenhouse-gas-emission-trends,Annual EU GHG Inventory (EEA/DG CLIMA/Eurostat); UNFCCC national GHG reporting; IPCC 2006 Guidelines methods; EU ETS registry data,1,1 – Low,"The EU GHG inventory uses activity data × emission factors (IPCC methods). Temperature marginally affects demand (heating, cooling) and some source categories (soil N₂O, peatland CH₄), but the inventory is not formally weather-adjusted. Score 1: climate is a background influence on some inventory categories, not a direct calculation input.",GBF-T8,[INT-L-003]; [INT-L-007]; [EU-L-005]; [EU-L-009],,
IND-B-166,"GHG emissions and removals from land use, land use change and forestry (LULUCF)",EEA Biodiversity Strategy Indicators,Pressure,Land Use & Agriculture | Climate,Emissions / removals,MtCO₂e/year net removals/emissions from LULUCF sector,EU,EU LULUCF Regulation 2018 (Regulation 2018/841); EU Climate Law 2021 (−310 MtCO₂e target 2030); 8th EAP mitigation objective; EU Biodiversity Strategy 2030; Restore 30% of degraded ecosystems; Minimise climate change impacts on biodiversity,EEA 8th EAP Headline Indicator 02; greenhouse-gas-emissions-from-lulucf,Annual EU GHG Inventory LULUCF sector (EEA/DG CLIMA); national forest inventories; Copernicus Global Land Service (CGLS); FAO/IPCC Tier 2 methods,2,2 – Medium,"LULUCF carbon flux modelling incorporates temperature and rainfall effects on tree growth rates, soil respiration and peatland decomposition. National carbon accounting models (e.g., CBM-CFS3, EFISCEN) use climate parameters to project growth increments. Extreme drought years visibly reduce forest carbon sinks in the annual inventory. Score 2: climate data are embedded in the underlying carbon models.",GBF-T2; GBF-T8,[INT-L-007]; [INT-P-015]; [EU-L-005]; [EU-L-007]; [EU-L-009],,
IND-B-167,Share of renewable energy in gross final energy consumption,EEA Biodiversity Strategy Indicators,Enabling,Energy,Deployment metric,% of gross final energy consumption from renewable sources,EU,EU Renewable Energy Directive (recast) 2023 (42.5% target by 2030); 8th EAP sustainability objective Article 2.f; Minimise climate change impacts on biodiversity,EEA 8th EAP Headline Indicator 14; share-of-energy-from-renewable-sources-in-europe,Eurostat Energy Statistics (SHARES tool); Member State energy balances; ENTSO-E electricity data; Eurostat Short-Term Energy Statistics (STES),2,2 – Medium,"Renewable share is moved by wind, solar and hydro output, a known significant confounder, but it is an energy-statistics ratio and weather is not an explicit input; Eurostat SHARES normalises hydro and wind to damp that effect (Legend 2, rule D).",GBF-T8,[INT-L-007]; [EU-L-009]; [EU-L-019],,
IND-B-168,GHG emission intensity of electricity generation in Europe,EEA Biodiversity Strategy Indicators,Pressure,Climate | Energy,Intensity metric,gCO₂eq/kWh of electricity generated,EU | Europe,EU Electricity Market Directive; EU ETS; EU Climate Law 2021; 8th EAP mitigation objective; Minimise climate change impacts on biodiversity,EEA Indicator: greenhouse-gas-emission-intensity-of-electricity-generation,ENTSO-E electricity generation data; national GHG inventories (electricity sector); Eurostat energy statistics,2,2 – Medium,"GHG intensity of electricity varies with weather because renewables (wind, solar, hydro) displace fossil generation in good weather years. Low-wind years and drought years increase fossil backup and raise the emissions intensity. The indicator reflects the weather-dependent fuel mix without explicitly correcting for it. Score 2: weather is a significant inter-annual confounder through the renewable generation mix.",GBF-T8,[INT-L-007]; [EU-L-005]; [EU-L-009]; [EU-L-014],,
IND-B-169,Primary and final energy consumption in the EU,EEA Biodiversity Strategy Indicators,Pressure,Energy,Energy demand,Mtoe; % change from 2005 baseline; primary and final energy separately,EU,"EU Energy Efficiency Directive (recast) 2023 (992.5 Mtoe primary, 763 Mtoe final targets by 2030); 8th EAP objective Article 2.f; Minimise climate change impacts on biodiversity",EEA 8th EAP Headline Indicator 13; primary-and-final-energy-consumption,Eurostat energy balances; IEA energy statistics; Member State energy reporting under the Governance Regulation,1,1 – Low,"Energy consumption is affected by temperature — heating demand in cold winters, cooling demand in hot summers. The EEA indicator uses Heating Degree Days (HDD) and Cooling Degree Days (CDD) contextually but does not formally weather-correct the headline figure. Temperature is thus a background influence on inter-annual variation. Score 1.",GBF-T8,[INT-L-007]; [EU-L-009]; [EU-L-020],,
IND-B-170,GHG emissions from agriculture in Europe,EEA Biodiversity Strategy Indicators,Pressure,Land Use & Agriculture | Climate,Emissions,"MtCO₂e/year from agricultural sector; CH4 (enteric, manure), N₂O (soils, manure)",EU | Europe,"EU Farm to Fork Strategy (−50% fertiliser use by 2030); EU Climate Law 2021; 8th EAP mitigation objective; Common Agricultural Policy (CAP) reform 2023; Minimise climate change impacts on biodiversity; Sustainable agriculture, aquaculture, forestry and fisheries",EEA Indicator: greenhouse-gas-emissions-from-agriculture; UNFCCC GHG inventory agricultural sector,Annual EU GHG Inventory agricultural sector (EEA/DG CLIMA); IPCC Tier 1/2 methods; Eurostat agricultural statistics; FAO-STAT livestock data,1,1 – Low,"Agricultural GHG inventory uses activity data (livestock numbers, fertiliser use) × emission factors. Soil N₂O is temperature and moisture-sensitive, and temperature affects CH₄ from manure management, but the IPCC inventory methodology does not formally temperature-adjust the reported totals. Score 1: temperature affects individual source categories indirectly.",GBF-T8; GBF-T10,[INT-L-007]; [INT-P-015]; [EU-L-005]; [EU-L-009]; [EU-L-015],,
IND-B-171,Terrestrial protected areas in Europe — coverage and growth,EEA Biodiversity Strategy Indicators,State – Habitats,Nature & Biodiversity | Land Use & Agriculture,Area proportion,% of land area designated as protected; million ha; Natura 2000 + national designations,EU | Europe,EU Biodiversity Strategy 2030 (legally protect ≥30% of EU land by 2030); Nature Restoration Law 2024; Birds and Habitats Directives; Bern Convention Emerald Network; 30x30 -- protect land and sea,EEA 8th EAP Headline Indicator 09; terrestrial-protected-areas-in-europe,European Environment Agency Common Database on Designated Areas (CDDA); Natura 2000 network data (end 2023); Emerald Network; WDPA (UNEP-WCMC); EuroBoundaryMap,0,0 – None,Protected area coverage is calculated from designation registers and GIS boundary data. Climate and weather do not enter the area calculation — this is a legal/administrative measure of how much land is formally protected. Score 0.,GBF-T3,[INT-L-007]; [INT-L-012]; [INT-P-015]; [EU-L-001]; [EU-L-002]; [EU-L-006]; [EU-L-009],,
IND-B-172,Marine protected areas coverage in European seas,EEA Biodiversity Strategy Indicators,State – Habitats,Nature & Biodiversity | Marine & Fisheries | Water,Area proportion,% of European marine waters designated as protected; million km²,EU | Europe,EU Biodiversity Strategy 2030 (legally protect ≥30% of EU seas by 2030); Marine Strategy Framework Directive; Maritime Spatial Planning Directive; OSPAR; 30x30 -- protect land and sea,EEA Indicator: marine-protected-areas-in-europe (distinct from the existing MPA management plans indicator),CDDA; OSPAR MPA database; HELCOM MPA database; MSFD reporting by Member States; WDPA Marine,0,0 – None,Marine protected area extent is calculated from designation registers and GIS boundaries. Climate does not enter the area calculation — an entirely legal/administrative measure. Score 0.,GBF-T3,[INT-L-007]; [INT-L-013]; [INT-P-015]; [EU-L-004]; [EU-L-013],,
IND-B-173,Conservation status of species under the EU Habitats Directive,EEA Biodiversity Strategy Indicators,State – Species,Nature & Biodiversity,Extinction risk index,% of species assessments: favourable / inadequate / bad / unknown conservation status,EU,"EU Habitats Directive Article 17 reporting obligation; EU Biodiversity Strategy 2030 (no deterioration; 30% at favourable status by 2030); Nature Restoration Law 2024; 30x30 -- protect land and sea; Halt extinction, recover species",EEA Indicator: conservation-status-of-species-under-the-habitats-directive; 6-yearly Article 17 assessment,Member State Article 17 reporting to European Commission (6-yearly); EEA spatial analysis; IUCN European assessments; EUNIS species data,1,1 – Low,"Conservation status assessments are based on population size, range, habitat quality and future prospects from field surveys and expert judgement. Climate change is formally assessed as a threat and pressure in the Article 17 reporting, so climate considerations are embedded in the assessment framework — but climate data are not direct numerical inputs to the status score calculation. Score 1.",GBF-T3; GBF-T4,[INT-L-007]; [INT-P-015]; [EU-L-001]; [EU-L-006],,
IND-B-174,Conservation status of habitats under the EU Habitats Directive,EEA Biodiversity Strategy Indicators,State – Habitats,Nature & Biodiversity,Conservation trend,% of habitat assessments: favourable / inadequate / bad / unknown conservation status; 233 habitat types,EU,"EU Habitats Directive Article 17 reporting; EU Biodiversity Strategy 2030; Nature Restoration Law 2024 (restore habitats to favourable reference area and structure); Restore 30% of degraded ecosystems; Halt extinction, recover species",EEA Indicator: conservation-status-of-habitats-under-the-habitats-directive; 6-yearly Article 17 assessment,Member State Article 17 reporting to European Commission (6-yearly); Natura 2000 habitat mapping; EUNIS habitat classification; EEA habitat mapping products,1,1 – Low,"As for species conservation status: assessment is based on field surveys and expert judgement, with climate change formally recognised as a pressure. The 6-yearly assessment period means weather variability within a cycle is smoothed; climate is a long-term driver assessed qualitatively, not a direct numerical input. Score 1.",GBF-T2; GBF-T4,[INT-L-007]; [INT-P-015]; [EU-L-001]; [EU-L-006],,
IND-B-175,Natura 2000 sites under the EU Birds and Habitats Directives,EEA Biodiversity Strategy Indicators,State – Habitats,Nature & Biodiversity,Area extent,Number of sites; total area (million ha); % of EU land and sea covered,EU,EU Birds Directive; EU Habitats Directive; EU Biodiversity Strategy 2030; Nature Restoration Law 2024; Restore 30% of degraded ecosystems; 30x30 -- protect land and sea,EEA Indicator: natura-2000-sites-designated-under-the-eu-habitats-and-birds-directives,Natura 2000 viewer (DG Environment / EEA); CDDA; EuroBoundaryMap,0,0 – None,Natura 2000 site network extent is a legal designation register. The area and site count come from official designation databases — no climate or weather data used. Score 0.,GBF-T2; GBF-T3,[INT-L-007]; [INT-P-015]; [EU-L-001]; [EU-L-002]; [EU-L-006],,
IND-B-176,Abundance and distribution of selected European species (common birds and butterflies),EEA Biodiversity Strategy Indicators,State – Species,Nature & Biodiversity | Land Use & Agriculture,Abundance index,Multi-species index (1990=100); 168 common birds; grassland butterfly index,EU | Europe,"EU Biodiversity Strategy 2030 (reverse decline of pollinators; halt decline of common farmland birds by 2030); Nature Restoration Law 2024; EU Birds Directive; Halt extinction, recover species",EEA Indicator: abundance-and-distribution-of-selected-species; PECBMS common bird index; EBMS butterfly index,Pan-European Common Bird Monitoring Scheme (PECBMS); European Butterfly Monitoring Scheme (EBMS); BirdLife International; Butterfly Conservation Europe; national monitoring schemes,2,2 – Medium,"Common bird and butterfly population indices aggregate national monitoring scheme data. Butterfly counts are highly weather-sensitive (temperature, sunshine determine flight activity). Bird breeding success is affected by spring weather. Both indices are therefore sensitive to inter-annual climate variability, though formal weather correction is not universal across all national schemes. Score 2.",GBF-T4,[INT-L-007]; [INT-P-015]; [EU-L-002]; [EU-L-006]; [EU-L-009],,
IND-B-177,Marine non-indigenous species in European seas,EEA Biodiversity Strategy Indicators,Pressure,"Nature & Biodiversity | Marine & Fisheries | Governance, Society & Data",Invasion rate,Cumulative number of non-indigenous species established in European regional seas,EU | Europe,EU Regulation on Invasive Alien Species (1143/2014); MSFD GES Descriptor 2 (non-indigenous species); EU Biodiversity Strategy 2030; Eliminate and control invasive alien species,EEA Indicator: marine-non-indigenous-species-in-europe,European Marine Observation and Data Network (EMODnet); EEA/HELCOM/OSPAR joint marine assessments; AquaNIS database; regional sea convention reporting,1,1 – Low,"Sea surface temperature is a key facilitator of marine NIS establishment — warm waters allow tropical species to survive and reproduce in European seas. However, the indicator counts established species from species databases, not from temperature-adjusted models. Climate is a key enabling factor but is not a direct model input to the count. Score 1.",GBF-T6,[INT-L-007]; [INT-P-015]; [EU-L-004]; [EU-L-008],,
IND-B-178,River and floodplain restoration — free-flowing rivers progress,EEA Biodiversity Strategy Indicators,State – Habitats,Nature & Biodiversity | Water,Habitat condition,Number of barriers removed; km of free-flowing rivers restored; % of rivers meeting NRL restoration targets,EU | Europe,"Nature Restoration Law 2024 (restore 25,000 km of free-flowing rivers by 2030); EU Biodiversity Strategy 2030; Water Framework Directive; EU Floods Directive; Restore 30% of degraded ecosystems; Minimise climate change impacts on biodiversity",EEA Indicator: free-flowing-rivers-in-europe; Nature Restoration Law monitoring framework 2025+,AMBER Barrier Atlas (atlas of barriers to river connectivity); national river barrier removal registries; EEA Waterbase; Joint Research Centre hydrological modelling,2,2 – Medium,"Free-flowing river connectivity is assessed using hydrological models that incorporate river flow regimes — directly influenced by precipitation and snowmelt. Barrier removal increases natural flow variability, making rivers more climate-resilient. Hydrological models use precipitation and temperature inputs to assess ecological status. Score 2: climate data embedded in hydrological assessment models.",GBF-T2; GBF-T8,[INT-L-007]; [INT-P-015]; [EU-L-003]; [EU-L-006]; [EU-L-012],,
IND-B-179,Share of utilised agricultural area under organic farming (8th EAP headline),EEA Biodiversity Strategy Indicators,Enabling,Land Use & Agriculture,Area proportion,% of total utilised agricultural area (UAA) in organic farming,EU,"EU Farm to Fork Strategy (25% organic farming by 2030); EU Biodiversity Strategy 2030; 8th EAP nature objective; CAP Strategic Plans 2023–2027; Reduce pollution to safe levels; Sustainable agriculture, aquaculture, forestry and fisheries",EEA 8th EAP Headline Indicator 10; share-of-organic-farming,Eurostat Farm Structure Survey (FSS); national organic farming registers; FiBL Research Institute of Organic Agriculture statistics,0,0 – None,Organic farming area is an administrative measure from farm registration/certification statistics. No climate or weather data used in the calculation. Score 0.,GBF-T7; GBF-T10,[INT-L-007]; [INT-P-015]; [EU-L-009]; [EU-L-015],,
IND-B-180,Pesticide sales and use risk indicator for Europe,EEA Biodiversity Strategy Indicators,Pressure,Biosecurity | Pollution & Waste,Pressure / threat index,Harmonised Risk Indicator (HRI-1) for pesticide use; sales volumes (tonnes active substance),EU | Europe,"EU Farm to Fork Strategy (−50% use and risk of pesticides by 2030; −50% hazardous pesticides); EU Sustainable Use Regulation (SUR); EU Biodiversity Strategy 2030; Halt extinction, recover species; Reduce pollution to safe levels; Sustainable agriculture, aquaculture, forestry and fisheries",EEA Indicator: use-of-pesticides,Eurostat agri-environmental indicator on sales of pesticides; Member State reporting under Directive 2009/128/EC; EU Harmonised Risk Indicator 1 (HRI-1) calculated by DG SANTE,0,0 – None,Pesticide sales and the harmonised risk indicator are calculated from administrative sales/use data and toxicity weighting factors. Application rates may vary with weather conditions (dry periods affect spraying windows) but this seasonal variation is not formally incorporated into the HRI calculation. Score 0.,GBF-T4; GBF-T7; GBF-T10,[INT-L-007]; [INT-P-015],,
IND-B-181,Eutrophication caused by atmospheric nitrogen deposition in European ecosystems,EEA Biodiversity Strategy Indicators,Pressure,Nature & Biodiversity | Water | Pollution & Waste,Pollution load,% of ecosystem area where critical loads for nitrogen deposition are exceeded,EU | Europe,EU National Emission Ceilings (NEC) Directive 2016; EU Farm to Fork Strategy (−50% nutrient losses); EU Zero Pollution Action Plan; Nature Restoration Law 2024; Reduce pollution to safe levels,EEA Indicator: eutrophication-caused-by-atmospheric-nitrogen-deposition,EMEP atmospheric dispersion model (EMEP MSC-West / Norwegian Meteorological Institute); ECMWF ERA5 meteorological driver; European Monitoring and Evaluation Programme (EMEP); Critical Loads database (CCE); CEIP emission inventories,2,2 – Medium,"Nitrogen deposition is modelled via the EMEP atmospheric dispersion model which explicitly uses ERA5 meteorological data (wind fields, precipitation, atmospheric stability) to calculate wet and dry deposition. The ECMWF meteorological driver is a direct input. Annual rainfall variability significantly affects wet nitrogen deposition. Score 2: meteorological data are a direct model input.",GBF-T7,[INT-L-007]; [INT-P-015]; [EU-L-006]; [EU-L-010],,
IND-B-182,Nutrient surpluses in European agricultural soils,EEA Biodiversity Strategy Indicators,Pressure,Water | Land Use & Agriculture | Pollution & Waste,Pollution load,kg N/ha/year surplus; kg P/ha/year surplus from agricultural soils,EU | Europe,"EU Farm to Fork Strategy (−50% nutrient losses from fertilisers by 2030; −20% fertiliser use); EU Nitrates Directive; Water Framework Directive; EU Zero Pollution Action Plan; Reduce pollution to safe levels; Sustainable agriculture, aquaculture, forestry and fisheries",EEA Indicator: nitrogen-and-phosphorus-surpluses-in-agricultural-soils,OECD/Eurostat nutrient balance statistics; Member State Nitrates Directive reporting; European FAOSTATS; national fertiliser use surveys,1,1 – Low,"Nutrient surpluses are calculated from agricultural statistics (fertiliser applications − crop uptake). Rainfall and temperature affect crop uptake and thus the surplus calculation indirectly, but the indicator uses annual averages from administrative data without formal weather adjustment. Score 1.",GBF-T7; GBF-T10,[INT-L-007]; [INT-P-015]; [EU-L-003]; [EU-L-011],,
IND-B-183,Farmland bird index in Europe (broader coverage than existing common bird indicator),EEA Biodiversity Strategy Indicators,State – Species,Nature & Biodiversity | Land Use & Agriculture,Abundance index,Index of farmland specialist bird abundance (1980 or 1990 = 100); % change,EU | Europe,"EU Biodiversity Strategy 2030 (reverse decline of farmland birds by 2030); EU Birds Directive; CAP Strategic Plans 2023–2027; Farm to Fork Strategy; Halt extinction, recover species; Sustainable agriculture, aquaculture, forestry and fisheries",EEA/Eurostat agri-environmental indicator on farmland birds; PECBMS farmland bird index,Pan-European Common Bird Monitoring Scheme (PECBMS); BirdLife International; Eurostat agri-environmental indicators; national breeding bird atlases,2,2 – Medium,"Farmland bird population indices from the PECBMS aggregate national BBS-equivalent data. Spring weather (cold spells, drought, late frosts) affects breeding productivity and hence count-based indices. The PECBMS methodology uses smoothing models but does not formally weather-correct the EU-level farmland bird index. Score 2.",GBF-T4; GBF-T10,[INT-L-007]; [INT-P-015]; [EU-L-002]; [EU-L-009]; [EU-L-015],,
IND-B-184,Woody landscape features on agricultural land in Europe,EEA Biodiversity Strategy Indicators,State – Habitats,Land Use & Agriculture,Area extent,"% of agricultural land with woody landscape features (hedgerows, trees, scrub) per hectare",EU,"EU Farm to Fork Strategy (10% of agricultural area under high-diversity landscape features by 2030); EU Biodiversity Strategy 2030; CAP Strategic Plans 2023–2027; Nature Restoration Law 2024; Restore 30% of degraded ecosystems; Halt extinction, recover species; Sustainable agriculture, aquaculture, forestry and fisheries",EEA Indicator: woody-landscape-features-on-agricultural-land,Copernicus Land Monitoring Service (CLMS) high-resolution layers; LUCAS land use/cover survey (Eurostat/JRC); IACS (Integrated Administration and Control System — agricultural parcel data); national agricultural surveys,1,1 – Low,"Woody landscape feature extent is measured from remote sensing (Copernicus) and agricultural survey data. Climate is a long-term driver of woody vegetation growth and loss (drought kills hedgerows; storms damage trees), but the indicator uses static mapping data not weather-adjusted. Score 1.",GBF-T2; GBF-T4; GBF-T10,[INT-L-007]; [INT-P-015]; [EU-L-006]; [EU-L-015],,
IND-B-185,Net land take in European cities and commuting zones (8th EAP),EEA Biodiversity Strategy Indicators,Pressure,Urban & Buildings | Land Use & Agriculture,Area change,"km²/year net land converted from natural/semi-natural to artificial surfaces; ha per 100,000 persons",EU | Europe,EU Soil Strategy 2030 (no net land take by 2050); EU Biodiversity Strategy 2030; Nature Restoration Law 2024; Urban Agenda for the EU; 8th EAP nature objective; Restore 30% of degraded ecosystems; Green and blue spaces in urban areas,EEA 8th EAP Headline Indicator 11; land-take,Copernicus Urban Atlas; Copernicus Land Monitoring Service (CLMS) imperviousness layer; LUCAS land cover survey (Eurostat/JRC); Eurostat population data,0,0 – None,Land take is calculated from remote sensing land cover mapping (Copernicus imperviousness layer) compared to population data. No climate or weather data used in the area calculation. Climate is a very long-term background driver of urbanisation patterns but does not enter the annual land take calculation. Score 0.,GBF-T2; GBF-T12,[INT-L-007]; [INT-P-015]; [EU-L-006]; [EU-L-009],,
IND-B-186,Soil organic carbon stocks in European croplands,EEA Biodiversity Strategy Indicators,Benefit,Land Use & Agriculture | Climate,Carbon stock,t C/ha mean organic carbon content in 0–30cm topsoil; trend direction,EU | Europe,"EU Soil Strategy 2030 (no net soil organic carbon loss by 2030; net increase target); EU Carbon Removal Certification Framework; Nature Restoration Law 2024; Farm to Fork Strategy; Restore 30% of degraded ecosystems; Minimise climate change impacts on biodiversity; Sustainable agriculture, aquaculture, forestry and fisheries",EEA Indicator: soil-organic-carbon-in-croplands; LUCAS Soil survey,LUCAS Soil survey (JRC/Eurostat); ESDAC European Soil Data Centre; national soil monitoring networks; Copernicus Global Land Service,2,2 – Medium,"Soil organic carbon stocks are influenced by temperature (controlling decomposition rates) and precipitation (controlling plant inputs and moisture). SOC models (RothC, CENTURY) used to project trends explicitly use temperature and rainfall as inputs. The LUCAS Soil survey measures current stocks but future projections require climate data. Score 2: climate data embedded in SOC modelling frameworks.",GBF-T2; GBF-T8; GBF-T10,[INT-L-007]; [INT-P-015]; [EU-L-006],,
IND-B-187,Ecosystem extent accounts for Europe,EEA Biodiversity Strategy Indicators,State – Habitats,Nature & Biodiversity | Marine & Fisheries | Water,Habitat extent,"km² of each ecosystem type (forests, grasslands, wetlands, croplands, urban, freshwater, marine, sparsely vegetated); trend 2000–2018",EU | Europe,EU Biodiversity Strategy 2030; Nature Restoration Law 2024; SEEA EA (UN ecosystem accounts); EU Soil Strategy 2030; Water Framework Directive; Restore 30% of degraded ecosystems; 30x30 -- protect land and sea,EEA Research article: Ecosystem extent accounts for Europe (2022); SEEA EA ecosystem accounts,Copernicus Land Monitoring Service (CLMS) land cover and land use data; CORINE Land Cover; Copernicus LUCAS; JRC GlobCover; national ecosystem mapping programmes,1,1 – Low,"Extent from mapping or remote-sensing classification. Climate is a recognised long-run driver of change, but no climate data enter the area calculation and weather does not materially move the annual value (Legend 1, rule B).",GBF-T2; GBF-T3,[INT-L-007]; [INT-P-008]; [INT-P-015]; [EU-L-003]; [EU-L-006],,
IND-B-188,Soil moisture deficit — impact on ecosystem productivity,EEA Biodiversity Strategy Indicators,Pressure,Nature & Biodiversity | Land Use & Agriculture,Soil moisture,Annual soil moisture anomaly (deviation from 1995–2019 mean); % of ecosystem area affected by deficit,EU | Europe,EU Biodiversity Strategy 2030; EU Adaptation Strategy 2021; Nature Restoration Law 2024; EU Soil Strategy 2030; Restore 30% of degraded ecosystems; Minimise climate change impacts on biodiversity,EEA Indicator: soil-moisture-deficit; EU Biodiversity Strategy for 2030 indicator set,Copernicus Land Monitoring Service (CLMS) Soil Water Index; ERA5 reanalysis soil moisture; ECMWF land surface model outputs; Copernicus Global Land Service FAPAR (fraction of absorbed photosynthetically active radiation),3,3 – High,"This indicator is directly derived from ERA5 reanalysis soil moisture data — a climate data product. The soil moisture deficit is calculated as the annual average soil water content relative to a 25-year climatological mean, using meteorological forcing data. Negative anomalies indicate drought stress affecting vegetation productivity. Score 3: ERA5 climate reanalysis data are the primary and explicit calculation input.",GBF-T2; GBF-T8,[INT-L-007]; [INT-P-015]; [INT-P-030]; [EU-L-006],,
IND-B-189,Forest connectivity in Europe (8th EAP headline),EEA Biodiversity Strategy Indicators,State – Habitats,Land Use & Agriculture,Connectivity index,% of 10-ha neighbourhood area covered by forest (FAD metric); EU average 80.6% in 2021,EU | Europe,EU Biodiversity Strategy 2030 (increase forest connectivity by 2030); EU Forest Strategy 2030 (3 billion trees); Nature Restoration Law 2024; 8th EAP nature objective Article 2.e; Restore 30% of degraded ecosystems; 30x30 -- protect land and sea,EEA 8th EAP Headline Indicator 08; forest-connectivity-in-europe,Copernicus Land Monitoring Service (CLMS) High-Resolution Forest Type Layer 2018 and 2021 (Sentinel-2 satellite imagery); JRC Forest Area Density (FAD) methodology,1,1 – Low,"Connectivity of forest cover computed from Copernicus land-cover maps; climate is a long-run driver of forest cover, but no climate data enter the calculation (Legend 1, rule B).",GBF-T2; GBF-T3,[INT-L-007]; [INT-P-015]; [EU-L-006]; [EU-L-009],,
IND-B-190,Forest area and growing stock in Europe,EEA Biodiversity Strategy Indicators,State – Habitats,Nature & Biodiversity | Land Use & Agriculture,Habitat extent,Million ha of forest area; m³/ha growing stock volume; growing stock increment,EU | Europe,EU Forest Strategy 2030; EU Biodiversity Strategy 2030 (3 billion trees); Nature Restoration Law 2024; LULUCF Regulation; Restore 30% of degraded ecosystems; 30x30 -- protect land and sea,EEA Indicator: forest-area-in-europe; State of Europe's Forests reporting,State of Europe's Forests reports (FOREST EUROPE / MCPFE); National Forest Inventories (NFIs); JRC Growing Stock database; FAO Global Forest Resources Assessment; Copernicus Forest monitoring products,1,1 – Low,"Forest area and growing stock are measured from national forest inventories and Copernicus remote sensing. Climate affects tree growth rates and forest cover change over decades, but inventory measurements of current area and volume do not directly use climate data as inputs. Score 1.",GBF-T2; GBF-T3,[INT-L-007]; [INT-P-015]; [EU-L-006]; [EU-L-007],,
IND-B-191,Forest fire danger index in Europe,EEA Biodiversity Strategy Indicators,Pressure,Land Use & Agriculture,Fire risk,Canadian Fire Weather Index (FWI); number of high fire danger days per year; trend,EU | Europe,EU Forest Strategy 2030; EU Adaptation Strategy 2021; EU Civil Protection Mechanism; Nature Restoration Law 2024; Restore 30% of degraded ecosystems; Minimise climate change impacts on biodiversity,EEA Indicator: forest-fire-danger-in-europe; EFFIS fire danger forecasting,"European Forest Fire Information System (EFFIS / JRC); ERA5 reanalysis daily temperature, relative humidity, wind speed and precipitation; Copernicus Emergency Management Service (CEMS)",3,3 – High,"The Canadian Fire Weather Index (FWI) system — which EFFIS uses — is directly calculated from daily weather observations/reanalysis: temperature, relative humidity, wind speed and 24-hour precipitation are the four direct inputs. Score 3: weather data are the explicit, sole inputs to the fire danger index calculation.",GBF-T2; GBF-T8,[INT-L-007]; [INT-P-030]; [EU-L-006],,
IND-B-192,Carbon stocks and fluxes in European forests,EEA Biodiversity Strategy Indicators,Benefit,Land Use & Agriculture | Climate | Energy,Carbon stock,Pg C (petagram carbon) in forest biomass and soils; MtC/year net flux; sink strength,EU | Europe,EU LULUCF Regulation 2018 (−310 MtCO₂e forest sector target); EU Forest Strategy 2030; EU Biodiversity Strategy 2030; Paris Agreement land sector; Restore 30% of degraded ecosystems; Minimise climate change impacts on biodiversity,EEA Indicator: carbon-stocks-and-fluxes-in-european-forests,National Forest Inventories processed through CBM-CFS3 carbon model; FAO carbon assessment; JRC FISE; IPCC Tier 3 methods where available,2,2 – Medium,"Forest carbon flux modelling (e.g., Carbon Budget Model CBM-CFS3, EFISCEN) uses temperature and precipitation to determine growth increments, mortality and decomposition rates. Drought events visibly reduce European forest carbon sinks in recent years (observed in LULUCF data). Score 2: climate parameters are embedded in carbon accounting models.",GBF-T2; GBF-T8,[INT-L-003]; [INT-L-007]; [INT-P-015]; [EU-L-007],,
IND-B-193,Water stress index in European river basins,EEA Biodiversity Strategy Indicators,Pressure,Water,Water stress,Water Exploitation Index Plus (WEI+) — ratio of freshwater abstraction to availability; % of territory in high stress,EU | Europe,"Water Framework Directive; EU Water Blueprint 2012; EU Adaptation Strategy 2021; Nature Restoration Law 2024 (restore 25,000 km of rivers); Reduce pollution to safe levels; Minimise climate change impacts on biodiversity; Restore and enhance nature's contributions to people",EEA Indicator: freshwater-abstractions,Eurostat freshwater abstraction statistics; EEA Waterbase WFD reporting; AQUASTAT (FAO); JRC Global Runoff Data Centre; LISFLOOD hydrological model (JRC),3,3 – High,Water availability is directly determined by precipitation and evapotranspiration (temperature-driven). The LISFLOOD hydrological model underlying WEI+ calculations uses ERA5 rainfall and temperature as primary inputs to model river flows and groundwater recharge. Drought years dramatically increase WEI+ scores. Score 3: precipitation and temperature are direct inputs to the water availability model.,GBF-T7; GBF-T8; GBF-T11,[INT-L-007]; [INT-P-030]; [EU-L-003]; [EU-L-006],,
IND-B-194,Nutrient loads entering European seas — rivers and atmosphere,EEA Biodiversity Strategy Indicators,Pressure,Water | Pollution & Waste,Pollution load,kt N/year and kt P/year riverine loads; atmospheric deposition loads to regional seas,EU | Europe,EU Nitrates Directive; MSFD; OSPAR; HELCOM; EU Farm to Fork Strategy; Water Framework Directive; Reduce pollution to safe levels,EEA Indicator: nutrients-in-rivers; OSPAR/HELCOM nutrient load monitoring,OSPAR RHENO riverine input database; HELCOM nutrient monitoring; EMEP atmospheric deposition model; national river monitoring networks; EEA Waterbase,2,2 – Medium,"Riverine nutrient loads are the product of concentrations × flow. River flow is directly climate-driven — high-flow years (wet winters, snowmelt) deliver more nutrients to seas; drought years reduce loads. The EMEP atmospheric deposition model uses meteorological data (precipitation, wind) as direct inputs for wet deposition of nitrogen. Score 2: river flow (climate-driven) and atmospheric models (meteorological inputs) both embed climate data.",GBF-T7,[INT-L-007]; [INT-L-013]; [INT-L-017]; [INT-P-015]; [EU-L-003]; [EU-L-004]; [EU-L-011],,
IND-B-195,Groundwater quantity status under the Water Framework Directive,EEA Biodiversity Strategy Indicators,State – Habitats,Water,Water quality,% of groundwater bodies achieving good quantitative status (WFD assessment),EU | Europe,Water Framework Directive (WFD); EU Groundwater Directive 2006; EU Adaptation Strategy 2021; Reduce pollution to safe levels; Restore and enhance nature's contributions to people,EEA Indicator: groundwater-quality-europe,WFD national reporting by Member States (Art. 8/13 RBMP cycles); EEA Waterbase groundwater data; WISE freshwater information system,2,2 – Medium,Groundwater quantitative status reflects whether abstraction exceeds recharge. Recharge is directly determined by rainfall and infiltration (climate-driven). Drought periods reduce recharge and push groundwater bodies into poor quantitative status independently of abstraction trends. Score 2: precipitation patterns (climate) are the primary driver of recharge embedded in status assessment.,GBF-T7; GBF-T11,[INT-L-007]; [INT-P-030]; [EU-L-003],,
IND-B-196,Bathing water quality in Europe,EEA Biodiversity Strategy Indicators,Benefit,Water,Water quality,% of EU bathing waters classified as excellent or good quality,EU | Europe,EU Bathing Water Directive 2006 (revision 2023); Zero Pollution Action Plan; Urban Waste Water Treatment Directive; Reduce pollution to safe levels,EEA Indicator: bathing-water-quality-in-europe,Member State Bathing Water Directive reporting to EEA; Eurostat bathing water statistics; national environmental agencies in-season sampling data,1,1 – Low,"Bathing water quality from in-season sampling. Rainfall events cause CSO overflows and diffuse agricultural runoff that degrade quality, but the indicator reports the annual classification outcome, not individual sample values corrected for weather. Score 1: weather is a background influence on inter-annual variation but not a formal model input.",GBF-T7,[INT-L-007],,
IND-B-197,Ocean acidification in European seas,EEA Biodiversity Strategy Indicators,Pressure,Marine & Fisheries | Pollution & Waste,Chemical status,pH units (surface seawater); aragonite saturation state (Ω Ar); trend,EU | Europe,MSFD; OSPAR; EU Adaptation Strategy 2021; EU Biodiversity Strategy 2030; Nature Restoration Law 2024 (marine ecosystems); Minimise climate change impacts on biodiversity,EEA Indicator: ocean-acidification,"European marine monitoring networks (OSPAR, EMODnet); Copernicus Marine Environment Monitoring Service (CMEMS); SOCAT (Surface Ocean CO₂ Atlas); Argo float network; national oceanographic institutes",3,3 – High,"Ocean acidification is directly caused by absorption of atmospheric CO₂ — a consequence of fossil fuel burning and land use change. pH and aragonite saturation are calculated from seawater chemistry measurements (dissolved CO₂, alkalinity, temperature). The degree of acidification is mechanistically linked to atmospheric CO₂ concentrations. Score 3: ocean chemistry observations are the direct input; the phenomenon IS a climate change impact.",GBF-T8,[INT-L-007]; [INT-L-013]; [INT-P-015]; [INT-P-030]; [EU-L-004]; [EU-L-006],,
IND-B-198,Eutrophication in European regional seas,EEA Biodiversity Strategy Indicators,Pressure,Marine & Fisheries | Water | Pollution & Waste,Pressure index,% of coastal/marine area in eutrophication assessment areas showing problem status; chlorophyll-a concentrations,EU | Europe,MSFD; OSPAR; HELCOM; WFD; EU Nitrates Directive; Zero Pollution Action Plan; EU Farm to Fork Strategy; Reduce pollution to safe levels,EEA Indicator: eutrophication-in-marine-waters,OSPAR COMP marine assessment; HELCOM assessments; Copernicus Marine Environment Monitoring Service (CMEMS) satellite chlorophyll data; national marine monitoring programmes; EEA Waterbase,2,2 – Medium,"Marine eutrophication depends on nutrient loads from rivers (climate-driven through river flow) and atmospheric deposition (weather-dependent via EMEP models). Sea temperature affects phytoplankton bloom dynamics — warmer waters accelerate blooms. Satellite chlorophyll data (CMEMS) capture these processes. Score 2: climate influences nutrient delivery and bloom dynamics, embedded in assessment methodology.",GBF-T7,[INT-L-007]; [INT-L-013]; [INT-L-017]; [INT-P-015]; [EU-L-004]; [EU-L-011],,
IND-B-199,Marine litter on European beaches and seabed,EEA Biodiversity Strategy Indicators,Pressure,Marine & Fisheries | Pollution & Waste,Litter count,Number of litter items per 100m beach survey; kg/km seabed litter from trawls,EU | Europe,MSFD GES Descriptor 10; OSPAR; EU Single-Use Plastics Directive 2019; EU Marine Strategy Framework Directive; Reduce pollution to safe levels,EEA Indicator: marine-litter-on-european-coastlines,OSPAR beach litter survey network; EMODnet Chemistry seabed litter database; Copernicus Marine Service; national coastguard/environmental agency beach surveys,1,1 – Low,"Marine litter surveys count items deposited on beaches or seafloor. Storm events and currents (weather-driven) transport and concentrate litter, affecting survey counts inter-annually. However, survey protocols are standardised and the indicator counts recorded items without formal weather adjustment. Score 1.",GBF-T7,[INT-L-007]; [INT-L-013]; [EU-L-004]; [EU-L-018],,
IND-B-200,Artificial land cover and soil sealing in Europe,EEA Biodiversity Strategy Indicators,Pressure,Land Use & Agriculture,Area change,% of land area with impervious surfaces; km² of new sealed area per year; total sealed area,EU | Europe,EU Soil Strategy 2030 (no net land take by 2050; remediate contaminated sites); EU Biodiversity Strategy 2030; Nature Restoration Law 2024; Urban Greening Plans; Restore 30% of degraded ecosystems; Green and blue spaces in urban areas,EEA Indicator: soil-sealing-in-europe,"Copernicus Land Monitoring Service (CLMS) Imperviousness Layer (10m resolution, Sentinel-2); Urban Atlas; LUCAS land cover survey; JRC global impervious surface mapping",0,0 – None,Soil sealing extent is measured from Copernicus satellite imperviousness mapping. The calculation uses spectral analysis of sealed surfaces — no climate or weather data are inputs. Climate change may influence urbanisation patterns long-term but does not enter the current year-to-year mapping calculation. Score 0.,GBF-T2; GBF-T12,[INT-L-007]; [INT-P-015]; [EU-L-006],,
IND-B-201,Green bonds as share of total bond issuance in Europe (8th EAP headline),EEA Biodiversity Strategy Indicators,Enabling,"Governance, Society & Data",Policy / governance metric,% of green bonds in total corporate and sovereign bonds issued; EUR billion,EU,EU Green Bond Standard; EU Taxonomy for Sustainable Finance; EU Biodiversity Strategy 2030; 8th EAP enabling conditions (sustainable finance); European Green Deal Investment Plan; Business assessment and disclosure of biodiversity; Mobilise USD 200bn/year for biodiversity,EEA 8th EAP Headline Indicator 16; green-bonds-as-percentage-of-total-bonds,Climate Bonds Initiative (CBI) database; European Central Bank (ECB) green bond statistics; Bloomberg NEF; Eurostat financial accounts; ESMA bond registry,0,0 – None,Green bond share is calculated from financial market data on bond issuance volumes. No climate or weather data used in the calculation — this is a financial market monitoring indicator. Score 0.,GBF-T15; GBF-T19,[INT-L-007]; [INT-P-015]; [INT-P-016]; [EU-L-009],,
IND-B-202,EU consumption footprint — environmental impacts of consumption,EEA Biodiversity Strategy Indicators,Pressure,Trade & Industry | Pollution & Waste,Consumption footprint,Environmental footprint score (points per capita); Life Cycle Assessment impact categories (16),EU,EU Farm to Fork Strategy; EU Circular Economy Action Plan; 8th EAP sustainable consumption objective; EU Product Environmental Footprint (PEF) method; Business assessment and disclosure of biodiversity; Enable sustainable consumption choices,EEA 8th EAP Headline Indicator (enabling conditions): eu-consumption-footprint,Eurostat Supply and Use tables; EXIOBASE multi-regional input-output database; JRC Product Environmental Footprint (PEF) methodology; Life Cycle Assessment databases,1,1 – Low,"The consumption footprint uses Life Cycle Assessment covering 16 impact categories including climate change, freshwater, land use, toxicity. Climate change impact category uses GWP (global warming potential) — essentially an emissions metric. Weather does not directly enter the calculation; climate is one of the 16 impact dimensions assessed through LCA, not a data input to the methodology. Score 1.",GBF-T15; GBF-T16,[INT-L-007]; [INT-P-015]; [EU-L-009],,
IND-B-203,Environmental protection expenditure in Europe (8th EAP headline),EEA Biodiversity Strategy Indicators,Enabling,"Finance | Governance, Society & Data",Policy / governance metric,% of GDP; EUR billion; share of total public and private expenditure on environmental protection,EU | Europe,EU Biodiversity Strategy 2030 (€20bn/year for biodiversity by 2030); European Green Deal Investment Plan; 8th EAP enabling condition Article 3.u; EU Multiannual Financial Framework; Eliminate harmful subsidies -- USD 500bn by 2030; Mobilise USD 200bn/year for biodiversity,EEA 8th EAP Headline Indicator 20; environmental-protection-expenditure,Eurostat Environmental Protection Expenditure Accounts (EPEA); national accounts statistics; OECD environmental expenditure data,0,0 – None,Environmental protection expenditure is an accounting/financial measure from national accounts. No climate or weather data used. Score 0.,GBF-T18; GBF-T19,[INT-L-007]; [INT-P-015]; [INT-P-016]; [EU-L-009],,
