Record_ID,Indicator_Name,Source_Framework,NCF_Category,Policy_Sector,Indicator_Type,Units_Measure,Scope,Policy_Goal,Source_Reference,Data_Source,Climate_Score,Climate_Dependency,Climate_Rationale,Indicator_Code,Framework_Classification,GBF_Targets_Clean,Policy_Links,SDG_Goals_Clean,SDG_Target_Code
IND-E-001,Emissions for five key air pollutants,Environmental Indicator Framework (EIF),Pressure,Pollution & Waste,Pressure / threat index,Index (2005=100); kilotonnes/year,England,Environmental Improvement Plan (EIP) 2025; Kunming-Montreal Global Biodiversity Framework (GBF); Reduce pollution to safe levels,Theme A – Air; Indicator A1,National Atmospheric Emissions Inventory (NAEI); Defra Air Quality statistics,2,2 – Medium,"Emissions modelled via NAEI activity data × emission factors; temperature affects NH3 volatilisation, but formal weather adjustment applies only to NH3. The NAEI uses meteorological data for deposition modelling components.",A1,Reporting status: Final,GBF-T7,[POL-001]; [INT-L-007]; [LEG-004],,
IND-E-002,"Emissions of greenhouse gases from natural resources, waste and fluorinated gases",Environmental Indicator Framework (EIF),Pressure,Climate | Pollution & Waste,Pressure / threat index,MtCO₂e/year,England,Environmental Improvement Plan (EIP) 2025; Kunming-Montreal Global Biodiversity Framework (GBF); Minimise climate change impacts on biodiversity,Theme A – Air; Indicator A2,DESNZ UK GHG Inventory; National Atmospheric Emissions Inventory (NAEI),1,1 – Low,GHG emissions from natural resources and waste use IPCC inventory methods; temperature affects methane emissions from wetlands and permafrost (indirect).,A2,Reporting status: Final,GBF-T8,[POL-001]; [INT-L-007]; [LEG-004],,
IND-E-003,Concentrations of fine particulate matter (PM2.5) in the air,Environmental Indicator Framework (EIF),Pressure,Pollution & Waste,Pressure / threat index,µg/m³ (annual mean),England,Environmental Improvement Plan (EIP) 2025; Kunming-Montreal Global Biodiversity Framework (GBF); Reduce pollution to safe levels,Theme A – Air; Indicator A3,Automatic Urban and Rural Network (AURN); Defra Air Quality statistics,3,3 – High,"PM2.5 ambient concentrations directly measured by monitoring network; meteorological conditions (boundary layer height, wind speed, rainfall washout) are primary drivers of year-to-year variation in measured concentrations.",A3,Reporting status: Final,GBF-T7,[POL-001]; [INT-L-007]; [LEG-004],,
IND-E-004,Rural background concentrations of ozone (O3),Environmental Indicator Framework (EIF),Pressure,Pollution & Waste,Pressure / threat index,µg/m³ (annual mean / seasonal AOT40),England,Environmental Improvement Plan (EIP) 2025; Kunming-Montreal Global Biodiversity Framework (GBF); Reduce pollution to safe levels,Theme A – Air; Indicator A4,Automatic Urban and Rural Network (AURN) rural ozone stations; Defra,3,3 – High,Rural ozone concentrations are strongly driven by temperature (photochemical production) and sunshine; ozone formation is directly dependent on weather variables.,A4,Reporting status: Final,GBF-T7,[POL-001]; [INT-L-007]; [LEG-004],,
IND-E-005,Roadside nitrogen dioxide (NO2) concentrations,Environmental Indicator Framework (EIF),Pressure,Transport | Pollution & Waste,Pressure / threat index,µg/m³ (annual mean),England,Environmental Improvement Plan (EIP) 2025; Kunming-Montreal Global Biodiversity Framework (GBF); Reduce pollution to safe levels,Theme A – Air; Indicator A5,Roadside air quality monitoring network (AURN); Local authority monitoring,3,3 – High,"Roadside NO2 concentrations directly depend on wind speed, atmospheric stability and temperature; meteorological data underpin dispersion modelling used to interpret monitoring data.",A5,Reporting status: Final,GBF-T7,[POL-001]; [INT-L-007]; [LEG-004],,
IND-E-006,Exceedance of damaging levels of nutrient nitrogen deposition on ecosystems,Environmental Indicator Framework (EIF),Pressure,Nature & Biodiversity | Water | Pollution & Waste,Pressure / threat index,% of ecosystem area in exceedance,England,Environmental Improvement Plan (EIP) 2025; Kunming-Montreal Global Biodiversity Framework (GBF); Reduce pollution to safe levels,Theme A – Air; Indicator A6,CBED/FRAME atmospheric deposition model; CEH critical loads database,2,2 – Medium,Nutrient nitrogen deposition modelled via CBED/FRAME; rainfall directly determines wet deposition fraction — meteorological data are a direct model input.,A6,Reporting status: Final,GBF-T7,[POL-001]; [INT-L-007]; [LEG-004],,
IND-E-007,Area of land exposed to damaging levels of ammonia (NH3) in the atmosphere,Environmental Indicator Framework (EIF),Pressure,Land Use & Agriculture | Pollution & Waste,Pressure / threat index,% of land area above threshold,England,Environmental Improvement Plan (EIP) 2025; Kunming-Montreal Global Biodiversity Framework (GBF); Reduce pollution to safe levels,Theme A – Air; Indicator A7,CBED/FRAME atmospheric deposition model; CEH ammonia mapping,2,2 – Medium,NH3 atmospheric exposure from dispersion modelling; temperature and wind speed directly affect volatilisation rates and dispersion — meteorological inputs are core to the model.,A7,Reporting status: Final,GBF-T7,[POL-001]; [INT-L-007]; [LEG-004],,
IND-E-008,Pollution loads entering waters,Environmental Indicator Framework (EIF),Pressure,Water | Pollution & Waste,Pressure / threat index,"tonnes/year (nitrogen, phosphorus, sediment)",England,Environmental Improvement Plan (EIP) 2025; Kunming-Montreal Global Biodiversity Framework (GBF); Reduce pollution to safe levels,Theme B – Water; Indicator B1,EA Catchment Data; Water Framework Directive monitoring; Defra,2,2 – Medium,Pollution loads modelled from monitoring data and catchment models; river flow (directly climate-driven) determines diffuse load delivery — hydrological model inputs include rainfall.,B1,Reporting status: Interim,GBF-T7,[POL-001]; [INT-L-007]; [LEG-004],,
IND-E-009,Serious pollution incidents to water,Environmental Indicator Framework (EIF),Pressure,Water | Pollution & Waste,Pressure / threat index,number of Category 1 & 2 incidents/year,England,Environmental Improvement Plan (EIP) 2025; Kunming-Montreal Global Biodiversity Framework (GBF); Reduce pollution to safe levels,Theme B – Water; Indicator B2,Environment Agency National Incident Reporting System,1,1 – Low,"Pollution incidents from Environment Agency records; heavy rainfall (climate event) can trigger incidents but the indicator counts recorded events, not weather-adjusted.",B2,Reporting status: Final,GBF-T7,[POL-001]; [INT-L-007]; [LEG-004],,
IND-E-010,State of the water environment,Environmental Indicator Framework (EIF),Benefit,Nature & Biodiversity | Water,Ecosystem service flow,% of water bodies in good/high ecological status (WFD),England,Environmental Improvement Plan (EIP) 2025; Kunming-Montreal Global Biodiversity Framework (GBF); Restore 30% of degraded ecosystems; Reduce pollution to safe levels,Theme B – Water; Indicator B3,EA / NRW / SEPA Water Framework Directive classification assessments,2,2 – Medium,WFD ecological status; as for Biodiversity row 52 — temperature and low-flow conditions affect biological quality elements used in classification.,B3,Reporting status: Interim,GBF-T2; GBF-T7,[POL-001]; [INT-L-007]; [LEG-004],,
IND-E-011,Condition of bathing waters,Environmental Indicator Framework (EIF),Benefit,Nature & Biodiversity | Water,Ecosystem service flow,% classified excellent or good,England,Environmental Improvement Plan (EIP) 2025; Kunming-Montreal Global Biodiversity Framework (GBF); Reduce pollution to safe levels,Theme B – Water; Indicator B4,EA / SEPA / NRW bathing water classification assessments,1,1 – Low,Bathing water quality from in-season sampling; rainfall events cause CSO overflows affecting quality but the indicator reports classification results.,B4,Reporting status: Final,GBF-T7,[POL-001]; [INT-L-007]; [LEG-004],,
IND-E-012,Water bodies achieving sustainable abstraction criteria,Environmental Indicator Framework (EIF),Benefit,Nature & Biodiversity | Water,Ecosystem service flow,% of water bodies meeting criteria,England,Environmental Improvement Plan (EIP) 2025; Kunming-Montreal Global Biodiversity Framework (GBF); Reduce pollution to safe levels; Restore and enhance nature's contributions to people,Theme B – Water; Indicator B5,EA Water Framework Directive abstraction assessment,1,1 – Low,Sustainable abstraction from licence compliance monitoring; low flows (drought) affect whether criteria are met but the indicator reports compliance status.,B5,Reporting status: Final,GBF-T7; GBF-T11,[POL-001]; [INT-L-007]; [LEG-004],,
IND-E-013,Natural functions of water and wetland ecosystems,Environmental Indicator Framework (EIF),State – Habitats,Nature & Biodiversity | Water,Habitat extent / condition,index / area (ha) of functional floodplain and wetland,England,Environmental Improvement Plan (EIP) 2025; Kunming-Montreal Global Biodiversity Framework (GBF); Restore 30% of degraded ecosystems; Restore and enhance nature's contributions to people,Theme B – Water; Indicator B6,Environment Agency; Countryside Survey (CEH); wetland habitat monitoring,2,2 – Medium,Natural functions of wetland ecosystems assessed via hydrological condition indicators; rainfall and water table (climate variables) directly determine wetland function scores.,B6,Reporting status: Interim,GBF-T2; GBF-T11,[POL-001]; [INT-L-007]; [LEG-004],,
IND-E-014,Health of freshwaters assessed through fish populations,Environmental Indicator Framework (EIF),State – Species,Nature & Biodiversity | Marine & Fisheries | Water,Species index / trend,% of river length in good or high status (WFD fish index),England,"Environmental Improvement Plan (EIP) 2025; Kunming-Montreal Global Biodiversity Framework (GBF); Halt extinction, recover species; Reduce pollution to safe levels",Theme B – Water; Indicator B7,EA / NRW / SEPA fish population surveys (WFD fish index),2,2 – Medium,Fish population WFD index includes temperature-sensitive species; electrofishing surveys may be affected by water temperature and flow conditions.,B7,Reporting status: Interim,GBF-T4; GBF-T7,[POL-001]; [INT-L-007]; [LEG-004],,
IND-E-015,Clean seas: marine litter,Environmental Indicator Framework (EIF),Pressure,Marine & Fisheries | Pollution & Waste,Pressure / threat index,items per 100m of shoreline; items per km² seabed,England,Environmental Improvement Plan (EIP) 2025; Kunming-Montreal Global Biodiversity Framework (GBF); Reduce pollution to safe levels,Theme C – Seas & Estuaries; Indicator C1,Marine Conservation Society beach litter surveys; MMO seabed surveys; OSPAR,1,1 – Low,Marine litter from beach/seabed survey counts; storm events (climate) affect litter deposition but surveys are standardised and not weather-adjusted.,C1,Reporting status: Interim,GBF-T7,[POL-001]; [INT-L-007]; [LEG-004],,
IND-E-016,Seabed subject to high pressure from human activity,Environmental Indicator Framework (EIF),Pressure,Marine & Fisheries,Pressure / threat index,% of seabed area,England,Environmental Improvement Plan (EIP) 2025; Kunming-Montreal Global Biodiversity Framework (GBF); Sustainable use of wild species; Restore and enhance nature's contributions to people,Theme C – Seas & Estuaries; Indicator C2,MMO vessel monitoring system (VMS); ICES trawling pressure data,2,2 – Medium,Seabed pressure from fishing effort data; storm frequency (climate) affects fishing access but the indicator primarily tracks effort from vessel monitoring data.,C2,Reporting status: Interim,GBF-T5; GBF-T11,[POL-001]; [INT-L-007]; [LEG-004],,
IND-E-017,Diverse seas: status of marine mammals and marine birds,Environmental Indicator Framework (EIF),State – Species,Nature & Biodiversity | Marine & Fisheries,Species index / trend,index of abundance / population trend,England,"Environmental Improvement Plan (EIP) 2025; Kunming-Montreal Global Biodiversity Framework (GBF); Halt extinction, recover species",Theme C – Seas & Estuaries; Indicator C3,JNCC / ICES; Joint Cetacean Protocol; Seabird Monitoring Programme (SMP),2,2 – Medium,"Marine mammal and seabird status from monitoring programmes; sea surface temperature affects prey availability, a key driver of population trends.",C3,Reporting status: Interim,GBF-T4,[POL-001]; [INT-L-007]; [LEG-004],,
IND-E-018,Diverse seas: condition of seafloor habitats,Environmental Indicator Framework (EIF),State – Habitats,Nature & Biodiversity | Marine & Fisheries,Habitat extent / condition,% of seafloor habitats in good condition,England,Environmental Improvement Plan (EIP) 2025; Kunming-Montreal Global Biodiversity Framework (GBF); Restore 30% of degraded ecosystems,Theme C – Seas & Estuaries; Indicator C4,Marine Biodiversity Monitoring Programme (MBMP); JNCC; Natural England,1,1 – Low,Seafloor habitat condition from MBMP surveys; physical disturbance from storms affects habitat condition but survey methodology does not formally weather-correct.,C4,Reporting status: Interim,GBF-T2,[POL-001]; [INT-L-007]; [LEG-004],,
IND-E-019,Diverse seas: condition of pelagic habitats,Environmental Indicator Framework (EIF),State – Habitats,Nature & Biodiversity | Marine & Fisheries,Habitat extent / condition,index of plankton community state,England,Environmental Improvement Plan (EIP) 2025; Kunming-Montreal Global Biodiversity Framework (GBF); Restore 30% of degraded ecosystems,Theme C – Seas & Estuaries; Indicator C5,Continuous Plankton Recorder (CPR) Survey; SAHFOS / MBA,3,3 – High,Pelagic habitat condition assessed via plankton community state indices; sea temperature and stratification (both climate variables) are the primary drivers of plankton community composition.,C5,Reporting status: Interim,GBF-T2,[POL-001]; [INT-L-007]; [LEG-004],,
IND-E-020,Diverse seas: status of threatened and declining features,Environmental Indicator Framework (EIF),State – Species,Nature & Biodiversity | Marine & Fisheries,Species index / trend,% of threatened/declining features at target condition,England,"Environmental Improvement Plan (EIP) 2025; Kunming-Montreal Global Biodiversity Framework (GBF); Halt extinction, recover species",Theme C – Seas & Estuaries; Indicator C6,JNCC MPA monitoring; country nature conservation bodies feature condition data,1,1 – Low,Threatened/declining feature status from conservation assessments; climate change is a recognised threat but condition assessments are based on field surveys.,C6,Reporting status: Interim,GBF-T4,[POL-001]; [INT-L-007]; [LEG-004],,
IND-E-021,Healthy seas: fish and shellfish populations,Environmental Indicator Framework (EIF),State – Species,Nature & Biodiversity | Marine & Fisheries | Health,Species index / trend,% of assessed stocks at or above biomass reference point,England,Environmental Improvement Plan (EIP) 2025; Kunming-Montreal Global Biodiversity Framework (GBF); Sustainable use of wild species,Theme C – Seas & Estuaries; Indicator C7,ICES stock assessments; Marine Management Organisation (MMO) fisheries data,2,2 – Medium,Fish and shellfish population status from ICES stock assessments; SST embedded in stock recruitment models.,C7,Reporting status: Interim,GBF-T5,[POL-001]; [INT-L-007]; [LEG-004],,
IND-E-022,Healthy seas: marine food webs functioning,Environmental Indicator Framework (EIF),Benefit,Nature & Biodiversity | Marine & Fisheries | Land Use & Agriculture,Ecosystem service flow,mean trophic level of landings; plankton index,England,Environmental Improvement Plan (EIP) 2025; Kunming-Montreal Global Biodiversity Framework (GBF); Ecosystem integrity,Theme C – Seas & Estuaries; Indicator C8,CPR Survey; ICES mean trophic level of commercial fish landings; MMO,3,3 – High,Marine food web functioning via mean trophic level of landings and plankton indices; SST directly drives plankton phenology and fish diet composition — temperature is a core explanatory variable.,C8,Reporting status: Interim,GBF-GoalA,[POL-001]; [INT-L-007]; [LEG-004],,
IND-E-023,Healthy seas: seafloor habitats functioning,Environmental Indicator Framework (EIF),Benefit,Nature & Biodiversity | Marine & Fisheries | Health,Ecosystem service flow,% of seafloor habitats functionally intact,England,Environmental Improvement Plan (EIP) 2025; Kunming-Montreal Global Biodiversity Framework (GBF); Ecosystem integrity; Restore 30% of degraded ecosystems,Theme C – Seas & Estuaries; Indicator C9,JNCC benthic habitat condition surveys; OSPAR seafloor integrity data,2,2 – Medium,Seafloor functioning from survey data; temperature affects benthic community metabolism and recovery rates.,C9,Reporting status: Interim,GBF-GoalA; GBF-T2,[POL-001]; [INT-L-007]; [LEG-004],,
IND-E-024,Productive seas: fish and shellfish stocks fished sustainably,Environmental Indicator Framework (EIF),Benefit,Nature & Biodiversity | Marine & Fisheries,Ecosystem service flow,% of stocks fished at or below FMSY,England,Environmental Improvement Plan (EIP) 2025; Kunming-Montreal Global Biodiversity Framework (GBF); Sustainable use of wild species,Theme C – Seas & Estuaries; Indicator C10,ICES stock assessments; MMO fisheries statistics,2,2 – Medium,Fish stocks at FMSY from ICES assessments; climate embedded in recruitment and growth parameters.,C10,Reporting status: Interim,GBF-T5,[POL-001]; [INT-L-007]; [LEG-004],,
IND-E-025,Status of sensitive fish species,Environmental Indicator Framework (EIF),State – Species,Nature & Biodiversity | Marine & Fisheries,Species index / trend,index of abundance for elasmobranch species,England,"Environmental Improvement Plan (EIP) 2025; Kunming-Montreal Global Biodiversity Framework (GBF); Halt extinction, recover species; Sustainable use of wild species",Theme C – Seas & Estuaries; Indicator C11,ICES North Sea and Celtic Sea trawl surveys (IBTS); Marine Scotland,2,2 – Medium,Sensitive fish species (elasmobranch) abundance index; bottom temperature affects distribution and catchability in trawl surveys.,C11,Reporting status: Final,GBF-T4; GBF-T5,[POL-001]; [INT-L-007]; [LEG-004],,
IND-E-026,"Quantity, quality and connectivity of habitats",Environmental Indicator Framework (EIF),State – Habitats,Nature & Biodiversity,Habitat extent / condition,area (ha) and connectivity index of semi-natural habitat,England,Environmental Improvement Plan (EIP) 2025; Kunming-Montreal Global Biodiversity Framework (GBF); Restore 30% of degraded ecosystems,Theme D – Wildlife; Indicator D1,Countryside Survey (CEH); Priority Habitat Inventory (Natural England); JNCC,1,1 – Low,"Habitat quantity, quality and connectivity from Countryside Survey and remote sensing; climate is a long-term driver but not a direct input to extent/connectivity calculations.",D1,Reporting status: Interim,GBF-T2,[POL-001]; [INT-L-007]; [LEG-004],,
IND-E-027,"Extent and condition of protected sites – land, water and sea",Environmental Indicator Framework (EIF),State – Habitats,Nature & Biodiversity | Marine & Fisheries | Water,Habitat extent / condition,% of SSSI / MPA area in favourable or recovering condition,England,Environmental Improvement Plan (EIP) 2025; Kunming-Montreal Global Biodiversity Framework (GBF); 30x30 -- protect land and sea,Theme D – Wildlife; Indicator D2,Natural England SSSI condition monitoring; JNCC MPA condition data,1,1 – Low,Protected site condition from SSSI assessments; as for Biodiversity row 29.,D2,Reporting status: Interim,GBF-T3,[POL-001]; [INT-L-007]; [LEG-004],,
IND-E-028,Area of woodland in England,Environmental Indicator Framework (EIF),State – Habitats,Nature & Biodiversity | Land Use & Agriculture,Habitat extent / condition,thousand hectares; % land cover,England,Environmental Improvement Plan (EIP) 2025; Kunming-Montreal Global Biodiversity Framework (GBF); Restore 30% of degraded ecosystems,Theme D – Wildlife; Indicator D3,Forestry Commission / Forest Research National Forest Inventory,0,0 – None,Woodland area from Forestry Commission inventory; no climate data.,D3,Reporting status: Final,GBF-T2,[POL-001]; [INT-L-007]; [LEG-004],,
IND-E-029,Relative abundance and/or distribution of species,Environmental Indicator Framework (EIF),State – Species,Nature & Biodiversity,Species index / trend,"multi-taxon abundance index (index, baseline=100)",England,"Environmental Improvement Plan (EIP) 2025; Kunming-Montreal Global Biodiversity Framework (GBF); Halt extinction, recover species",Theme D – Wildlife; Indicator D4,BTO Breeding Bird Survey; UKBMS; NBN Atlas occupancy models (CEH/JNCC),2,2 – Medium,"Species abundance/distribution index; aggregates monitoring data including weather-sensitive taxa (birds, butterflies, bats).",D4,Reporting status: Interim,GBF-T4,[POL-001]; [INT-L-007]; [LEG-004],,
IND-E-030,Conservation status of our native species,Environmental Indicator Framework (EIF),State – Species,Nature & Biodiversity,Species index / trend,% of species assessments in favourable status,England,"Environmental Improvement Plan (EIP) 2025; Kunming-Montreal Global Biodiversity Framework (GBF); Halt extinction, recover species",Theme D – Wildlife; Indicator D5,IUCN Red List assessments; JNCC / country NCBs species assessments,2,2 – Medium,Conservation status (EPC C equivalent); Red List Index based partly on climate-driven range changes.,D5,Reporting status: Final,GBF-T4,[POL-001]; [INT-L-007]; [LEG-004],,
IND-E-031,Relative abundance and distribution of priority species in England,Environmental Indicator Framework (EIF),State – Species,Nature & Biodiversity,Species index / trend,index of abundance for priority species,England,"Environmental Improvement Plan (EIP) 2025; Kunming-Montreal Global Biodiversity Framework (GBF); Halt extinction, recover species",Theme D – Wildlife; Indicator D6,Multi-species recording schemes; NBN Atlas; CEH occupancy models,2,2 – Medium,Priority species relative abundance; as for JNCC row 25 — multi-taxon index including weather-sensitive groups.,D6,Reporting status: Interim,GBF-T4,[POL-001]; [INT-L-007]; [LEG-004],,
IND-E-032,Species supporting ecosystem functions,Environmental Indicator Framework (EIF),State – Species,Nature & Biodiversity | Trade & Industry,Species index / trend,"index of functionally important species (pollinators, decomposers, predators)",England,Environmental Improvement Plan (EIP) 2025; Kunming-Montreal Global Biodiversity Framework (GBF); Ecosystem integrity; Restore and enhance nature's contributions to people,Theme D – Wildlife; Indicator D7,UKBMS (pollinators); BTO BBS (insectivorous birds); Rothamsted (invertebrates),2,2 – Medium,Species supporting ecosystem functions includes pollinators; PoMS pollinator counts are weather-sensitive.,D7,Reporting status: Interim,GBF-GoalA; GBF-T11,[POL-001]; [INT-L-007]; [LEG-004],,
IND-E-033,Area of productive agricultural land,Environmental Indicator Framework (EIF),State – Habitats,Nature & Biodiversity | Land Use & Agriculture,Habitat extent / condition,thousand hectares by land grade,England,"Environmental Improvement Plan (EIP) 2025; Kunming-Montreal Global Biodiversity Framework (GBF); Sustainable agriculture, aquaculture, forestry and fisheries",Theme E – Natural Resources; Indicator E1,Agricultural Land Classification survey; Defra / ONS farm structure,0,0 – None,Agricultural land area by grade from classification surveys; no climate data.,E1,Reporting status: Final,GBF-T10,[POL-001]; [INT-L-007]; [LEG-004],,
IND-E-034,Volume of agricultural production,Environmental Indicator Framework (EIF),Benefit,Nature & Biodiversity | Land Use & Agriculture,Ecosystem service flow,"index of crop and livestock output (index, baseline=100)",England,"Environmental Improvement Plan (EIP) 2025; Kunming-Montreal Global Biodiversity Framework (GBF); Sustainable agriculture, aquaculture, forestry and fisheries",Theme E – Natural Resources; Indicator E2,Defra Agricultural Output Price Index; ONS farm accounts,1,1 – Low,Agricultural output volume index; weather strongly affects yields but the indicator uses production statistics without formal weather adjustment.,E2,Reporting status: Final,GBF-T10,[POL-001]; [INT-L-007]; [LEG-004],,
IND-E-035,Volume of inputs used in agricultural production,Environmental Indicator Framework (EIF),Pressure,Land Use & Agriculture | Energy | Biosecurity,Pressure / threat index,"index of fertiliser, pesticide, energy inputs (index)",England,"Environmental Improvement Plan (EIP) 2025; Kunming-Montreal Global Biodiversity Framework (GBF); Reduce pollution to safe levels; Sustainable agriculture, aquaculture, forestry and fisheries",Theme E – Natural Resources; Indicator E3,British Survey of Fertiliser Practice (BSFP); Defra pesticide usage statistics,0,0 – None,"Agricultural input volumes (fertiliser, pesticide, energy) from surveys; no climate data.",E3,Reporting status: Final,GBF-T7; GBF-T10,[POL-001]; [INT-L-007]; [LEG-004],,
IND-E-036,Efficiency of agricultural production measured by Total Factor Productivity,Environmental Indicator Framework (EIF),Benefit,Land Use & Agriculture | Finance,Monetary / economic value,Total Factor Productivity index,England,"Environmental Improvement Plan (EIP) 2025; Kunming-Montreal Global Biodiversity Framework (GBF); Sustainable agriculture, aquaculture, forestry and fisheries",Theme E – Natural Resources; Indicator E4,Defra Agricultural Total Factor Productivity Index (economic modelling),1,1 – Low,Total Factor Productivity index; weather affects output in any given year but TFP calculation uses economic modelling without formal weather correction.,E4,Reporting status: Final,GBF-T10,[POL-001]; [INT-L-007]; [LEG-004],,
IND-E-037,Percentage of annual growth of trees in English woodlands that is harvested,Environmental Indicator Framework (EIF),Benefit,Nature & Biodiversity | Land Use & Agriculture,Ecosystem service flow,% of annual increment harvested,England,"Environmental Improvement Plan (EIP) 2025; Kunming-Montreal Global Biodiversity Framework (GBF); Sustainable agriculture, aquaculture, forestry and fisheries",Theme E – Natural Resources; Indicator E5,Forestry Commission Timber Production statistics,0,0 – None,Proportion of annual woodland increment harvested from Forestry Commission data; no climate data.,E5,Reporting status: Final,GBF-T10,[POL-001]; [INT-L-007]; [LEG-004],,
IND-E-038,Volume of timber brought to market per annum from English sources,Environmental Indicator Framework (EIF),Benefit,Nature & Biodiversity,Ecosystem service flow,thousand green tonnes/year,England,"Environmental Improvement Plan (EIP) 2025; Kunming-Montreal Global Biodiversity Framework (GBF); Sustainable agriculture, aquaculture, forestry and fisheries",Theme E – Natural Resources; Indicator E6,Forestry Commission / Forest Research timber market statistics,0,0 – None,Timber volume from market statistics; no climate data.,E6,Reporting status: Final,GBF-T10,[POL-001]; [INT-L-007]; [LEG-004],,
IND-E-039,Healthy soils,Environmental Indicator Framework (EIF),State – Habitats,Nature & Biodiversity | Land Use & Agriculture | Health,Habitat extent / condition,"% of soils in good condition (organic matter, structure, biology)",England,"Environmental Improvement Plan (EIP) 2025; Kunming-Montreal Global Biodiversity Framework (GBF); Restore 30% of degraded ecosystems; Sustainable agriculture, aquaculture, forestry and fisheries",Theme E – Natural Resources; Indicator E7,Countryside Survey (CEH) soil monitoring; National Soil Monitoring Network (NSMN),1,1 – Low,Healthy soils index; temperature and rainfall affect organic matter decomposition and soil biology but survey data are not weather-adjusted.,E7,Reporting status: In development,GBF-T2; GBF-T10,[POL-001]; [INT-L-007]; [LEG-004],,
IND-E-040,Efficient use of water,Environmental Indicator Framework (EIF),Benefit,Nature & Biodiversity | Water,Ecosystem service flow,megalitres/day abstracted; leakage rate (Ml/d),England,Environmental Improvement Plan (EIP) 2025; Kunming-Montreal Global Biodiversity Framework (GBF); Reduce pollution to safe levels; Restore and enhance nature's contributions to people,Theme E – Natural Resources; Indicator E8,EA / Ofwat water abstraction and leakage statistics; WRMP data,1,1 – Low,Efficient water use from abstraction and leakage data; drought years naturally reduce availability and efficiency metrics but indicator uses reported data.,E8,Reporting status: Final,GBF-T7; GBF-T11,[POL-001]; [INT-L-007]; [LEG-004],,
IND-E-041,"Percentage of our seafood coming from healthy ecosystems, produced sustainably",Environmental Indicator Framework (EIF),Benefit,Nature & Biodiversity | Health,Ecosystem service flow,% of seafood from certified or sustainably assessed sources,England,Environmental Improvement Plan (EIP) 2025; Kunming-Montreal Global Biodiversity Framework (GBF); Sustainable use of wild species,Theme E – Natural Resources; Indicator E9,ICES stock assessments; MMO; MSC certification data,2,2 – Medium,Seafood sustainability from ICES stock assessments; SST embedded in stock models as for Biodiversity row 130.,E9,Reporting status: Interim,GBF-T5,[POL-001]; [INT-L-007]; [LEG-004],,
IND-E-042,Disruption or unwanted impacts from flooding or coastal erosion,Environmental Indicator Framework (EIF),Benefit,Nature & Biodiversity | Marine & Fisheries,Ecosystem service flow,number of properties flooded; hectares eroded,England,Environmental Improvement Plan (EIP) 2025; Kunming-Montreal Global Biodiversity Framework (GBF); Minimise climate change impacts on biodiversity,Theme F – Resilience; Indicator F1,EA Flood Risk Management reporting; National Flood Risk Assessment (NaFRA),3,3 – High,"Flooding and coastal erosion impacts are directly driven by extreme rainfall events, storm surge and sea level rise; all are climate/weather variables. The indicator measures climate-driven impacts directly.",F1,Reporting status: Interim,GBF-T8,[POL-001]; [INT-L-007]; [LEG-004],,
IND-E-043,Communities resilient to flooding and coastal erosion,Environmental Indicator Framework (EIF),Enabling,"Nature & Biodiversity | Marine & Fisheries | Governance, Society & Data",Policy / governance metric,number of properties better protected; flood risk management outcomes,England,Environmental Improvement Plan (EIP) 2025; Kunming-Montreal Global Biodiversity Framework (GBF); Minimise climate change impacts on biodiversity,Theme F – Resilience; Indicator F2,EA Flood and Coastal Risk Management national outcome measures,2,2 – Medium,Flood resilience measures (properties protected); targets are set partly based on climate change projections and flood risk modelling using climate scenarios.,F2,Reporting status: Interim,GBF-T8,[POL-001]; [INT-L-007]; [LEG-004],,
IND-E-044,Disruption or unwanted impacts caused by drought,Environmental Indicator Framework (EIF),Benefit,Nature & Biodiversity,Ecosystem service flow,drought impact index; days of drought restriction,England,Environmental Improvement Plan (EIP) 2025; Kunming-Montreal Global Biodiversity Framework (GBF); Minimise climate change impacts on biodiversity,Theme F – Resilience; Indicator F3,EA / SEPA / NRW drought impact assessments; Defra drought monitoring,3,3 – High,Drought impacts are directly caused by rainfall deficits and high evapotranspiration (temperature-driven); the indicator explicitly measures climate-driven disruption.,F3,Reporting status: Interim,GBF-T8,[POL-001]; [INT-L-007]; [LEG-004],,
IND-E-045,Changes in landscape and waterscape character,Environmental Indicator Framework (EIF),Benefit,Nature & Biodiversity | Water,Ecosystem service flow,index of landscape character change,England,Environmental Improvement Plan (EIP) 2025; Kunming-Montreal Global Biodiversity Framework (GBF); Sustaining nature's contributions to people,Theme G – Natural Beauty & Engagement; Indicator G1,Natural England / Historic England landscape character change assessments,1,1 – Low,"Landscape character change from condition surveys; climate change is a recognised driver of landscape change (vegetation shifts, coastal erosion) but surveys do not formally use climate data.",G1,Reporting status: Interim,GBF-GoalB,[POL-001]; [INT-L-007]; [LEG-004],,
IND-E-046,Condition of heritage features including designated geological sites and scheduled monuments,Environmental Indicator Framework (EIF),State – Habitats,Nature & Biodiversity,Habitat extent / condition,% of designated features in satisfactory condition,England,Environmental Improvement Plan (EIP) 2025; Kunming-Montreal Global Biodiversity Framework (GBF); Sustaining nature's contributions to people,Theme G – Natural Beauty & Engagement; Indicator G2,Historic England; JNCC; Natural England designated geological sites data,0,0 – None,Heritage feature condition from inspection records; no climate data.,G2,Reporting status: Final,GBF-GoalB,[POL-001]; [INT-L-007]; [LEG-004],,
IND-E-047,Enhancement of green and blue infrastructure,Environmental Indicator Framework (EIF),Benefit,Nature & Biodiversity,Ecosystem service flow,area (ha) of new or improved green/blue infrastructure,England,Environmental Improvement Plan (EIP) 2025; Kunming-Montreal Global Biodiversity Framework (GBF); Green and blue spaces in urban areas,Theme G – Natural Beauty & Engagement; Indicator G3,Defra / Natural England green infrastructure programme reporting,1,1 – Low,Green/blue infrastructure enhancement from project reporting; weather is background factor affecting vegetation establishment but not used in calculation.,G3,Reporting status: Interim,GBF-T12,[POL-001]; [INT-L-007]; [LEG-004],,
IND-E-048,Engagement with the natural environment,Environmental Indicator Framework (EIF),Benefit,Nature & Biodiversity,Ecosystem service flow,% of adults visiting natural environments weekly,England,Environmental Improvement Plan (EIP) 2025; Kunming-Montreal Global Biodiversity Framework (GBF); Participation and rights of indigenous peoples,Theme G – Natural Beauty & Engagement; Indicator G4,Natural England Monitor of Engagement with the Natural Environment (MENE),1,1 – Low,Engagement with natural environment from survey data; visit frequency is weather-sensitive but surveys use annual data without weather correction.,G4,Reporting status: Final,GBF-T22,[POL-001]; [INT-L-007]; [LEG-004],,
IND-E-049,People engaged in social action for the environment,Environmental Indicator Framework (EIF),Enabling,"Governance, Society & Data",Policy / governance metric,number of participants in environmental volunteering,England,Environmental Improvement Plan (EIP) 2025; Kunming-Montreal Global Biodiversity Framework (GBF); Participation and rights of indigenous peoples,Theme G – Natural Beauty & Engagement; Indicator G5,NCVO; Wildlife Trusts; RSPB; National Trust volunteering records,0,0 – None,Environmental volunteering from organisational records; no climate data.,G5,Reporting status: Final,GBF-T22,[POL-001]; [INT-L-007]; [LEG-004],,
IND-E-050,Environmental attitudes and behaviours,Environmental Indicator Framework (EIF),Enabling,"Governance, Society & Data",Policy / governance metric,% of adults with positive environmental attitudes/behaviours (survey index),England,Environmental Improvement Plan (EIP) 2025; Kunming-Montreal Global Biodiversity Framework (GBF); Knowledge and data for decision-making; Participation and rights of indigenous peoples,Theme G – Natural Beauty & Engagement; Indicator G6,Defra Public Attitudes and Behaviours Tracker (PABT),0,0 – None,Environmental attitudes from survey data; no climate data.,G6,Reporting status: Final,GBF-T21; GBF-T22,[POL-001]; [INT-L-007]; [LEG-004],,
IND-E-051,Health and wellbeing benefits,Environmental Indicator Framework (EIF),Benefit,Nature & Biodiversity | Health,Ecosystem service flow,% of adults reporting wellbeing benefits from nature contact,England,Environmental Improvement Plan (EIP) 2025; Kunming-Montreal Global Biodiversity Framework (GBF); UN Sustainable Development Goals (SDGs) — 2030 Agenda; Sustaining nature's contributions to people; UN SDG 3 (Good Health and Well-being),Theme G – Natural Beauty & Engagement; Indicator G7,Natural England MENE wellbeing module; People and Nature Survey (PANS),1,1 – Low,Health and wellbeing benefits from nature contact from survey data; outdoor activity is weather-sensitive but surveys use annual averages.,G7,Reporting status: Interim,GBF-GoalB,[POL-001]; [INT-L-007]; [INT-P-001]; [LEG-004],SDG-3,
IND-E-052,Abatement of the number of invasive non-native species entering and establishing,Environmental Indicator Framework (EIF),Pressure,Nature & Biodiversity | Biosecurity | Pollution & Waste,Pressure / threat index,number of new INNS establishing per year vs baseline,England,Environmental Improvement Plan (EIP) 2025; Kunming-Montreal Global Biodiversity Framework (GBF); Eliminate and control invasive alien species,"Theme H – Biosecurity, Chemical & Noise; Indicator H1",GB Non-Native Species Information Portal (NNSIP); JNCC,1,1 – Low,"INNS establishment rate; climate warming facilitates establishment of many INNS but counts are from species databases, not formally weather-adjusted.",H1,Reporting status: Interim,GBF-T6,[POL-001]; [INT-L-007]; [LEG-004],,
IND-E-053,Distribution of invasive non-native species and plant pests and diseases,Environmental Indicator Framework (EIF),Pressure,Nature & Biodiversity | Biosecurity | Pollution & Waste,Pressure / threat index,area (ha) or number of records of INNS,England,Environmental Improvement Plan (EIP) 2025; Kunming-Montreal Global Biodiversity Framework (GBF); Eliminate and control invasive alien species,"Theme H – Biosecurity, Chemical & Noise; Indicator H2",GB NNSIP; CEH species range data; Forestry Commission pest distribution maps,1,1 – Low,INNS distribution; as above — climate is a facilitating factor for range expansion.,H2,Reporting status: Interim,GBF-T6,[POL-001]; [INT-L-007]; [LEG-004],,
IND-E-054,Emissions of mercury and persistent organic pollutants to the environment,Environmental Indicator Framework (EIF),Pressure,Biosecurity | Pollution & Waste,Pressure / threat index,kg/year (mercury); index (POPs),England,Environmental Improvement Plan (EIP) 2025; Kunming-Montreal Global Biodiversity Framework (GBF); Reduce pollution to safe levels,"Theme H – Biosecurity, Chemical & Noise; Indicator H3",NAEI heavy metals and POP inventory; EA environmental monitoring,0,0 – None,Mercury and POP emissions from inventories; no climate data.,H3,Reporting status: Final,GBF-T7,[POL-001]; [INT-L-007]; [LEG-004],,
IND-E-055,Exposure and adverse effects of chemicals on wildlife in the environment,Environmental Indicator Framework (EIF),Pressure,Nature & Biodiversity | Biosecurity | Pollution & Waste,Pressure / threat index,concentration index in biota; % of species above threshold,England,Environmental Improvement Plan (EIP) 2025; Kunming-Montreal Global Biodiversity Framework (GBF); Reduce pollution to safe levels,"Theme H – Biosecurity, Chemical & Noise; Indicator H4",EA / SEPA / NRW chemical monitoring; Centre for Ecology & Hydrology (UKCEH),1,1 – Low,Chemical exposure to wildlife from monitoring; temperature affects chemical mobility and toxicity in the environment but monitoring data are not temperature-adjusted.,H4,Reporting status: Interim,GBF-T7,[POL-001]; [INT-L-007]; [LEG-004],,
IND-E-056,Exposure to transport noise,Environmental Indicator Framework (EIF),Pressure,Transport | Biosecurity | Pollution & Waste,Pressure / threat index,number of people exposed to >55dB Lden transport noise,England,Environmental Improvement Plan (EIP) 2025; Kunming-Montreal Global Biodiversity Framework (GBF); Reduce pollution to safe levels,"Theme H – Biosecurity, Chemical & Noise; Indicator H5",Defra / DfT strategic noise mapping (Environmental Noise Regulations 2006),0,0 – None,Transport noise exposure from modelling; no climate data.,H5,Reporting status: Interim,GBF-T7,[POL-001]; [INT-L-007]; [LEG-004],,
IND-E-057,Carbon footprint and consumer buying choices,Environmental Indicator Framework (EIF),Pressure,Climate | Pollution & Waste,Pressure / threat index,tCO₂e/capita (consumption-based); % choosing low-carbon options,England,Environmental Improvement Plan (EIP) 2025; Kunming-Montreal Global Biodiversity Framework (GBF); Enable sustainable consumption choices,Theme J – Resource Use & Waste; Indicator J1,Defra / ONS UK consumption-based emissions statistics; CarbonBrief/BEIS data,1,1 – Low,Carbon footprint of consumption from input-output analysis; climate slightly affects energy use for heating/cooling but consumption data are not weather-adjusted.,J1,Reporting status: Interim,GBF-T16,[POL-001]; [INT-L-007]; [LEG-004],,
IND-E-058,Raw material consumption,Environmental Indicator Framework (EIF),Pressure,Pollution & Waste,Pressure / threat index,tonnes/capita domestic material consumption,England,Environmental Improvement Plan (EIP) 2025; Kunming-Montreal Global Biodiversity Framework (GBF); Business assessment and disclosure of biodiversity; Enable sustainable consumption choices,Theme J – Resource Use & Waste; Indicator J2,ONS UK Domestic Material Consumption accounts; Defra resource statistics,0,0 – None,Raw material consumption from economic accounts; no climate data.,J2,Reporting status: Final,GBF-T15; GBF-T16,[POL-001]; [INT-L-007]; [LEG-004],,
IND-E-059,Municipal waste recycling rates,Environmental Indicator Framework (EIF),Enabling,"Governance, Society & Data | Pollution & Waste",Policy / governance metric,% of municipal waste recycled,England,Environmental Improvement Plan (EIP) 2025; Kunming-Montreal Global Biodiversity Framework (GBF); Enable sustainable consumption choices,Theme J – Resource Use & Waste; Indicator J3,DEFRA / EA municipal waste statistics; local authority waste data,0,0 – None,Waste recycling rates from EA statistics; no climate data.,J3,Reporting status: Interim,GBF-T16,[POL-001]; [INT-L-007]; [LEG-004],,
IND-E-060,Residual waste arising by type and sector,Environmental Indicator Framework (EIF),Pressure,Pollution & Waste,Pressure / threat index,million tonnes/year residual waste,England,Environmental Improvement Plan (EIP) 2025; Kunming-Montreal Global Biodiversity Framework (GBF); Enable sustainable consumption choices,Theme J – Resource Use & Waste; Indicator J4,EA / Defra waste surveys and commercial/industrial waste statistics,0,0 – None,Residual waste from statistics; no climate data.,J4,Reporting status: Interim,GBF-T16,[POL-001]; [INT-L-007]; [LEG-004],,
IND-E-061,Prevent harmful chemicals from being recycled,Environmental Indicator Framework (EIF),Enabling,"Governance, Society & Data | Pollution & Waste",Policy / governance metric,% of recycled material free from substances of concern,England,Environmental Improvement Plan (EIP) 2025; Kunming-Montreal Global Biodiversity Framework (GBF); Reduce pollution to safe levels,Theme J – Resource Use & Waste; Indicator J5,EA chemicals in products and waste monitoring; ECHA data,0,0 – None,Harmful chemicals in recycled materials from compliance monitoring; no climate data.,J5,Reporting status: Interim,GBF-T7,[POL-001]; [INT-L-007]; [LEG-004],,
IND-E-062,Waste crime,Environmental Indicator Framework (EIF),Enabling,"Governance, Society & Data | Pollution & Waste",Policy / governance metric,number / volume of illegal waste sites and fly-tipping incidents,England,Environmental Improvement Plan (EIP) 2025; Kunming-Montreal Global Biodiversity Framework (GBF); Enable sustainable consumption choices,Theme J – Resource Use & Waste; Indicator J6,EA fly-tipping statistics; EA illegal waste site enforcement data,0,0 – None,Waste crime incidents from enforcement records; no climate data.,J6,Reporting status: Interim,GBF-T16,[POL-001]; [INT-L-007]; [LEG-004],,
IND-E-063,Global environmental impacts of UK consumption of key commodities,Environmental Indicator Framework (EIF),Pressure,Trade & Industry,Pressure / threat index,deforestation risk index (ha equivalent) from UK imports,England,Environmental Improvement Plan (EIP) 2025; Kunming-Montreal Global Biodiversity Framework (GBF); Business assessment and disclosure of biodiversity; Enable sustainable consumption choices,Theme K – International; Indicator K1,Global Environmental Impacts of Consumption (GEIC) model; Trase trade data,1,1 – Low,Global deforestation footprint of UK consumption; drought and fire (climate-driven) contribute to tropical deforestation in supply chains but the IOTA model uses trade and land-use data primarily.,K1,Reporting status: Final,GBF-T15; GBF-T16,[POL-001]; [INT-L-007]; [LEG-004],,
IND-E-064,Developing countries better able to protect and improve the environment with UK support,Environmental Indicator Framework (EIF),Enabling,"Finance | Governance, Society & Data",Policy / governance metric,number of countries supported; ODA spend (£ million),England,Environmental Improvement Plan (EIP) 2025; Kunming-Montreal Global Biodiversity Framework (GBF); Mobilise USD 200bn/year for biodiversity,Theme K – International; Indicator K2,FCDO international development ODA statistics (Rio Markers); OECD DAC,0,0 – None,ODA for developing-country environment protection from financial records; no climate data.,K2,Reporting status: Interim,GBF-T19,[POL-001]; [INT-L-007]; [LEG-004],,
IND-E-065,Status of endemic and globally threatened species in the UK Overseas Territories,Environmental Indicator Framework (EIF),State – Species,Nature & Biodiversity,Species index / trend,Red List Index for UK Overseas Territory endemic species,England,"Environmental Improvement Plan (EIP) 2025; Kunming-Montreal Global Biodiversity Framework (GBF); Halt extinction, recover species",Theme K – International; Indicator K3,IUCN Red List of Threatened Species; JNCC UKOT biodiversity programme,2,2 – Medium,Red List Index for UK Overseas Territory species; as for Biodiversity row 82 — climate change is a key driver embedded in IUCN threat assessments.,K3,Reporting status: Interim,GBF-T4,[POL-001]; [INT-L-007]; [LEG-004],,
IND-E-066,Extent and condition of terrestrial and marine protected areas in the UK Overseas Territories,Environmental Indicator Framework (EIF),State – Habitats,Nature & Biodiversity | Marine & Fisheries,Habitat extent / condition,% of land and sea area protected; % in good condition,England,Environmental Improvement Plan (EIP) 2025; Kunming-Montreal Global Biodiversity Framework (GBF); 30x30 -- protect land and sea,Theme K – International; Indicator K4,JNCC UKOT protected areas GIS; country conservation agencies,0,0 – None,Extent and condition of UKOTs protected areas from survey/designation data; no climate data in area calculation.,K4,Reporting status: Interim,GBF-T3,[POL-001]; [INT-L-007]; [LEG-004],,
