Framework_ID,Source_Framework,Sheet_Name,Record_Count,Scope,Lead_Organisation,Indicator_Types_Summary,NCF_Categories,GBF_Coverage,Policy_Purpose,Official_Link,Indirect_Policy_Links,Key_Instruments
,,,,,,,,,,,,
IFW-01,Environmental Indicator Framework (EIF),EIF Indicators,66,England,[ORG-001] Defra; [ORG-007] OEP,Pressure / threat index (21); Ecosystem service flow (17); Habitat extent / condition (10); Species index / trend (10); Policy / governance metric (7),Pressure (21); Benefit (18); State – Habitats (10); State – Species (10); Enabling (7),66/66,"Defra's Environmental Indicator Framework (formerly the Outcome Indicator Framework) tracks environmental change in England against the ten goals of the Environmental Improvement Plan, the statutory plan required under the Environment Act 2021. Its indicators form the evidence base for Defra's annual EIP progress report, which the Office for Environmental Protection scrutinises independently. Coverage is deliberately broad — air, water, land, seas, wildlife, resource efficiency, biosecurity and people's engagement with nature — rather than biodiversity alone.",https://oifdata.defra.gov.uk/,[ORG-005] Natural England; [ORG-006] Environment Agency; [POL-014] LNRS; [POL-065] BNG; [POL-013] ELM Schemes; [POL-009] Land Use Framework,[ORG-001]; [ORG-007]; [LEG-004]; [POL-001]
IFW-02,CCC Mitigation & Adaptation Monitoring Framework / UK Net Zero Strategy,CCC Indicators,111,UK | GB,[ORG-003] CCC; [ORG-001] Defra; [ORG-002] DESNZ,Deployment / uptake (28); Adaptation outcome indicator (23); Emissions target (14); Enabling / enabler (14); Demand / activity (9),Enabling (51); Pressure (32); Benefit (16); State – Habitats (11); State – Species (1),111/111,"The Climate Change Committee's monitoring frameworks support its statutory duty under the Climate Change Act 2008 to report annually to Parliament on UK progress. The mitigation framework tracks emissions against the legally binding five-year carbon budgets on the path to net zero by 2050, and does so through indicators of the underlying drivers — deployment rates, technology uptake and market activity — rather than emissions alone. The adaptation framework separately evaluates delivery of the National Adaptation Programme for England against the risks identified in the Climate Change Risk Assessment. Scope is economy-wide: power, buildings, surface transport, aviation and shipping, industry, agriculture and land use, waste and F-gases, and engineered removals.",https://www.theccc.org.uk/,[POL-005] Clean Power 2030; [POL-046] Transport Decarbonisation Plan; [POL-047] Heat & Buildings Strategy; [POL-006] Industrial Decarbonisation; [INT-L-003] Paris Agreement; [LEG-058] Climate Change (Scotland) Act; [LEG-059] Climate Change Act (NI),[ORG-003]; [LEG-001]; [LEG-002]; [LEG-003]; [POL-002]; [POL-017]
IFW-03,JNCC UK Biodiversity Indicators 2025,JNCC UK Biodiversity Indicators,77,UK | GB,[ORG-004] JNCC; [ORG-001] Defra,Abundance index (14); Extent (6); Occurrence index (4); Invasion rate (4); Expenditure (4),State – Species (26); State – Habitats (15); Pressure (13); Benefit (12); Enabling (11),77/77,"The UK Biodiversity Indicators are an accredited official statistics compendium produced by JNCC and Defra, giving an annual snapshot of the status of UK biodiversity and how it is changing. They serve two reporting purposes. Internationally, they are the UK's principal evidence for national reporting to the Convention on Biological Diversity, and the 2025 suite was revised specifically to align with the Kunming-Montreal Global Biodiversity Framework ahead of the 2026 and 2029 national reports. Domestically, the parallel England suite feeds Defra's Environmental Indicator Framework. Coverage spans species and habitat status, the pressures acting on them, ecosystem services, and enabling conditions such as finance, data and public engagement.",https://jncc.gov.uk/our-work/uk-biodiversity-indicators/,[ORG-005] Natural England; [ORG-014] NatureScot; [ORG-015] NRW; [ORG-016] NIEA; [INT-L-004] CBD; [INT-L-009] Ramsar; [INT-L-010] CITES,[ORG-004]; [ORG-001]; [INT-L-004]; [INT-L-007]; [IFW-01]
IFW-04,State of Nature 2023 Report,SoN 2023 Indicators,32,UK | GB | England | NI,"[ORG-042] State of Nature Partnership (RSPB, NT, WWF, Wildlife Trusts, BTO et al.)",Abundance index (10); Distribution / occupancy index (8); Habitat condition (4); Extinction risk index (3); Policy / governance metric (3),State – Species (21); State – Habitats (6); Enabling (3); Pressure (1); Benefit (1),⚠ 0/32 — GBF_Targets_Clean NOT POPULATED,"State of Nature is a periodic assessment of UK wildlife produced by a partnership of more than 60 conservation NGOs, research institutes and statutory nature conservation bodies, drawing on biological recording and monitoring data collected largely by volunteers. It is not a government reporting framework and carries no statutory targets: its purpose is to provide an independent benchmark for the status of UK species and habitats, to set that against the pressures acting on nature, and to assess the conservation responses being made. The 2023 edition reports UK-level trends with separate summaries for England, Scotland, Wales and Northern Ireland.",https://stateofnature.org.uk/,[ORG-004] JNCC; [POL-003] UK NBSAP; [POL-014] LNRS; [INT-L-007] GBF,[ORG-042]
,,,,,,,,,,,,
IFW-05,CBD Global Biodiversity Framework (GBF),CBD GBF Indicators,202,International,[INT-O-010] UNEP / CBD Secretariat,Complementary indicators (108); Component indicators (52); Headline indicators (27); Binary indicators (15) [NB: 4 rows are section headers],Enabling (102); State – Species (31); Pressure (29); State – Habitats (27); Benefit (13),202/202,"The Kunming-Montreal Global Biodiversity Framework, adopted at CBD COP15 in December 2022, sets four goals for 2050 and 23 targets for 2030 on a pathway to the Convention's vision of living in harmony with nature. The targets divide into three groups: reducing threats to biodiversity (1–8), meeting people's needs through sustainable use and benefit-sharing (9–13), and tools for implementation and mainstreaming (14–23). The accompanying monitoring framework, finalised at COP16, defines headline, component, binary and complementary indicators against which all Parties — the UK among them — report at least every five years.",https://www.cbd.int/gbf/,[POL-003] UK NBSAP; [INT-P-001] SDGs; [INT-P-003] IPBES Global Assessment; [INT-P-015] EU Biodiversity Strategy; [INT-P-011] UN Decade on Ecosystem Restoration,[INT-L-004]; [INT-L-007]; [INT-P-006]
IFW-06,Biodiversity Indicators Partnership (BIP),BIP Indicators,81,International | Global,[INT-O-035] Biodiversity Indicators Partnership; [INT-O-011] UNEP-WCMC,Policy / governance metric (34); Species index / trend (18); Habitat extent / condition (10); Pressure / threat index (9); Abundance index / trend (9),Enabling (34); State – Species (27); State – Habitats (10); Pressure (9); Benefit (1),81/81,"The Biodiversity Indicators Partnership is a global initiative, with a secretariat hosted at UNEP-WCMC, that coordinates the development and delivery of biodiversity indicators for use across the international policy system. Its indicators are built to serve the Convention on Biological Diversity and other biodiversity-related conventions, IPBES, and the Sustainable Development Goals, rather than any single instrument. It convenes more than sixty contributing organisations and also works to strengthen national capacity to use indicators in National Biodiversity Strategies and Action Plans and in SDG reporting.",https://www.bipindicators.net/,[INT-L-004] CBD; [INT-L-007] GBF; [INT-P-001] SDGs; [INT-P-003] IPBES Global Assessment; [INT-P-013] Living Planet Report,[INT-O-035]; [INT-O-011]; [INT-L-004]; [INT-O-006]; [INT-P-001]
IFW-07,IPBES Global Assessment,IPBES Indicators,143,International | Global,[INT-O-006] IPBES,Species index / trend (37); Habitat extent / condition (36); Policy / governance metric (29); Ecosystem service flow (18); Pressure / threat index (17),State – Species (45); State – Habitats (36); Enabling (29); Benefit (18); Pressure (15),143/143,"IPBES is the intergovernmental science-policy platform tasked with assessing the state of knowledge on biodiversity and ecosystem services for decision-makers. The 2019 Global Assessment, compiled by 145 expert authors from a systematic review of around 15,000 scientific and government sources and drawing for the first time at this scale on indigenous and local knowledge, assessed five decades of change in nature, its contributions to people, and the causes behind them. The indicators drawn from it characterise the five direct drivers of biodiversity loss — land- and sea-use change, direct exploitation of species, climate change, pollution and invasive alien species — together with the indirect economic and demographic drivers behind them. Its role is to inform policy, not to set or track targets.",https://www.ipbes.net/global-assessment,[INT-L-004] CBD; [INT-L-007] GBF; [INT-P-002] IPCC AR6; [INT-P-005] IPBES-IPCC Workshop; [INT-P-001] SDGs,[INT-O-006]; [INT-P-003]
IFW-08,UN Sustainable Development Goals (SDGs),SDG Indicators,173,International | Global,[INT-O-034] UN Statistics Division (UNSD) / IAEG-SDGs,⚠ NOT POPULATED — Indicator_Type column empty,⚠ NOT POPULATED — NCF_Category column empty,⚠ GBF_Targets_Clean column MISSING from sheet,"The global indicator framework for the 2030 Agenda for Sustainable Development was developed by the Inter-agency and Expert Group on SDG Indicators and adopted by the UN General Assembly in resolution A/RES/71/313. It is the statistical apparatus for monitoring progress, informing policy and holding stakeholders accountable across the 17 Goals and 169 targets, and is refined annually with comprehensive reviews by the UN Statistical Commission — most recently in 2025. The framework spans the full social, economic and environmental agenda; the records held here are the nature- and climate-relevant subset.",https://unstats.un.org/sdgs/indicators/indicators-list/,[INT-L-007] GBF; [INT-L-003] Paris Agreement; [INT-L-004] CBD; [INT-P-008] UN SEEA; [INT-P-003] IPBES Global Assessment,[INT-P-001]; [INT-O-034]
,,,,,,,,,,,,
IFW-09,EEA Biodiversity Strategy Indicators,EEA Biodiversity Indicators,62,EU | Europe | Global,[INT-O-033] European Environment Agency (EEA),Pressure / threat index (29); Policy / governance metric (6); Species index / trend (4); Habitat extent / condition (4); Area proportion (3),Pressure (29); State – Habitats (14); Enabling (8); State – Species (7); Benefit (4),47/62,"The European Environment Agency maintains the indicator set used to monitor Europe's progress on biodiversity and ecosystem health, principally against the EU Biodiversity Strategy for 2030 and the 8th Environment Action Programme, with the EU Biodiversity Strategy dashboard as the main reporting vehicle. The indicators cover the conservation status of species and habitats under the Habitats Directive, protected-area coverage towards the 30% land and sea target, ecosystem extent and condition, and the pressures of land-use change, pollution and climate change. Several double as EU-level reporting for SDG 14 and SDG 15, and the Nature Restoration Regulation (EU 2024/1991) adds restoration-progress reporting to the same set.",https://www.eea.europa.eu/en/topics/in-depth/biodiversity,[INT-P-015] EU Biodiversity Strategy 2030; [EU-L-006] Nature Restoration Law; [EU-L-009] 8th EAP; [EU-L-001] Habitats Directive; [EU-L-002] Birds Directive; [EU-L-003] Water Framework Directive; [EU-L-004] MSFD,[INT-O-033]; [INT-P-015]; [EU-L-009]; [EU-L-001]; [EU-L-006]; [INT-P-001]
,TOTAL,9 frameworks across 9 sheets,947,,,,,,,,,
