Record_ID,Indicator_Name,Source_Framework,NCF_Category,Policy_Sector,Indicator_Type,Units_Measure,Scope,Policy_Goal,Source_Reference,Data_Source,Climate_Score,Climate_Dependency,Climate_Rationale,Indicator_Code,Framework_Classification,GBF_Targets_Clean,Policy_Links,Source_URL
IND-J-001,Red List of Ecosystems,JNCC UK Biodiversity Indicators 2025,State – Habitats,Nature & Biodiversity,Condition index,RLE score (0–1 composite),UK,UK Biodiversity Strategy and Action Plan (NBSAP) 2025; Environment Act 2021 species targets; Ecosystem integrity; Spatial planning for biodiversity,UKBI 2025 – Indicator A1 (new GBF headline),JNCC / NatureScot RLE assessments,2,2 – Medium,IUCN RLE criteria include distributional change and functional disruption; climate is a key driver used in projecting future ecosystem collapse risk within RLE criteria C/D.,A1,Component: IUCN Red List of Ecosystems score; Assessed: 2025,GBF-GoalA; GBF-T1,[LEG-004]; [POL-003]; [INT-L-007]; [INT-L-004],
IND-J-002,Ecosystem extent,JNCC UK Biodiversity Indicators 2025,State – Habitats,Nature & Biodiversity | Land Use & Agriculture,Extent,km² / % of land area,UK,UK Biodiversity Strategy and Action Plan (NBSAP) 2025; Environment Act 2021 species targets; Ecosystem integrity; Restore 30% of degraded ecosystems,UKBI 2025 – Indicator A2 (new GBF headline),JNCC; Countryside Survey; CEH land cover maps,0,0 – None,"Extent figures are derived from land-cover mapping and habitat surveys; climate does not directly enter the calculation, though climate is a long-term driver of change.",A2,Component: Extent of natural ecosystems; Assessed: 2025,GBF-GoalA; GBF-T2,[LEG-004]; [POL-003]; [INT-L-007]; [INT-L-004],
IND-J-003,Protected and conserved areas – total extent on land,JNCC UK Biodiversity Indicators 2025,State – Habitats,Nature & Biodiversity | Land Use & Agriculture,Extent,km² and % of land area,UK,UK Biodiversity Strategy and Action Plan (NBSAP) 2025; Environment Act 2021 species targets; 30x30 -- protect land and sea,UKBI 2025 – Indicator A3a (formerly C1a),JNCC Protected Areas GIS / DEFRA,0,0 – None,"Area of designated sites is a policy/legal measure; extent is recorded from designation registers, with no climate or weather data in the calculation.",A3,Component: Total extent of protected areas on land; Assessed: 2025,GBF-T3,[LEG-004]; [POL-003]; [INT-L-007]; [INT-L-004],
IND-J-004,Protected and conserved areas – total extent at sea,JNCC UK Biodiversity Indicators 2025,State – Habitats,Nature & Biodiversity,Extent,km² and % of sea area,UK,UK Biodiversity Strategy and Action Plan (NBSAP) 2025; Environment Act 2021 species targets; 30x30 -- protect land and sea,UKBI 2025 – Indicator A3b (formerly C1b),JNCC Marine Protected Areas register,0,0 – None,"Marine protected area extent is a legal designation; area is calculated from GIS boundaries, not weather or climate data.",A3,Component: Total extent of protected areas at sea; Assessed: 2025,GBF-T3,[LEG-004]; [POL-003]; [INT-L-007]; [INT-L-004],
IND-J-005,Protected and conserved areas – SSSI condition,JNCC UK Biodiversity Indicators 2025,State – Habitats,Nature & Biodiversity,Condition,% of SSSI area in favourable or recovering condition,UK,UK Biodiversity Strategy and Action Plan (NBSAP) 2025; Environment Act 2021 species targets; 30x30 -- protect land and sea,UKBI 2025 – Indicator A3c (formerly C1c),Natural England / NatureScot / NRW SSSI condition data,1,1 – Low,"Condition assessments are based on field surveys of habitats and species. Favourable condition may be influenced by weather in individual assessment years, but weather data are not directly used in the scoring methodology.",A3,Component: Condition of SSSIs in favourable or recovering condition; Assessed: 2025,GBF-T3,[LEG-004]; [POL-003]; [INT-L-007]; [INT-L-004],
IND-J-006,Species Protection Index,JNCC UK Biodiversity Indicators 2025,State – Species,Nature & Biodiversity,Species index,Index (0–100),UK,"UK Biodiversity Strategy and Action Plan (NBSAP) 2025; Environment Act 2021 species targets; Ecosystem integrity; Halt extinction, recover species",UKBI 2025 – Indicator A4 (new GBF headline),IUCN / JNCC species assessments,2,2 – Medium,SPI models protected-area coverage relative to species' range. Species distribution models underlying range estimates commonly use climate layers; climate is embedded in the modelling.,A4,Component: Species Protection Index; Assessed: 2025,GBF-GoalA; GBF-T4,[LEG-004]; [POL-003]; [INT-L-007]; [INT-L-004],
IND-J-007,Birds of the wider countryside and at sea – all breeding birds,JNCC UK Biodiversity Indicators 2025,State – Species,Nature & Biodiversity,Abundance index,Index (1970 = 100); geometric mean of species indices,UK,"UK Biodiversity Strategy and Action Plan (NBSAP) 2025; Environment Act 2021 species targets; Halt extinction, recover species",UKBI 2025 – Indicator C5; JNCC Wild Bird Populations,BTO / RSPB / JNCC Breeding Bird Survey (BBS); Common Bird Census (CBC),2,2 – Medium,BBS counts are corrected for year-to-year variation. Bird population trends are strongly driven by climate; the TRIM model uses count data directly but inter-annual climate variability is a known confounder. Confidence intervals account for this variation.,C5a,Component: Relative abundance of all breeding birds; Assessed: 2025,GBF-T4,[LEG-004]; [POL-003]; [INT-L-007]; [INT-L-004],
IND-J-008,Birds of the wider countryside and at sea – farmland birds,JNCC UK Biodiversity Indicators 2025,State – Species,Nature & Biodiversity | Land Use & Agriculture,Abundance index,Index (1970 = 100); 19 species,UK,"UK Biodiversity Strategy and Action Plan (NBSAP) 2025; Environment Act 2021 species targets; Halt extinction, recover species",UKBI 2025 – Indicator C5a Farmland birds,BTO / RSPB / JNCC BBS; CBC,2,2 – Medium,"As above — population indices from BBS. Climate variability (e.g., cold springs, droughts) affects breeding productivity and hence counts, but weather data are not explicitly input to TRIM.",C5a,Component: Relative abundance of breeding birds on farmland; Assessed: 2025,GBF-T4,[LEG-004]; [POL-003]; [INT-L-007]; [INT-L-004],
IND-J-009,Birds of the wider countryside and at sea – woodland birds,JNCC UK Biodiversity Indicators 2025,State – Species,Nature & Biodiversity | Land Use & Agriculture,Abundance index,"Index (1970 = 100); 37 species (25 specialists, 12 generalists)",UK,"UK Biodiversity Strategy and Action Plan (NBSAP) 2025; Environment Act 2021 species targets; Halt extinction, recover species",UKBI 2025 – Indicator C5b Woodland birds,BTO / RSPB / JNCC BBS; CBC,2,2 – Medium,As above. Woodland bird trends are correlated with temperature and rainfall through effects on invertebrate food supply and breeding success; not directly modelled but a key source of inter-annual noise.,C5b,Component: Relative abundance of breeding birds in woodland; Assessed: 2025,GBF-T4,[LEG-004]; [POL-003]; [INT-L-007]; [INT-L-004],
IND-J-010,Birds of the wider countryside and at sea – wetland birds,JNCC UK Biodiversity Indicators 2025,State – Species,Nature & Biodiversity | Water,Abundance index,Index (1975 = 100); 26 species,UK,"UK Biodiversity Strategy and Action Plan (NBSAP) 2025; Environment Act 2021 species targets; Halt extinction, recover species",UKBI 2025 – Indicator C5c Wetland birds,BTO / RSPB / JNCC BBS; Waterways BBS (WBBS),2,2 – Medium,"Wetland bird abundance is particularly sensitive to rainfall, flooding and drought affecting habitat availability; BBS/WeBS counts reflect these effects though weather is not a direct model input.",C5c,Component: Relative abundance of breeding wetland birds; Assessed: 2025,GBF-T4,[LEG-004]; [POL-003]; [INT-L-007]; [INT-L-004],
IND-J-011,Birds of the wider countryside and at sea – seabirds,JNCC UK Biodiversity Indicators 2025,State – Species,Nature & Biodiversity | Marine & Fisheries,Abundance index,Index (1986 = 100); ~25 species,UK,"UK Biodiversity Strategy and Action Plan (NBSAP) 2025; Environment Act 2021 species targets; Halt extinction, recover species",UKBI 2025 – Indicator C5d Seabirds,JNCC Seabird Monitoring Programme (SMP),2,2 – Medium,"Seabird breeding success is strongly linked to sea surface temperature and prey availability (sandeel etc.), both driven by climate. SST data inform understanding of trends but are not directly input to the population index calculation.",C5d,Component: Relative abundance of breeding seabirds; Assessed: 2025,GBF-T4,[LEG-004]; [POL-003]; [INT-L-007]; [INT-L-004],
IND-J-012,Birds of the wider countryside and at sea – upland birds,JNCC UK Biodiversity Indicators 2025,State – Species,Nature & Biodiversity,Abundance index,Index (1994 = 100); upland specialist species,UK,"UK Biodiversity Strategy and Action Plan (NBSAP) 2025; Environment Act 2021 species targets; Halt extinction, recover species",UKBI 2025 – Indicator C5e Upland birds,BTO / RSPB / JNCC BBS,2,2 – Medium,"Upland bird populations are sensitive to weather (late snow, summer rainfall) affecting chick survival. BBS count data reflect these effects; weather not directly input.",C5e,Component: Relative abundance of breeding upland birds; Assessed: 2025,GBF-T4,[LEG-004]; [POL-003]; [INT-L-007]; [INT-L-004],
IND-J-013,Birds of the wider countryside and at sea – wintering waterbirds,JNCC UK Biodiversity Indicators 2025,State – Species,Nature & Biodiversity | Water,Abundance index,Index (1975/76 = 100); wildfowl and waders,UK,"UK Biodiversity Strategy and Action Plan (NBSAP) 2025; Environment Act 2021 species targets; Halt extinction, recover species",UKBI 2025 – Indicator C5f Wintering waterbirds,BTO / JNCC / RSPB / WWT Wetland Bird Survey (WeBS); Goose & Swan Monitoring Programme,3,3 – High,"WeBS counts of wintering waterbirds are strongly influenced by weather: hard winters cause movements and artificially inflate UK counts, mild winters do the opposite. Cold-weather movements are a formally recognised confounder and the data are analysed with this in mind.",C5f,Component: Relative abundance of wintering waterbirds; Assessed: 2025,GBF-T4,[LEG-004]; [POL-003]; [INT-L-007]; [INT-L-004],
IND-J-014,Insects of the wider countryside – all butterflies,JNCC UK Biodiversity Indicators 2025,State – Species,Nature & Biodiversity,Abundance index,Index (1976 = 100); ~60 species,UK,"UK Biodiversity Strategy and Action Plan (NBSAP) 2025; Environment Act 2021 species targets; Halt extinction, recover species",UKBI 2025 – Indicator C6a All butterflies,UK Butterfly Monitoring Scheme (UKBMS) – Butterfly Conservation / CEH / JNCC,3,3 – High,"UKBMS transect counts are fundamentally a measure of flight activity, which is highly dependent on daily temperature and sunshine. The UKBMS methodology adjusts counts to a standard weather window, and site/year indices are generated with weather correction built in.",C6a,Component: Relative abundance of all species of butterfly; Assessed: 2025,GBF-T4,[LEG-004]; [POL-003]; [INT-L-007]; [INT-L-004],https://jncc.gov.uk/our-work/ukbi-insects-of-the-wider-countryside-butterflies/
IND-J-015,Insects of the wider countryside – habitat specialist butterflies,JNCC UK Biodiversity Indicators 2025,State – Species,Nature & Biodiversity,Abundance index,Index (1990 = 100),UK,"UK Biodiversity Strategy and Action Plan (NBSAP) 2025; Environment Act 2021 species targets; Halt extinction, recover species",UKBI 2025 – Indicator C6b Habitat specialists,UKBMS – Butterfly Conservation / CEH / JNCC,3,3 – High,As above — habitat specialist counts use the same UKBMS methodology with weather-adjusted flight period counts.,C6b,Component: Relative abundance of habitat specialist butterflies; Assessed: 2025,GBF-T4,[LEG-004]; [POL-003]; [INT-L-007]; [INT-L-004],
IND-J-016,Insects of the wider countryside – generalist butterflies,JNCC UK Biodiversity Indicators 2025,State – Species,Nature & Biodiversity,Abundance index,Index (1990 = 100),UK,"UK Biodiversity Strategy and Action Plan (NBSAP) 2025; Environment Act 2021 species targets; Halt extinction, recover species",UKBI 2025 – Indicator C6c Generalists,UKBMS – Butterfly Conservation / CEH / JNCC,3,3 – High,As above.,C6c,Component: Relative abundance of generalist butterflies; Assessed: 2025,GBF-T4,[LEG-004]; [POL-003]; [INT-L-007]; [INT-L-004],
IND-J-017,Insects of the wider countryside – farmland specialist butterflies,JNCC UK Biodiversity Indicators 2025,State – Species,Nature & Biodiversity | Land Use & Agriculture,Abundance index,Index (1990 = 100),UK,"UK Biodiversity Strategy and Action Plan (NBSAP) 2025; Environment Act 2021 species targets; Halt extinction, recover species",UKBI 2025 – Indicator C6d Farmland specialists,UKBMS – Butterfly Conservation / CEH / JNCC,3,3 – High,As above.,C6d,Component: Relative abundance of farmland specialist butterflies; Assessed: 2025,GBF-T4,[LEG-004]; [POL-003]; [INT-L-007]; [INT-L-004],
IND-J-018,Insects of the wider countryside – woodland specialist butterflies,JNCC UK Biodiversity Indicators 2025,State – Species,Nature & Biodiversity | Land Use & Agriculture,Abundance index,Index (1990 = 100),UK,"UK Biodiversity Strategy and Action Plan (NBSAP) 2025; Environment Act 2021 species targets; Halt extinction, recover species",UKBI 2025 – Indicator C6e Woodland specialists,UKBMS – Butterfly Conservation / CEH / JNCC,3,3 – High,As above.,C6e,Component: Relative abundance of woodland specialist butterflies; Assessed: 2025,GBF-T4,[LEG-004]; [POL-003]; [INT-L-007]; [INT-L-004],
IND-J-019,Mammals of the wider countryside (bats),JNCC UK Biodiversity Indicators 2025,State – Species,Nature & Biodiversity,Abundance index,Index (1999 = 100); 12 bat species,UK,"UK Biodiversity Strategy and Action Plan (NBSAP) 2025; Environment Act 2021 species targets; Halt extinction, recover species",UKBI 2025 – Indicator C8 Bats,Bat Conservation Trust / JNCC National Bat Monitoring Programme (NBMP),3,3 – High,"National Bat Monitoring Programme counts (walked and driven transects, static detector nights) are strongly influenced by temperature. Bats do not emerge below ~10°C; counts on cold nights are near zero. Survey protocols include weather thresholds, but weather still introduces significant year-to-year variation in effort-corrected indices.",C8,Component: Change in the abundance of bat populations; Assessed: 2025,GBF-T4,[LEG-004]; [POL-003]; [INT-L-007]; [INT-L-004],
IND-J-020,Plants of the wider countryside – arable field margins,JNCC UK Biodiversity Indicators 2025,State – Species,Nature & Biodiversity | Land Use & Agriculture,Occurrence index,Index of plant species occurrence in habitat,UK,"UK Biodiversity Strategy and Action Plan (NBSAP) 2025; Environment Act 2021 species targets; Halt extinction, recover species",UKBI 2025 – Plants indicator (new 2025),Countryside Survey / BSBI recording,1,1 – Low,National Plant Monitoring Scheme records plant presence/frequency in fixed plots. Plant community composition shifts with climate over decades but weather does not directly enter plot-visit data or trend calculations.,–,Component: Arable field margins; Assessed: 2025,GBF-T4,[LEG-004]; [POL-003]; [INT-L-007]; [INT-L-004],
IND-J-021,Plants of the wider countryside – bog and wet heath,JNCC UK Biodiversity Indicators 2025,State – Species,Nature & Biodiversity,Occurrence index,Index of plant species occurrence in habitat,UK,"UK Biodiversity Strategy and Action Plan (NBSAP) 2025; Environment Act 2021 species targets; Halt extinction, recover species",UKBI 2025 – Plants indicator (new 2025),Countryside Survey / BSBI recording,1,1 – Low,"As above. Bog vegetation is sensitive to rainfall and drought over multi-year timescales, but individual survey visits do not use weather data in the calculation.",–,Component: Bog and wet heath; Assessed: 2025,GBF-T4,[LEG-004]; [POL-003]; [INT-L-007]; [INT-L-004],
IND-J-022,Plants of the wider countryside – broadleaved woodland and hedges,JNCC UK Biodiversity Indicators 2025,State – Species,Nature & Biodiversity | Land Use & Agriculture,Occurrence index,Index of plant species occurrence in habitat,UK,"UK Biodiversity Strategy and Action Plan (NBSAP) 2025; Environment Act 2021 species targets; Halt extinction, recover species",UKBI 2025 – Plants indicator (new 2025),Countryside Survey / BSBI recording,1,1 – Low,As above.,–,Component: Broadleaved woodland and hedges; Assessed: 2025,GBF-T4,[LEG-004]; [POL-003]; [INT-L-007]; [INT-L-004],
IND-J-023,Plants of the wider countryside – lowland grassland,JNCC UK Biodiversity Indicators 2025,State – Species,Nature & Biodiversity | Land Use & Agriculture,Occurrence index,Index of plant species occurrence in habitat,UK,"UK Biodiversity Strategy and Action Plan (NBSAP) 2025; Environment Act 2021 species targets; Halt extinction, recover species",UKBI 2025 – Plants indicator (new 2025),Countryside Survey / BSBI recording,1,1 – Low,As above.,–,Component: Lowland grassland; Assessed: 2025,GBF-T4,[LEG-004]; [POL-003]; [INT-L-007]; [INT-L-004],
IND-J-024,Status of priority species: relative abundance,JNCC UK Biodiversity Indicators 2025,State – Species,Nature & Biodiversity,Abundance index,Index; multi-taxon priority species,UK,"UK Biodiversity Strategy and Action Plan (NBSAP) 2025; Environment Act 2021 species targets; Halt extinction, recover species",UKBI 2025 – Indicator C4a Priority species abundance,Various recording schemes collated by JNCC / Defra,2,2 – Medium,"Multi-taxon abundance indicator aggregates recording scheme data across ~251 species using smoothing models. Several contributing schemes (butterflies, birds, bats) have weather-sensitive detection; climate is embedded in inter-annual variability of underlying count data.",C4a,Component: Relative abundance of priority species; Assessed: 2025,GBF-T4,[LEG-004]; [POL-003]; [INT-L-007]; [INT-L-004],
IND-J-025,Status of priority species: distribution,JNCC UK Biodiversity Indicators 2025,State – Species,Nature & Biodiversity,Distribution index,Index of number of occupied 10-km squares,UK,"UK Biodiversity Strategy and Action Plan (NBSAP) 2025; Environment Act 2021 species targets; Halt extinction, recover species",UKBI 2025 – Indicator C4b Priority species distribution,NBN Atlas / JNCC priority species data,1,1 – Low,Occupancy modelling of 506 species using NBN Atlas records. Climate is a key driver of distribution change but is not an explicit input to the occupancy models; indirect effect through species range shifts.,C4b,Component: Distribution of UK priority species; Assessed: 2025,GBF-T4,[LEG-004]; [POL-003]; [INT-L-007]; [INT-L-004],
IND-J-026,Conservation status of habitats of European importance (Habitats Regulations),JNCC UK Biodiversity Indicators 2025,State – Habitats,Nature & Biodiversity | Trade & Industry,Conservation status,% of habitats assessed as favourable or improving (Habitats Regulations),UK,UK Biodiversity Strategy and Action Plan (NBSAP) 2025; Environment Act 2021 species targets; Restore 30% of degraded ecosystems,UKBI 2025 – Indicator C3a Habitats Regulations habitats,JNCC / country nature conservation bodies Article 17 reporting,1,1 – Low,Condition assessments based on 6-yearly Article 17 surveys and expert assessment. Weather conditions at the time of field surveys may affect observed condition but do not formally enter the assessment methodology.,C3a,Component: Percentage of habitats in favourable or improving conservation status; Assessed: 2025,GBF-T2,[LEG-004]; [LEG-007]; [POL-003]; [INT-L-007]; [INT-L-004],
IND-J-027,Conservation status of species of European importance (Habitats Regulations),JNCC UK Biodiversity Indicators 2025,State – Species,Nature & Biodiversity | Trade & Industry,Conservation status,% of species assessed as favourable or improving (Habitats Regulations),UK,"UK Biodiversity Strategy and Action Plan (NBSAP) 2025; Environment Act 2021 species targets; Halt extinction, recover species",UKBI 2025 – Indicator C3b Habitats Regulations species,JNCC / country nature conservation bodies Article 17 reporting,1,1 – Low,As above — 6-yearly population and range assessments; weather is a background driver but not a direct model input.,C3b,Component: Percentage of species in favourable or improving conservation status; Assessed: 2025,GBF-T4,[LEG-004]; [LEG-007]; [POL-003]; [INT-L-007]; [INT-L-004],
IND-J-028,Sustainable fisheries – proportion of stocks harvested sustainably,JNCC UK Biodiversity Indicators 2025,Pressure,Marine & Fisheries,Exploitation rate,% of assessed stocks fished at or below FMSY,UK,UK Biodiversity Strategy and Action Plan (NBSAP) 2025; Environment Act 2021 species targets; Sustainable use of wild species,UKBI 2025 – Indicator B2a Fish stocks sustainability,ICES stock assessments; Marine Management Organisation (MMO),2,2 – Medium,ICES stock assessments use age/size-structured population models fitted to survey and commercial catch data. Sea temperature and oceanographic data inform stock productivity parameters and recruitment; climate is embedded in analytical stock models.,B2a,Component: Proportion of fish stocks harvested sustainably; Assessed: 2025,GBF-T5,[LEG-004]; [POL-003]; [INT-L-007]; [INT-L-004],
IND-J-029,Sustainable fisheries – biomass of stocks at full reproductive capacity,JNCC UK Biodiversity Indicators 2025,State – Species,Marine & Fisheries | Energy,Biomass,% of assessed stocks at or above Bpa (precautionary biomass reference point),UK,UK Biodiversity Strategy and Action Plan (NBSAP) 2025; Environment Act 2021 species targets; Sustainable use of wild species,UKBI 2025 – Indicator B2b Fish stock biomass,ICES stock assessments; MMO,2,2 – Medium,As above — same ICES analytical frameworks. SST affects recruitment strength and stock productivity in the underlying models.,B2b,Component: Biomass of stocks at full reproductive capacity; Assessed: 2025,GBF-T5,[LEG-004]; [POL-003]; [INT-L-007]; [INT-L-004],
IND-J-030,Fish size classes in the North Sea (mean maximum length),JNCC UK Biodiversity Indicators 2025,State – Species,Marine & Fisheries,Community index,Mean maximum length (MML) of demersal fish community,UK,UK Biodiversity Strategy and Action Plan (NBSAP) 2025; Environment Act 2021 species targets; Sustainable use of wild species,UKBI 2025 – Fish size indicator,ICES North Sea bottom trawl survey (IBTS),2,2 – Medium,Mean maximum length is calculated from IBTS trawl survey catches. Sea temperature affects fish growth rates and species composition; climate data are not directly input but strongly influence community composition.,–,Component: Fish size in the North Sea; Assessed: 2025,GBF-T5,[LEG-004]; [POL-003]; [INT-L-007]; [EU-L-004]; [INT-L-004],
IND-J-031,Agricultural and forest ecosystem extent and condition – agri-environment schemes,JNCC UK Biodiversity Indicators 2025,Benefit,Nature & Biodiversity | Land Use & Agriculture,Policy uptake,million hectares under scheme,UK,"UK Biodiversity Strategy and Action Plan (NBSAP) 2025; Environment Act 2021 species targets; Sustainable agriculture, aquaculture, forestry and fisheries",UKBI 2025 – Indicator B1a Agri-environment schemes,Defra / Natural England agri-environment statistics,0,0 – None,Area under agri-environment schemes is a policy/administrative measure derived from scheme application records. No climate or weather data used.,B1a,Component: Area of land in higher-level or targeted agri-environment schemes; Assessed: 2025,GBF-T10,[LEG-004]; [POL-003]; [INT-L-007]; [INT-L-004],
IND-J-032,Agricultural and forest ecosystem extent and condition – sustainable forestry certification,JNCC UK Biodiversity Indicators 2025,Benefit,Nature & Biodiversity | Land Use & Agriculture,Policy uptake,% and million hectares certified (UKWAS / FSC / PEFC),UK,"UK Biodiversity Strategy and Action Plan (NBSAP) 2025; Environment Act 2021 species targets; Sustainable agriculture, aquaculture, forestry and fisheries",UKBI 2025 – Indicator B1b Sustainable forestry,Forestry Commission / Forest Research woodland statistics,0,0 – None,Area certified under UKWAS/FSC/PEFC is an administrative measure from certification registers; no climate data used.,B1b,Component: Area of forestry land certified as sustainably managed; Assessed: 2025,GBF-T10,[LEG-004]; [POL-003]; [INT-L-007]; [INT-L-004],
IND-J-033,Habitat connectivity – butterflies and woodland birds (combined),JNCC UK Biodiversity Indicators 2025,State – Habitats,Nature & Biodiversity | Land Use & Agriculture,Connectivity index,Population synchrony index (0–100%),UK,UK Biodiversity Strategy and Action Plan (NBSAP) 2025; Environment Act 2021 species targets; Restore 30% of degraded ecosystems,UKBI 2025 – Indicator C2 Habitat connectivity,UKBMS; BTO BBS — CEH / JNCC analysis,2,2 – Medium,"Population synchrony index is calculated from BBS/UKBMS monitoring data. Weather events (e.g., cold springs) synchronise populations across sites, which can inflate or deflate synchrony estimates; climate variability is a known confounder.",C2,Component: Habitat connectivity of butterflies and woodland birds; Assessed: 2025,GBF-T2,[LEG-004]; [POL-003]; [INT-L-007]; [INT-L-004],
IND-J-034,Climate change – greenhouse gas emissions,JNCC UK Biodiversity Indicators 2025,Pressure,Climate,Emissions,"MtCO₂e/year (index, 1990 = 100)",UK,UK Biodiversity Strategy and Action Plan (NBSAP) 2025; Environment Act 2021 species targets; Minimise climate change impacts on biodiversity,UKBI 2025 – Indicator B3 GHG emissions,DESNZ UK GHG Inventory,1,1 – Low,"UK GHG inventory uses activity data and emission factors; weather/climate enters only marginally (e.g., temperature affects heating demand). Buildings emissions are temperature-adjusted in the CCC's monitoring but not in the official GHG inventory itself.",B3,Component: UK territorial GHG emissions; Assessed: 2025,GBF-T8,[LEG-001]; [LEG-004]; [POL-003]; [INT-L-007]; [INT-L-004],
IND-J-035,Pressure from climate change on biodiversity,JNCC UK Biodiversity Indicators 2025,Pressure,Nature & Biodiversity | Climate,Climate risk index,Index of species range exposure to climate change,UK,UK Biodiversity Strategy and Action Plan (NBSAP) 2025; Environment Act 2021 species targets; Minimise climate change impacts on biodiversity,UKBI 2025 – Indicator B4 Climate change pressure,JNCC / CEH species distribution and climate modelling,3,3 – High,"This is explicitly a climate indicator: it directly models the exposure of species' ranges to projected climate change using climate scenarios (e.g., UKCP18 projections). Temperature and rainfall projections are the primary inputs.",B4,Component: Exposure of species to climate change (climate change vulnerability index); Assessed: 2025,GBF-T8,[LEG-004]; [POL-003]; [INT-L-007]; [INT-L-004],
IND-J-036,Pressure from air pollution – acidity critical loads exceedance,JNCC UK Biodiversity Indicators 2025,Pressure,Nature & Biodiversity | Pollution & Waste,Pollution load,% of ecosystem area in exceedance of critical load for acidity,UK,UK Biodiversity Strategy and Action Plan (NBSAP) 2025; Environment Act 2021 species targets; Reduce pollution to safe levels,UKBI 2025 – Indicator B5a(i) Air pollution acidity,DEFRA / NAEI critical loads mapping; CEH,1,1 – Low,"Critical loads exceedance is calculated from atmospheric deposition modelling using emissions and meteorological data (wind, rainfall). Meteorological inputs affect deposition modelling, but the indicator tracks long-term trends rather than year-to-year weather variation.",B5a(i),Component: Area of land affected by acidity (critical loads exceedance); Assessed: 2025,GBF-T7,[LEG-004]; [POL-003]; [INT-L-007]; [INT-L-004],
IND-J-037,Pressure from air pollution – nitrogen critical loads exceedance,JNCC UK Biodiversity Indicators 2025,Pressure,Nature & Biodiversity | Water | Pollution & Waste,Pollution load,% of ecosystem area in exceedance of critical load for nutrient N,UK,UK Biodiversity Strategy and Action Plan (NBSAP) 2025; Environment Act 2021 species targets; Reduce pollution to safe levels,UKBI 2025 – Indicator B5a(ii) Air pollution nitrogen,DEFRA / NAEI critical loads mapping; CEH,2,2 – Medium,"Nitrogen deposition modelling (CBED/FRAME) explicitly uses rainfall and atmospheric stability data to calculate wet and dry deposition. Meteorological data are a direct input to the deposition model, making this medium-high. Annual variability in rainfall and temperature affects the calculated deposition values.",B5a(ii),Component: Area of land affected by nutrient nitrogen deposition (critical loads exceedance); Assessed: 2025,GBF-T7,[LEG-004]; [POL-003]; [INT-L-007]; [INT-L-004],
IND-J-038,Pressure from pollution – marine,JNCC UK Biodiversity Indicators 2025,Pressure,Marine & Fisheries | Pollution & Waste,Pollution load,Index of hazardous substance inputs (combined index),UK,UK Biodiversity Strategy and Action Plan (NBSAP) 2025; Environment Act 2021 species targets; Reduce pollution to safe levels,UKBI 2025 – Indicator B5b Marine pollution,EA / SEPA / Marine Management Organisation; OSPAR data,1,1 – Low,"Combined index of riverine, atmospheric and direct inputs of hazardous substances; flow data (which is climate-influenced) feeds into riverine loading estimates but climate/weather is not a primary driver of the trend.",B5b,Component: Combined input of hazardous substances into UK marine environment; Assessed: 2025,GBF-T7,[LEG-004]; [POL-003]; [INT-L-007]; [EU-L-004]; [INT-L-004],
IND-J-039,Pressure from invasive non-native species – freshwater,JNCC UK Biodiversity Indicators 2025,Pressure,Nature & Biodiversity | Water | Biosecurity,Invasion rate,Cumulative number of established freshwater INNS,UK,UK Biodiversity Strategy and Action Plan (NBSAP) 2025; Environment Act 2021 species targets; Eliminate and control invasive alien species,UKBI 2025 – Indicator B6a Freshwater INNS,GB Non-native Species Information Portal (NNSIP) / JNCC,1,1 – Low,"Cumulative establishment count from the NNSIP species list. Climate warming facilitates establishment of many INNS (temperature thresholds for reproduction), so climate is a background driver but not a direct model input.",B6a,Component: Established freshwater INNS – cumulative number; Assessed: 2025,GBF-T6,[LEG-004]; [POL-003]; [INT-L-007]; [INT-L-004],
IND-J-040,Pressure from invasive non-native species – marine,JNCC UK Biodiversity Indicators 2025,Pressure,Nature & Biodiversity | Marine & Fisheries | Biosecurity,Invasion rate,Cumulative number of established marine INNS,UK,UK Biodiversity Strategy and Action Plan (NBSAP) 2025; Environment Act 2021 species targets; Eliminate and control invasive alien species,UKBI 2025 – Indicator B6b Marine INNS,GB NNSIP / JNCC Marine Non-native Species register,1,1 – Low,As above — sea surface temperature facilitates marine INNS establishment but climate data are not used in the calculation of cumulative counts.,B6b,Component: Established marine INNS – cumulative number; Assessed: 2025,GBF-T6,[LEG-004]; [POL-003]; [INT-L-007]; [INT-L-004],
IND-J-041,Pressure from invasive non-native species – terrestrial,JNCC UK Biodiversity Indicators 2025,Pressure,Nature & Biodiversity | Biosecurity,Invasion rate,Cumulative number of established terrestrial INNS,UK,UK Biodiversity Strategy and Action Plan (NBSAP) 2025; Environment Act 2021 species targets; Eliminate and control invasive alien species,UKBI 2025 – Indicator B6c Terrestrial INNS,GB NNSIP / JNCC,1,1 – Low,As above.,B6c,Component: Established terrestrial INNS – cumulative number; Assessed: 2025,GBF-T6,[LEG-004]; [POL-003]; [INT-L-007]; [INT-L-004],
IND-J-042,Pressure from invasive non-native species – establishment rate,JNCC UK Biodiversity Indicators 2025,Pressure,Nature & Biodiversity | Biosecurity,Invasion rate,New INNS establishing per year,UK,UK Biodiversity Strategy and Action Plan (NBSAP) 2025; Environment Act 2021 species targets; Eliminate and control invasive alien species,UKBI 2025 – Indicator B6d INNS establishment rate,GB NNSIP / JNCC,1,1 – Low,Annual establishment rate from NNSIP; climate is a facilitating factor for establishment but not directly modelled.,B6d,Component: Rate of establishment of INNS; Assessed: 2025,GBF-T6,[LEG-004]; [POL-003]; [INT-L-007]; [INT-L-004],
IND-J-043,Surface water status – WFD ecological status,JNCC UK Biodiversity Indicators 2025,State – Habitats,Water,Water quality,% of water bodies meeting good or high ecological status (WFD),UK,UK Biodiversity Strategy and Action Plan (NBSAP) 2025; Environment Act 2021 species targets; Reduce pollution to safe levels,UKBI 2025 – Indicator B7 Surface water,Environment Agency / SEPA / NRW WFD assessments,2,2 – Medium,"WFD ecological status classifications include biological quality elements (macrophytes, diatoms, invertebrates, fish) and physico-chemical elements. River flows and temperatures — both climate-driven — strongly affect these assessments. Low-flow years and high temperatures can push water bodies out of good status independently of pollution trends.",B7,Component: Percentage of surface water bodies in good or high ecological status; Assessed: 2025,GBF-T7,[LEG-004]; [POL-003]; [INT-L-007]; [EU-L-003]; [INT-L-004],
IND-J-044,Greenhouse gas removals by forests,JNCC UK Biodiversity Indicators 2025,Benefit,Land Use & Agriculture | Climate,Carbon sink,MtCO₂e (cumulative net removals since baseline),UK,UK Biodiversity Strategy and Action Plan (NBSAP) 2025; Environment Act 2021 species targets; Restore and enhance nature's contributions to people,UKBI 2025 – Indicator D1b Forest carbon,Forestry Commission / Forest Research; DESNZ UK GHG Inventory LULUCF,2,2 – Medium,"Forest carbon flux is modelled using forest inventory data and carbon accounting models. Temperature and rainfall affect tree growth rates and hence carbon accumulation; the Forestry Commission carbon models (e.g., C-FLOW, Forest Yield) incorporate climate-adjusted growth parameters.",D1b,Component: Cumulative net removals of GHGs by UK forests; Assessed: 2025,GBF-T11,[LEG-004]; [POL-003]; [INT-L-007]; [INT-L-004],
IND-J-045,Pollinating insects,JNCC UK Biodiversity Indicators 2025,Benefit,Nature & Biodiversity,Pollinator index,Index of occupancy (number of occupied 1-km squares) for wild bee & hoverfly species,UK,UK Biodiversity Strategy and Action Plan (NBSAP) 2025; Environment Act 2021 species targets; Restore and enhance nature's contributions to people,UKBI 2025 – Indicator D1c Pollinators,Pollinator Monitoring Scheme (PoMS) – CEH / JNCC / Defra,2,2 – Medium,"PoMS transect and flower-insect timed counts are strongly weather-dependent (bees and hoverflies only fly in suitable conditions). Survey protocols include minimum weather thresholds, but detections still vary with temperature and sunshine on survey days.",D1c,Component: Occupancy of pollinating insects; Assessed: 2025,GBF-T11,[LEG-004]; [POL-003]; [INT-L-007]; [INT-L-004],https://jncc.gov.uk/our-work/ukbi-pollinating-insects/
IND-J-046,Genetic diversity of animal genetic resources – cattle breeds,JNCC UK Biodiversity Indicators 2025,Benefit,Nature & Biodiversity,Genetic diversity,Number of breeds with population data / % at risk,UK,UK Biodiversity Strategy and Action Plan (NBSAP) 2025; Environment Act 2021 species targets; Genetic resources and benefit sharing,UKBI 2025 – Indicator C9a Cattle breeds,Rare Breeds Survival Trust; Defra / BCMS livestock data,0,0 – None,Census-based count of registered breeding animals from livestock databases; no climate data used.,C9a,Component: Number of UK cattle breeds monitored; Assessed: 2025,GBF-T13,[LEG-004]; [POL-003]; [INT-L-007]; [INT-L-004],
IND-J-047,Genetic diversity of animal genetic resources – sheep breeds,JNCC UK Biodiversity Indicators 2025,Benefit,Nature & Biodiversity,Genetic diversity,Number of breeds with population data / % at risk,UK,UK Biodiversity Strategy and Action Plan (NBSAP) 2025; Environment Act 2021 species targets; Genetic resources and benefit sharing,UKBI 2025 – Indicator C9a Sheep breeds,Rare Breeds Survival Trust; Defra livestock data,0,0 – None,As above.,C9a,Component: Number of UK sheep breeds monitored; Assessed: 2025,GBF-T13,[LEG-004]; [POL-003]; [INT-L-007]; [INT-L-004],
IND-J-048,Genetic diversity – plant genetic resources,JNCC UK Biodiversity Indicators 2025,Benefit,Nature & Biodiversity,Genetic diversity,Number of accessions in gene banks; % of target species held,UK,UK Biodiversity Strategy and Action Plan (NBSAP) 2025; Environment Act 2021 species targets; Genetic resources and benefit sharing,UKBI 2025 – Indicator C9b Plant genetic resources,Kew Royal Botanic Gardens Millennium Seed Bank; SASA,0,0 – None,Count of accessions held in gene banks and seed collections; no climate data used in the calculation.,C9b,Component: Status of ex situ conservation of cultivated plants and their wild relatives; Assessed: 2025,GBF-T13,[LEG-004]; [POL-003]; [INT-L-007]; [INT-L-004],
IND-J-049,"Awareness, understanding and support for conservation (public awareness)",JNCC UK Biodiversity Indicators 2025,Enabling,"Nature & Biodiversity | Governance, Society & Data",Survey index,% of people with positive responses (survey),UK,UK Biodiversity Strategy and Action Plan (NBSAP) 2025; Environment Act 2021 species targets; Means of implementation; Knowledge and data for decision-making,UKBI 2025 – Awareness indicator (formerly A1),DEFRA Public Attitudes Tracker / survey,0,0 – None,Survey-based measure of public attitudes; no climate or weather data used.,A1_eng,Component: Public awareness and understanding of biodiversity; Assessed: 2025,GBF-GoalD; GBF-T21,[LEG-004]; [POL-003]; [INT-L-007]; [INT-L-004],
IND-J-050,Taking action for nature – conservation volunteering (volunteer time),JNCC UK Biodiversity Indicators 2025,Benefit,Nature & Biodiversity,Volunteer hours,Hours per year / number of volunteers,UK,UK Biodiversity Strategy and Action Plan (NBSAP) 2025; Environment Act 2021 species targets; Means of implementation; Participation and rights of indigenous peoples,UKBI 2025 – Conservation volunteering (formerly A2),NCVO / FWAG / Wildlife Trusts / RSPB volunteering data,0,0 – None,"Count of volunteer hours from organisational returns; no climate data used. (Weather may marginally affect volunteer turnout on survey days, but is not formally accounted for.)",A2_vol,Component: Volunteer time spent in nature conservation; Assessed: 2025,GBF-GoalD; GBF-T22,[LEG-004]; [POL-003]; [INT-L-007]; [INT-L-004],
IND-J-051,Integration of biodiversity into decision-making (survey-based),JNCC UK Biodiversity Indicators 2025,Enabling,"Nature & Biodiversity | Governance, Society & Data",Policy index,Index / survey of integration into policy and planning,UK,UK Biodiversity Strategy and Action Plan (NBSAP) 2025; Environment Act 2021 species targets; Means of implementation; Mainstream biodiversity across all sectors,UKBI 2025 – Integration indicator (formerly A3/A5),Survey of policy-makers / DEFRA assessment,0,0 – None,Policy/survey indicator; no climate data used.,A3_integ,Component: Biodiversity integrated into local and national decision-making; Assessed: 2025,GBF-GoalD; GBF-T14,[LEG-004]; [POL-003]; [INT-L-007]; [INT-L-004],
IND-J-052,Value of biodiversity – natural capital accounts,JNCC UK Biodiversity Indicators 2025,Benefit,Nature & Biodiversity | Finance,Monetary value,"£ billion (total ecosystem services value, ONS Natural Capital Accounts)",UK,UK Biodiversity Strategy and Action Plan (NBSAP) 2025; Environment Act 2021 species targets; Means of implementation; Mobilise USD 200bn/year for biodiversity,UKBI 2025 – Natural capital value indicator,ONS UK Natural Capital Accounts,1,1 – Low,"ONS Natural Capital Accounts value ecosystem service flows. Some services (water supply, recreation) are influenced by weather in individual account years, but valuation methodology does not formally adjust for weather.",A4_val,Component: Value of ecosystem services in UK natural capital accounts; Assessed: 2025,GBF-GoalD; GBF-T19,[LEG-004]; [POL-003]; [INT-L-007]; [INT-L-004],
IND-J-053,Global biodiversity impacts of UK consumption – deforestation footprint,JNCC UK Biodiversity Indicators 2025,Pressure,Nature & Biodiversity | Trade & Industry,Consumption footprint,km² of deforestation attributable to UK imports of key commodities,UK,UK Biodiversity Strategy and Action Plan (NBSAP) 2025; Environment Act 2021 species targets; Business assessment and disclosure of biodiversity; Enable sustainable consumption choices,UKBI 2025 – Global consumption impacts indicator (formerly A4/GEIC),Global Environmental Impacts of Consumption model – JNCC / SEI / DEFRA,0,0 – None,Deforestation footprint of UK consumption modelled through trade data and land-use change statistics; climate does not directly enter the IOTA/GLORIA calculation.,A5_glob,Component: Area of deforestation worldwide associated with UK consumption; Assessed: 2025,GBF-T15; GBF-T16,[LEG-004]; [POL-003]; [INT-L-007]; [INT-L-004],
IND-J-054,Expenditure on biodiversity – UK public sector,JNCC UK Biodiversity Indicators 2025,Enabling,"Nature & Biodiversity | Finance | Governance, Society & Data",Expenditure,£ million/year (government spending on biodiversity),UK,UK Biodiversity Strategy and Action Plan (NBSAP) 2025; Environment Act 2021 species targets; Mobilise USD 200bn/year for biodiversity,UKBI 2025 – Indicator E2a Public biodiversity spending,HM Treasury PESA; DEFRA spending review data,0,0 – None,Administrative financial data from government accounts; no climate data.,E2a,Component: Public sector expenditure on biodiversity in the UK; Assessed: 2025,GBF-T19,[LEG-004]; [POL-003]; [INT-L-007]; [INT-L-004],
IND-J-055,Expenditure on biodiversity – NGO and private sector,JNCC UK Biodiversity Indicators 2025,Enabling,Nature & Biodiversity | Finance,Expenditure,£ million/year,UK,UK Biodiversity Strategy and Action Plan (NBSAP) 2025; Environment Act 2021 species targets; Mobilise USD 200bn/year for biodiversity,UKBI 2025 – Indicator E2b NGO / private biodiversity spending,NCVO / Wildlife Trusts / RSPB financial returns,0,0 – None,Organisational financial returns; no climate data.,E2b,Component: Non-governmental and private sector spending on biodiversity; Assessed: 2025,GBF-T19,[LEG-004]; [POL-003]; [INT-L-007]; [INT-L-004],
IND-J-056,Expenditure on biodiversity – international ODA,JNCC UK Biodiversity Indicators 2025,Enabling,Nature & Biodiversity | Finance,Expenditure,£ million/year (UK ODA for biodiversity),UK,UK Biodiversity Strategy and Action Plan (NBSAP) 2025; Environment Act 2021 species targets; Mobilise USD 200bn/year for biodiversity,UKBI 2025 – Indicator E2c International biodiversity ODA,FCDO ODA statistics; OECD biodiversity-relevant aid marker,0,0 – None,ODA spending data with Rio Markers; no climate data.,E2c,Component: International development spending on biodiversity; Assessed: 2025,GBF-T19,[LEG-004]; [POL-003]; [INT-L-007]; [INT-L-004],
IND-J-057,Biodiversity data for decision making,JNCC UK Biodiversity Indicators 2025,Enabling,Nature & Biodiversity,Data use index,Number of records downloaded; download events; number of users (NBN Atlas),UK,UK Biodiversity Strategy and Action Plan (NBSAP) 2025; Environment Act 2021 species targets; Knowledge and data for decision-making,UKBI 2025 – Indicator E1 Biodiversity data (revised 2025),National Biodiversity Network (NBN) Atlas,0,0 – None,"Usage statistics (downloads, users) from the NBN Atlas system; no climate data.",E1,Component: Use of biodiversity records in the NBN Atlas; Assessed: 2025,GBF-T21,[LEG-004]; [POL-003]; [INT-L-007]; [INT-L-004],
IND-J-058,Protected and conserved areas – Part A: land meeting 30x30 criteria,JNCC UK Biodiversity Indicators 2025,State – Habitats,Nature & Biodiversity,Extent,% of UK land meeting 30x30 criteria (in development),UK,UK Biodiversity Strategy and Action Plan (NBSAP) 2025; Environment Act 2021 species targets; 30x30 -- protect land and sea,UKBI 2025 – Indicator A3 Part A (new 2025); jncc.gov.uk/our-work/ukbi-protected-areas,JNCC / country nature conservation bodies; national 30x30 assessment frameworks,0,0 – None,"Area-based assessment of land meeting 30x30 criteria; derived from GIS and management data, no climate input.",A3,Component: Part A: Land protected or conserved and effectively managed for biodiversity (30x30); Assessed: 2025,GBF-T3,[LEG-004]; [POL-003]; [INT-L-007]; [INT-L-004],
IND-J-059,Protected and conserved areas – Part C: OECMs,JNCC UK Biodiversity Indicators 2025,State – Habitats,Nature & Biodiversity,Extent,Area (ha) of OECMs; % contributing to 30x30,UK,UK Biodiversity Strategy and Action Plan (NBSAP) 2025; Environment Act 2021 species targets; 30x30 -- protect land and sea,UKBI 2025 – Indicator A3 Part C; jncc.gov.uk/our-work/ukbi-protected-areas,NatureScot OECM assessment (Scotland only; other countries in development),0,0 – None,Administrative designation area data; no climate input.,A3,Component: Part C: OECMs — land outside formally protected areas managed for biodiversity; Assessed: 2025,GBF-T3,[LEG-004]; [POL-003]; [INT-L-007]; [INT-L-004],
IND-J-060,Protected and conserved areas – Part D: A/SSSI feature condition,JNCC UK Biodiversity Indicators 2025,State – Habitats,Nature & Biodiversity,Condition,% of A/SSSI features in favourable or unfavourable-recovering condition,UK,UK Biodiversity Strategy and Action Plan (NBSAP) 2025; Environment Act 2021 species targets; 30x30 -- protect land and sea,UKBI 2025 – Indicator A3 Part D; jncc.gov.uk/our-work/ukbi-protected-areas,Natural England; NatureScot; NRW; NIEA A/SSSI condition data,1,1 – Low,"Feature condition scores from field surveys. Weather in the survey year may affect observed plant and invertebrate condition scores, but climate data are not formally used in the condition methodology.",A3,Component: Part D: Condition of A/SSSI features (favourable or unfavourable-recovering); Assessed: 2025,GBF-T3,[LEG-004]; [POL-003]; [INT-L-007]; [INT-L-004],
IND-J-061,Red List Index,JNCC UK Biodiversity Indicators 2025,State – Species,Nature & Biodiversity,Extinction risk index,"Index (0–1); 0 = all extinct, 1 = all Least Concern; weighted by UK range",UK,"UK Biodiversity Strategy and Action Plan (NBSAP) 2025; Environment Act 2021 species targets; Ecosystem integrity; Halt extinction, recover species; UN SDG 15.5 (Halt biodiversity loss)",UKBI 2025 – Red List Index; jncc.gov.uk/our-work/ukbi-red-list-index,IUCN Red List of Threatened Species; global range data weighted by UK proportion,2,2 – Medium,"Global RLI is based on IUCN Red List assessments which explicitly consider climate change as a threat under threat category 11. Reassessments of species' range and population trend incorporate climate-driven range shifts, so climate data inform assessments indirectly.",A4b,Component: Red List Index of UK species (global extinction risk weighted by UK range proportion); Assessed: 2025,GBF-GoalA; GBF-T4; SDG-15.5,[LEG-004]; [POL-003]; [INT-L-007]; [INT-P-001]; [INT-L-004],
IND-J-062,Genetic diversity of wild species,JNCC UK Biodiversity Indicators 2025,State – Species,Nature & Biodiversity,Genetic diversity index,% of species populations with Ne ≥ 500,UK,"UK Biodiversity Strategy and Action Plan (NBSAP) 2025; Environment Act 2021 species targets; Ecosystem integrity; Halt extinction, recover species",UKBI 2025 – Genetic diversity of wild species (new 2025 GBF headline); jncc.gov.uk/our-work/ukbi-genetic-diversity-of-wild-species,SEFARI / Royal Botanic Garden Edinburgh / NatureScot / Univ. Edinburgh / RBG Kew — expert elicitation and genetic scorecard data,1,1 – Low,Effective population size estimates from genetic scorecard data and expert elicitation. Climate is a background stressor affecting population viability but does not directly enter the Ne calculation methodology.,A4c,Component: Proportion of populations with effective population size ≥500 (Ne ≥ 500); Assessed: 2025,GBF-GoalA; GBF-T4,[LEG-004]; [POL-003]; [INT-L-007]; [INT-L-004],
IND-J-063,Spring Index (phenology),JNCC UK Biodiversity Indicators 2025,Pressure,,Phenology index,Mean day-of-year of 4 spring events (days after 31 December),UK,UK Biodiversity Strategy and Action Plan (NBSAP) 2025; Environment Act 2021 species targets; Minimise climate change impacts on biodiversity,UKBI 2025 – Spring Index; jncc.gov.uk/our-work/ukbi-spring-index,UK Phenology Network (Nature's Calendar / Woodland Trust); Royal Meteorological Society (historic),3,3 – High,This is an explicitly climate-driven indicator. The Spring Index is the mean day-of-year of 4 phenological events directly correlated with spring temperature (Central England Temperature). Temperature is the primary explanatory variable and the indicator is explicitly analysed against CET.,B4b,"Component: Timing of biological spring events (hawthorn, horse chestnut flowering; orange-tip butterfly; swallow arrival); Assessed: 2025",GBF-T8,[LEG-004]; [POL-003]; [INT-L-007]; [INT-L-004],https://jncc.gov.uk/our-work/ukbi-spring-index/
IND-J-064,Services provided by ecosystems,JNCC UK Biodiversity Indicators 2025,Benefit,Nature & Biodiversity | Finance,Ecosystem service flow index,"Physical flow (various units) and monetary value (£ million/year) of provisioning, regulating and cultural services",UK,UK Biodiversity Strategy and Action Plan (NBSAP) 2025; Environment Act 2021 species targets; Sustaining nature's contributions to people; Restore and enhance nature's contributions to people,UKBI 2025 – Services provided by ecosystems (new GBF headline B.1); jncc.gov.uk/our-work/ukbi-services-provided-by-ecosystems,ONS UK Natural Capital Accounts (with Defra support),1,1 – Low,"ONS NCA ecosystem service flows include weather-sensitive services (e.g., water provision, carbon sequestration in a given year), but valuation methodology uses average flow data; weather is not formally adjusted for in the calculation.",D1d,Component: Physical and monetary flow of ecosystem services relevant to biodiversity; Assessed: 2025,GBF-GoalB; GBF-T11,[LEG-004]; [POL-003]; [INT-L-007]; [INT-L-004],
IND-J-065,Green and blue space in built-up areas,JNCC UK Biodiversity Indicators 2025,Benefit,Urban & Buildings,Urban greenspace index,% of urban area that is accessible green or blue space,GB,UK Biodiversity Strategy and Action Plan (NBSAP) 2025; Environment Act 2021 species targets; Green and blue spaces in urban areas; UN SDG 11.7 (Safe green and public spaces),UKBI 2025 – Green and blue space in built-up areas (new GBF headline); jncc.gov.uk/our-work/ukbi-green-and-blue-space-in-built-up-areas,ONS Urban Natural Capital Accounts; Ordnance Survey Greenspace Layer,0,0 – None,Based on GIS mapping of green/blue space from OS Greenspace Layer and ONS urban habitat accounts; static spatial data with no weather or climate inputs.,D1e,Component: Proportion of accessible green and blue space within urban areas; Assessed: 2025,GBF-T12; SDG-11.7,[LEG-004]; [POL-003]; [INT-L-007]; [INT-P-001]; [INT-L-004],
IND-J-066,Biodiversity and business,JNCC UK Biodiversity Indicators 2025,Enabling,Nature & Biodiversity,Business indicator,% of large businesses with certified EMS (ISO 14001 or EMAS),UK,UK Biodiversity Strategy and Action Plan (NBSAP) 2025; Environment Act 2021 species targets; Business assessment and disclosure of biodiversity,UKBI 2025 – Biodiversity and business; jncc.gov.uk/our-work/ukbi-biodiversity-and-business,BSI / UKAS accreditation register; ISO 14001 certification data,0,0 – None,Count of ISO 14001/EMAS certifications from accreditation registers; no climate data.,A5b,Component: Proportion of large UK businesses with an environmental management system (EMS); Assessed: 2025,GBF-T15,[LEG-004]; [POL-003]; [INT-L-007]; [INT-L-004],
IND-J-067,Biodiversity disclosures,JNCC UK Biodiversity Indicators 2025,Enabling,Nature & Biodiversity | Finance,Corporate disclosure index,Number of UK-registered large companies disclosing biodiversity risks and impacts,UK,UK Biodiversity Strategy and Action Plan (NBSAP) 2025; Environment Act 2021 species targets; Business assessment and disclosure of biodiversity,UKBI 2025 – Biodiversity disclosures (new 2025); jncc.gov.uk/our-work/ukbi-biodiversity-disclosures,TNFD adopter register; CDP biodiversity responses; World Benchmarking Alliance (WBA),0,0 – None,"Count of company disclosures from TNFD register, CDP responses, WBA assessments; no climate data in the counting methodology.",A5c,"Component: Number of large UK companies making biodiversity-related disclosures (TNFD, CDP, WBA); Assessed: 2025",GBF-T15,[LEG-004]; [POL-003]; [INT-L-007]; [INT-L-004],
IND-J-068,Global biodiversity impacts of UK consumption – species loss risk (GLORIA),JNCC UK Biodiversity Indicators 2025,Pressure,Nature & Biodiversity,Consumption footprint,LIFE score (expected species extinctions); species richness-weighted ha; predicted regional species loss,UK,UK Biodiversity Strategy and Action Plan (NBSAP) 2025; Environment Act 2021 species targets; Business assessment and disclosure of biodiversity; Enable sustainable consumption choices,UKBI 2025 – Global biodiversity impacts (revised GLORIA methodology); jncc.gov.uk/our-work/ukbi-global-biodiversity-impact,IOTA framework (Croft et al.) using GLORIA input-output model; FAO; Chaudhary & Kastner (2016) characterisation factors,0,0 – None,"IOTA/GLORIA consumption-based deforestation and species-loss model uses trade and land-use data; climate is not a direct input to the modelling framework, though deforestation rates are indirectly influenced by climate variability.",A5a,Component: Deforestation and species loss risk linked to UK consumption of key commodities; Assessed: 2025,GBF-T15; GBF-T16,[LEG-004]; [POL-003]; [INT-L-007]; [INT-L-004],
IND-J-069,"Awareness, understanding and support for conservation (public concern)",JNCC UK Biodiversity Indicators 2025,Enabling,"Nature & Biodiversity | Governance, Society & Data",Survey index,% of adults expressing concern or awareness (Defra public attitudes tracker),UK,UK Biodiversity Strategy and Action Plan (NBSAP) 2025; Environment Act 2021 species targets; Knowledge and data for decision-making,UKBI 2025 – Awareness indicator; jncc.gov.uk/our-work/ukbi-awareness-understanding-and-support-for-conservation,Defra Public Attitudes and Behaviours Tracker (PABT),0,0 – None,Survey-based; no climate data.,A1a,Component: Public awareness and concern about biodiversity loss; Assessed: 2025,GBF-T21,[LEG-004]; [POL-003]; [INT-L-007]; [INT-L-004],
IND-J-070,Integration of biodiversity into decision-making (under review – no current data),JNCC UK Biodiversity Indicators 2025,Enabling,"Nature & Biodiversity | Governance, Society & Data",Policy indicator,No current measurable indicator — development paused,UK,UK Biodiversity Strategy and Action Plan (NBSAP) 2025; Environment Act 2021 species targets; Means of implementation; Mainstream biodiversity across all sectors,UKBI 2025 – Integration indicator (no current data); jncc.gov.uk/our-work/ukbi-a3-value-of-biodiversity,No active data source — indicator under review for GBF alignment,0,0 – None,No active indicator; no climate data.,A5d,Component: Biodiversity integrated into national and local planning and decision-making; Assessed: 2025,GBF-GoalD; GBF-T14,[LEG-004]; [POL-003]; [INT-L-007]; [INT-L-004],
IND-J-071,Expenditure on biodiversity – UK international ODA,JNCC UK Biodiversity Indicators 2025,Enabling,Nature & Biodiversity | Finance,Expenditure,£ million/year (UK international biodiversity ODA + multilateral contributions),UK,UK Biodiversity Strategy and Action Plan (NBSAP) 2025; Environment Act 2021 species targets; Means of implementation; Mobilise USD 200bn/year for biodiversity,UKBI 2025 – Biodiversity expenditure (international); jncc.gov.uk/our-work/ukbi-biodiversity-expenditure,FCDO ODA statistics (Rio Markers); OECD DAC; GEF / GCF / GBFF contribution data,0,0 – None,"Financial data from ODA and multilateral fund records; no climate data in calculation. Note: some funding streams (e.g., GCF) overlap with climate finance but the indicator measures expenditure amounts, not climate outcomes.",E2d,"Component: UK public sector spending on international biodiversity (ODA, OTEP, GEF, GCF, GBFF); Assessed: 2025",GBF-GoalD; GBF-T19,[LEG-004]; [POL-003]; [INT-L-007]; [INT-L-004],
IND-J-072,Fish size classes in the North Sea – mean maximum length,JNCC UK Biodiversity Indicators 2025,State – Species,Marine & Fisheries,Community size index,Mean maximum length (cm) of fish caught in standard trawl surveys,UK,UK Biodiversity Strategy and Action Plan (NBSAP) 2025; Environment Act 2021 species targets; Sustainable use of wild species,UKBI 2025 – Fish size indicator; jncc.gov.uk/our-work/ukbi-fish-size-classes,ICES North Sea International Bottom Trawl Survey (NS-IBTS),2,2 – Medium,"IBTS trawl survey catches. Sea temperature directly affects fish growth rates, species assemblage and gear catchability; climate is embedded in inter-annual variability though not directly input to MML calculation.",C7,Component: Mean maximum length (MML) of demersal fish community in North Sea; Assessed: 2025,GBF-T5,[LEG-004]; [POL-003]; [INT-L-007]; [EU-L-004]; [INT-L-004],
IND-J-073,Surface water status – WFD ecological status (revised),JNCC UK Biodiversity Indicators 2025,State – Habitats,Water,Water quality status,% of classified water bodies in good or high ecological status,UK,UK Biodiversity Strategy and Action Plan (NBSAP) 2025; Environment Act 2021 species targets; Reduce pollution to safe levels,UKBI 2025 – Surface water status; jncc.gov.uk/our-work/ukbi-surface-water-status,Environment Agency; SEPA; Natural Resources Wales — WFD classification assessments,2,2 – Medium,As per row 44 — WFD status assessments are influenced by temperature and flow (both climate-driven); biological elements particularly sensitive to low-flow warm years.,B7,Component: Percentage of surface water bodies in good or high ecological status (WFD); Assessed: 2025,GBF-T7,[LEG-004]; [POL-003]; [INT-L-007]; [EU-L-003]; [INT-L-004],
IND-J-074,Habitat connectivity – butterflies (population synchrony),JNCC UK Biodiversity Indicators 2025,State – Habitats,"Nature & Biodiversity | Governance, Society & Data",Connectivity index,Population synchrony index (correlation of population growth rates across sites),UK,UK Biodiversity Strategy and Action Plan (NBSAP) 2025; Environment Act 2021 species targets; Restore 30% of degraded ecosystems,UKBI 2025 – Habitat connectivity (butterflies measure); jncc.gov.uk/our-work/ukbi-habitat-connectivity,UK Butterfly Monitoring Scheme (UKBMS) — CEH / Butterfly Conservation / JNCC,3,3 – High,Population synchrony for butterflies calculated from UKBMS transect data. Shared weather events (warm or cold spring) synchronise flight periods across sites; weather is a major driver of synchrony and is the primary confounder the indicator aims to account for by differentiating weather-driven from structural connectivity.,C2,Component: Population synchrony index for butterflies across monitoring sites; Assessed: 2025,GBF-T2,[LEG-004]; [POL-003]; [INT-L-007]; [INT-L-004],
IND-J-075,Habitat connectivity – woodland birds (population synchrony),JNCC UK Biodiversity Indicators 2025,State – Habitats,"Nature & Biodiversity | Land Use & Agriculture | Governance, Society & Data",Connectivity index,Population synchrony index (correlation of population growth rates across BBS sites),UK,UK Biodiversity Strategy and Action Plan (NBSAP) 2025; Environment Act 2021 species targets; Restore 30% of degraded ecosystems,UKBI 2025 – Habitat connectivity (woodland birds measure); jncc.gov.uk/our-work/ukbi-habitat-connectivity,BTO Breeding Bird Survey (BBS) — BTO / RSPB / JNCC,2,2 – Medium,Population synchrony for woodland birds from BBS data. Cold springs and weather events synchronise breeding productivity across sites; weather is an important confounder for synchrony measures.,C2,Component: Population synchrony index for woodland birds across monitoring sites; Assessed: 2025,GBF-T2,[LEG-004]; [POL-003]; [INT-L-007]; [INT-L-004],
IND-J-076,Taking action for nature – conservation volunteering,JNCC UK Biodiversity Indicators 2025,Benefit,Nature & Biodiversity,Volunteer hours,Million hours/year of formal nature conservation volunteering,UK,UK Biodiversity Strategy and Action Plan (NBSAP) 2025; Environment Act 2021 species targets; Means of implementation; Participation and rights of indigenous peoples,UKBI 2025 – Conservation volunteering; jncc.gov.uk/our-work/ukbi-taking-action-for-nature-conservation-volunteering,Wildlife Trusts; RSPB; National Trust; BTCV — annual volunteer data returns,0,0 – None,Organisational volunteer hour returns; no climate data in calculation. Bad weather marginally reduces volunteer activity but this is not formally accounted for.,A2a,"Component: Hours per year spent in formal conservation volunteering (Wildlife Trusts, RSPB, etc.); Assessed: 2025",GBF-GoalD; GBF-T22,[LEG-004]; [POL-003]; [INT-L-007]; [INT-L-004],
IND-J-077,Agricultural and forest ecosystem extent and condition – woodland certification,JNCC UK Biodiversity Indicators 2025,State – Habitats,Nature & Biodiversity | Land Use & Agriculture,Extent,% of woodland area with UKWAS / FSC / PEFC certification,UK,"UK Biodiversity Strategy and Action Plan (NBSAP) 2025; Environment Act 2021 species targets; Sustainable use of wild species; Sustainable agriculture, aquaculture, forestry and fisheries",UKBI 2025 – B1b Woodland certification; jncc.gov.uk/our-work/ukbi-agricultural-and-forest-ecosystem-extent-and-condition,Forestry Commission / Forest Research UK woodland statistics,0,0 – None,Administrative certification area data; no climate data.,B1a,Component: Area of woodland in UK assessed as sustainably managed (certified); Assessed: 2025,GBF-T5; GBF-T10,[LEG-004]; [POL-003]; [INT-L-007]; [INT-L-004],
