Source / Title,Author / Organisation,Year,Access / URL,Citation (Harvard style)
ONS UK Natural Capital Accounts,Office for National Statistics (ONS),2023,https://www.ons.gov.uk/economy/environmentalaccounts/bulletins/uknaturalcapitalaccounts/2023,ONS (2023) UK Natural Capital Accounts: 2023. Newport: Office for National Statistics.
UK Biodiversity Indicators,Joint Nature Conservation Committee (JNCC) / Defra,2023,https://jncc.gov.uk/our-work/uk-biodiversity-indicators/,JNCC/Defra (2023) UK Biodiversity Indicators 2023. Peterborough: JNCC.
25 Year Environment Plan Indicators,"Department for Environment, Food & Rural Affairs (Defra)",2023,https://www.gov.uk/government/statistics/25-year-environment-plan-progress-reports,Defra (2023) 25 Year Environment Plan: Progress Report. London: HM Government.
IPBES Global Assessment Report on Biodiversity and Ecosystem Services,Intergovernmental Science-Policy Platform on Biodiversity and Ecosystem Services (IPBES),2019,https://ipbes.net/global-assessment,IPBES (2019) Global Assessment Report on Biodiversity and Ecosystem Services. Bonn: IPBES Secretariat. doi:10.5281/zenodo.3831673
Kunming-Montreal Global Biodiversity Framework (CBD COP15 Decision 15/4),Convention on Biological Diversity (CBD),2022,https://www.cbd.int/doc/decisions/cop-15/cop-15-dec-04-en.pdf,CBD (2022) Decision 15/4: Kunming-Montreal Global Biodiversity Framework. Montreal: CBD Secretariat.
System of Environmental-Economic Accounting — Ecosystem Accounting (SEEA EA),United Nations Statistics Division (UNSD),2021,https://seea.un.org/ecosystem-accounting,United Nations (2021) System of Environmental-Economic Accounting — Ecosystem Accounting (SEEA EA). New York: United Nations. ST/ESA/STAT/SER.F/112.
"ENCORE: Exploring Natural Capital Opportunities, Risks and Exposure",UNEP-WCMC / Global Canopy / UNEP FI,2023,https://encore.naturalcapital.finance,"UNEP-WCMC (2023) ENCORE: Exploring Natural Capital Opportunities, Risks and Exposure [online tool]. Cambridge: UNEP-WCMC."
TNFD Nature-related Risk & Opportunity Management and Disclosure Framework (v1.0),Taskforce on Nature-related Financial Disclosures (TNFD),2023,https://tnfd.global/publication/nature-related-risk-and-opportunity-management-and-disclosure-framework/,"TNFD (2023) Recommendations of the Taskforce on Nature-related Financial Disclosures, v1.0. London: TNFD."
Streamlining European 2010 Biodiversity Indicators (SEBI) / EU Biodiversity Strategy to 2030 Indicators,European Environment Agency (EEA),2023,https://www.eea.europa.eu/themes/biodiversity/biodiversity-2020/indicators,EEA (2023) EU Biodiversity Strategy for 2030: Indicators and monitoring framework. Copenhagen: European Environment Agency.
"Climate Change 2021–2022: IPCC Sixth Assessment Report (AR6) — Working Groups I, II & III",Intergovernmental Panel on Climate Change (IPCC),2021–2022,https://www.ipcc.ch/assessment-report/ar6/,IPCC (2021–2022) Sixth Assessment Report (AR6). Geneva: IPCC. [WGI doi:10.1017/9781009157896; WGII doi:10.1017/9781009325844]
Environmental Indicator Framework (EIF) — 66 indicators across 10 themes,"Department for Environment, Food & Rural Affairs (Defra)",2025,https://www.gov.uk/government/collections/environmental-indicator-framework,Defra (2025) Environmental Indicator Framework. London: HM Government. Published 1 December 2025. Available at: www.gov.uk/government/collections/environmental-indicator-framework
Climate Change Act 2008,UK Parliament / HM Government,2008 (amended 2019),https://www.legislation.gov.uk/ukpga/2008/27/contents,"HM Government (2008, amended 2019) Climate Change Act 2008. London: HMSO. Net Zero target added by Statutory Instrument 2019/1056."
UK Net Zero Strategy: Build Back Greener,HM Government / DESNZ,2021 (updated 2022),https://www.gov.uk/government/publications/net-zero-strategy,HM Government (2021) Net Zero Strategy: Build Back Greener. London: DESNZ.
Carbon Budget Delivery Plan (CBDP),HM Government / DESNZ,2023,https://www.gov.uk/government/publications/carbon-budget-delivery-plan,HM Government (2023) Carbon Budget Delivery Plan. London: DESNZ. Published 30 March 2023.
CCC Mitigation Monitoring Framework (updated June 2025),Climate Change Committee (CCC),2025,https://www.theccc.org.uk/publication/ccc-monitoring-framework/,CCC (2025) Mitigation Monitoring Framework. London: Climate Change Committee. Updated June 2025.
Progress in Reducing Emissions 2024 Report to Parliament,Climate Change Committee (CCC),2024,https://www.theccc.org.uk/publication/progress-in-reducing-emissions-2024-report-to-parliament/,CCC (2024) Progress in Reducing Emissions 2024 Report to Parliament. London: Climate Change Committee. Published 18 July 2024.
The Seventh Carbon Budget,Climate Change Committee (CCC),2025,https://www.theccc.org.uk/publication/the-seventh-carbon-budget/,CCC (2025) The Seventh Carbon Budget. London: Climate Change Committee.
Jet Zero Strategy,HM Government / DfT,2022,https://www.gov.uk/government/publications/jet-zero-strategy-delivering-net-zero-aviation-by-2050,DfT (2022) Jet Zero Strategy: Delivering Net Zero Aviation by 2050. London: DfT.
UK Hydrogen Strategy,HM Government / DESNZ,2021,https://www.gov.uk/government/publications/uk-hydrogen-strategy,DESNZ (2021) UK Hydrogen Strategy. London: DESNZ.
"UK Biodiversity Indicators 2025 (39 indicators, 68 measures)",JNCC / Defra,2025,https://jncc.gov.uk/our-work/uk-biodiversity-indicators/,JNCC / Defra (2025) UK Biodiversity Indicators 2025. Peterborough: JNCC. Published 2 December 2025.
UK Biodiversity Indicators 2025 – Summary: Assessment of Change,JNCC / Defra,2025,https://jncc.gov.uk/our-work/assessing-indicators,JNCC / Defra (2025) UK Biodiversity Indicators 2025: Summary assessment of change. Peterborough: JNCC.
Wild Bird Populations in the UK and England 1970–2024,BTO / RSPB / JNCC / Defra,2025,https://www.gov.uk/government/statistics/wild-bird-populations-in-the-uk,BTO / RSPB / JNCC / Defra (2025) Wild Bird Populations in the UK and England 1970–2024. Accredited official statistics. London: Defra.
State of Nature 2023 (UK report),"State of Nature Partnership (60+ organisations incl. RSPB, BTO, Butterfly Conservation, UKCEH, JNCC, Wildlife Trusts)",2023,https://stateofnature.org.uk/wp-content/uploads/2023/09/TP25999-State-of-Nature-main-report_2023_FULL-DOC-v12.pdf,"Burns, F. et al. (2023) State of Nature 2023. [UK Report]. State of Nature Partnership. Published 27 September 2023. Available at: stateofnature.org.uk"
State of Nature 2023 terrestrial and freshwater animal dataset (open data),UKCEH / BTO / State of Nature Partnership,2023,https://pmc.ncbi.nlm.nih.gov/articles/PMC12151253/,"Eaton, M.A. et al. (2024) State of nature 2023 terrestrial and freshwater animal dataset for the United Kingdom and its constituent countries. Data in Brief. doi:10.1016/j.dib.2024.110618"
