Code,Target_Text_Official,Parent_Goal,Used_In_Workbook,Official_Link
SDG-1.1,"By 2030, eradicate extreme poverty for all people everywhere, currently measured as people living on less than $1.25 a day",SDG-1,Yes,https://sdgs.un.org/goals/goal1
SDG-1.2,"By 2030, reduce at least by half the proportion of men, women and children of all ages living in poverty in all its dimensions according to national definitions",SDG-1,Yes,https://sdgs.un.org/goals/goal1
SDG-1.3,"Implement nationally appropriate social protection systems and measures for all, including floors, and by 2030 achieve substantial coverage of the poor and the vulnerable",SDG-1,Yes,https://sdgs.un.org/goals/goal1
SDG-1.4,"By 2030, ensure that all men and women, in particular the poor and the vulnerable, have equal rights to economic resources, as well as access to basic services, ownership and control over land and other forms of property, inheritance, natural resources, appropriate new technology and financial services, including microfinance",SDG-1,Yes,https://sdgs.un.org/goals/goal1
SDG-1.5,"By 2030, build the resilience of the poor and those in vulnerable situations and reduce their exposure and vulnerability to climate-related extreme events and other economic, social and environmental shocks and disasters",SDG-1,Yes,https://sdgs.un.org/goals/goal1
SDG-1.a,"Ensure significant mobilization of resources from a variety of sources, including through enhanced development cooperation, in order to provide adequate and predictable means for developing countries, in particular least developed countries, to implement programmes and policies to end poverty in all its dimensions",SDG-1,Yes,https://sdgs.un.org/goals/goal1
SDG-1.b,"Create sound policy frameworks at the national, regional and international levels, based on pro-poor and gender-sensitive development strategies, to support accelerated investment in poverty eradication actions",SDG-1,Yes,https://sdgs.un.org/goals/goal1
SDG-2.1,"By 2030, end hunger and ensure access by all people, in particular the poor and people in vulnerable situations, including infants, to safe, nutritious and sufficient food all year round",SDG-2,Yes,https://sdgs.un.org/goals/goal2
SDG-2.2,"By 2030, end all forms of malnutrition, including achieving, by 2025, the internationally agreed targets on stunting and wasting in children under 5 years of age, and address the nutritional needs of adolescent girls, pregnant and lactating women and older persons",SDG-2,Yes,https://sdgs.un.org/goals/goal2
SDG-2.3,"By 2030, double the agricultural productivity and incomes of small-scale food producers, in particular women, indigenous peoples, family farmers, pastoralists and fishers, including through secure and equal access to land, other productive resources and inputs, knowledge, financial services, markets and opportunities for value addition and non-farm employment",SDG-2,Yes,https://sdgs.un.org/goals/goal2
SDG-2.4,"By 2030, ensure sustainable food production systems and implement resilient agricultural practices that increase productivity and production, that help maintain ecosystems, that strengthen capacity for adaptation to climate change, extreme weather, drought, flooding and other disasters and that progressively improve land and soil quality",SDG-2,Yes,https://sdgs.un.org/goals/goal2
SDG-2.5,"By 2020, maintain the genetic diversity of seeds, cultivated plants and farmed and domesticated animals and their related wild species, including through soundly managed and diversified seed and plant banks at the national, regional and international levels, and promote access to and fair and equitable sharing of benefits arising from the utilization of genetic resources and associated traditional knowledge, as internationally agreed",SDG-2,Yes,https://sdgs.un.org/goals/goal2
SDG-2.a,"Increase investment, including through enhanced international cooperation, in rural infrastructure, agricultural research and extension services, technology development and plant and livestock gene banks in order to enhance agricultural productive capacity in developing countries, in particular least developed countries",SDG-2,Yes,https://sdgs.un.org/goals/goal2
SDG-2.b,"Correct and prevent trade restrictions and distortions in world agricultural markets, including through the parallel elimination of all forms of agricultural export subsidies and all export measures with equivalent effect, in accordance with the mandate of the Doha Development Round",SDG-2,Yes,https://sdgs.un.org/goals/goal2
SDG-2.c,"Adopt measures to ensure the proper functioning of food commodity markets and their derivatives and facilitate timely access to market information, including on food reserves, in order to help limit extreme food price volatility",SDG-2,Yes,https://sdgs.un.org/goals/goal2
SDG-5.a,"Undertake reforms to give women equal rights to economic resources, as well as access to ownership and control over land and other forms of property, financial services, inheritance and natural resources, in accordance with national laws",SDG-5,Yes,https://sdgs.un.org/goals/goal5
SDG-5.b,"Enhance the use of enabling technology, in particular information and communications technology, to promote the empowerment of women",SDG-5,Yes,https://sdgs.un.org/goals/goal5
SDG-5.c,Adopt and strengthen sound policies and enforceable legislation for the promotion of gender equality and the empowerment of all women and girls at all levels,SDG-5,Yes,https://sdgs.un.org/goals/goal5
SDG-6.1,"By 2030, achieve universal and equitable access to safe and affordable drinking water for all",SDG-6,Yes,https://sdgs.un.org/goals/goal6
SDG-6.2,"By 2030, achieve access to adequate and equitable sanitation and hygiene for all and end open defecation, paying special attention to the needs of women and girls and those in vulnerable situations",SDG-6,Yes,https://sdgs.un.org/goals/goal6
SDG-6.3,"By 2030, improve water quality by reducing pollution, eliminating dumping and minimizing release of hazardous chemicals and materials, halving the proportion of untreated wastewater and substantially increasing recycling and safe reuse globally",SDG-6,Yes,https://sdgs.un.org/goals/goal6
SDG-6.4,"By 2030, substantially increase water-use efficiency across all sectors and ensure sustainable withdrawals and supply of freshwater to address water scarcity and substantially reduce the number of people suffering from water scarcity",SDG-6,Yes,https://sdgs.un.org/goals/goal6
SDG-6.5,"By 2030, implement integrated water resources management at all levels, including through transboundary cooperation as appropriate",SDG-6,Yes,https://sdgs.un.org/goals/goal6
SDG-6.6,"By 2020, protect and restore water-related ecosystems, including mountains, forests, wetlands, rivers, aquifers and lakes",SDG-6,Yes,https://sdgs.un.org/goals/goal6
SDG-6.a,"By 2030, expand international cooperation and capacity-building support to developing countries in water- and sanitation-related activities and programmes, including water harvesting, desalination, water efficiency, wastewater treatment, recycling and reuse technologies",SDG-6,Yes,https://sdgs.un.org/goals/goal6
SDG-6.b,Support and strengthen the participation of local communities in improving water and sanitation management,SDG-6,Yes,https://sdgs.un.org/goals/goal6
SDG-7.1,"By 2030, ensure universal access to affordable, reliable and modern energy services",SDG-7,Yes,https://sdgs.un.org/goals/goal7
SDG-7.2,"By 2030, increase substantially the share of renewable energy in the global energy mix",SDG-7,Yes,https://sdgs.un.org/goals/goal7
SDG-7.3,"By 2030, double the global rate of improvement in energy efficiency",SDG-7,Yes,https://sdgs.un.org/goals/goal7
SDG-7.a,"By 2030, enhance international cooperation to facilitate access to clean energy research and technology, including renewable energy, energy efficiency and advanced and cleaner fossil-fuel technology, and promote investment in energy infrastructure and clean energy technology",SDG-7,Yes,https://sdgs.un.org/goals/goal7
SDG-7.b,"By 2030, expand infrastructure and upgrade technology for supplying modern and sustainable energy services for all in developing countries, in particular least developed countries, small island developing States and landlocked developing countries, in accordance with their respective programmes of support",SDG-7,Yes,https://sdgs.un.org/goals/goal7
SDG-8.1,"Sustain per capita economic growth in accordance with national circumstances and, in particular, at least 7 per cent gross domestic product growth per annum in the least developed countries",SDG-8,Yes,https://sdgs.un.org/goals/goal8
SDG-8.2,"Achieve higher levels of economic productivity through diversification, technological upgrading and innovation, including through a focus on high-value added and labour-intensive sectors",SDG-8,Yes,https://sdgs.un.org/goals/goal8
SDG-8.3,"Promote development-oriented policies that support productive activities, decent job creation, entrepreneurship, creativity and innovation, and encourage the formalization and growth of micro-, small- and medium-sized enterprises, including through access to financial services",SDG-8,Yes,https://sdgs.un.org/goals/goal8
SDG-8.4,"Improve progressively, through 2030, global resource efficiency in consumption and production and endeavour to decouple economic growth from environmental degradation, in accordance with the 10‑Year Framework of Programmes on Sustainable Consumption and Production, with developed countries taking the lead",SDG-8,Yes,https://sdgs.un.org/goals/goal8
SDG-8.5,"By 2030, achieve full and productive employment and decent work for all women and men, including for young people and persons with disabilities, and equal pay for work of equal value",SDG-8,Yes,https://sdgs.un.org/goals/goal8
SDG-8.6,"By 2020, substantially reduce the proportion of youth not in employment, education or training",SDG-8,Yes,https://sdgs.un.org/goals/goal8
SDG-8.7,"Take immediate and effective measures to eradicate forced labour, end modern slavery and human trafficking and secure the prohibition and elimination of the worst forms of child labour, including recruitment and use of child soldiers, and by 2025 end child labour in all its forms",SDG-8,Yes,https://sdgs.un.org/goals/goal8
SDG-8.8,"Protect labour rights and promote safe and secure working environments for all workers, including migrant workers, in particular women migrants, and those in precarious employment",SDG-8,Yes,https://sdgs.un.org/goals/goal8
SDG-8.9,"By 2030, devise and implement policies to promote sustainable tourism that creates jobs and promotes local culture and products",SDG-8,Yes,https://sdgs.un.org/goals/goal8
SDG-8.10,"Strengthen the capacity of domestic financial institutions to encourage and expand access to banking, insurance and financial services for all",SDG-8,Yes,https://sdgs.un.org/goals/goal8
SDG-8.a,"Increase Aid for Trade support for developing countries, in particular least developed countries, including through the Enhanced Integrated Framework for Trade-related Technical Assistance to Least Developed Countries",SDG-8,Yes,https://sdgs.un.org/goals/goal8
SDG-8.b,"By 2020, develop and operationalize a global strategy for youth employment and implement the Global Jobs Pact of the International Labour Organization",SDG-8,Yes,https://sdgs.un.org/goals/goal8
SDG-9.1,"Develop quality, reliable, sustainable and resilient infrastructure, including regional and transborder infrastructure, to support economic development and human well-being, with a focus on affordable and equitable access for all",SDG-9,Yes,https://sdgs.un.org/goals/goal9
SDG-9.2,"Promote inclusive and sustainable industrialization and, by 2030, significantly raise industry’s share of employment and gross domestic product, in line with national circumstances, and double its share in least developed countries",SDG-9,Yes,https://sdgs.un.org/goals/goal9
SDG-9.3,"Increase the access of small-scale industrial and other enterprises, in particular in developing countries, to financial services, including affordable credit, and their integration into value chains and markets",SDG-9,Yes,https://sdgs.un.org/goals/goal9
SDG-9.4,"By 2030, upgrade infrastructure and retrofit industries to make them sustainable, with increased resource-use efficiency and greater adoption of clean and environmentally sound technologies and industrial processes, with all countries taking action in accordance with their respective capabilities",SDG-9,Yes,https://sdgs.un.org/goals/goal9
SDG-9.5,"Enhance scientific research, upgrade the technological capabilities of industrial sectors in all countries, in particular developing countries, including, by 2030, encouraging innovation and substantially increasing the number of research and development workers per 1 million people and public and private research and development spending",SDG-9,Yes,https://sdgs.un.org/goals/goal9
SDG-9.a,"Facilitate sustainable and resilient infrastructure development in developing countries through enhanced financial, technological and technical support to African countries, least developed countries, landlocked developing countries and small island developing States",SDG-9,Yes,https://sdgs.un.org/goals/goal9
SDG-9.b,"Support domestic technology development, research and innovation in developing countries, including by ensuring a conducive policy environment for, inter alia, industrial diversification and value addition to commodities",SDG-9,Yes,https://sdgs.un.org/goals/goal9
SDG-9.c,Significantly increase access to information and communications technology and strive to provide universal and affordable access to the Internet in least developed countries by 2020,SDG-9,Yes,https://sdgs.un.org/goals/goal9
SDG-10.1,"By 2030, progressively achieve and sustain income growth of the bottom 40 per cent of the population at a rate higher than the national average",SDG-10,Yes,https://sdgs.un.org/goals/goal10
SDG-10.2,"By 2030, empower and promote the social, economic and political inclusion of all, irrespective of age, sex, disability, race, ethnicity, origin, religion or economic or other status",SDG-10,Yes,https://sdgs.un.org/goals/goal10
SDG-10.3,"Ensure equal opportunity and reduce inequalities of outcome, including by eliminating discriminatory laws, policies and practices and promoting appropriate legislation, policies and action in this regard",SDG-10,Yes,https://sdgs.un.org/goals/goal10
SDG-10.4,"Adopt policies, especially fiscal, wage and social protection policies, and progressively achieve greater equality",SDG-10,Yes,https://sdgs.un.org/goals/goal10
SDG-10.5,Improve the regulation and monitoring of global financial markets and institutions and strengthen the implementation of such regulations,SDG-10,Yes,https://sdgs.un.org/goals/goal10
SDG-10.6,"Ensure enhanced representation and voice for developing countries in decision-making in global international economic and financial institutions in order to deliver more effective, credible, accountable and legitimate institutions",SDG-10,Yes,https://sdgs.un.org/goals/goal10
SDG-10.7,"Facilitate orderly, safe, regular and responsible migration and mobility of people, including through the implementation of planned and well-managed migration policies",SDG-10,Yes,https://sdgs.un.org/goals/goal10
SDG-10.a,"Implement the principle of special and differential treatment for developing countries, in particular least developed countries, in accordance with World Trade Organization agreements",SDG-10,Yes,https://sdgs.un.org/goals/goal10
SDG-10.b,"Encourage official development assistance and financial flows, including foreign direct investment, to States where the need is greatest, in particular least developed countries, African countries, small island developing States and landlocked developing countries, in accordance with their national plans and programmes",SDG-10,Yes,https://sdgs.un.org/goals/goal10
SDG-10.c,"By 2030, reduce to less than 3 per cent the transaction costs of migrant remittances and eliminate remittance corridors with costs higher than 5 per cent",SDG-10,Yes,https://sdgs.un.org/goals/goal10
SDG-11.1,"By 2030, ensure access for all to adequate, safe and affordable housing and basic services and upgrade slums",SDG-11,Yes,https://sdgs.un.org/goals/goal11
SDG-11.2,"By 2030, provide access to safe, affordable, accessible and sustainable transport systems for all, improving road safety, notably by expanding public transport, with special attention to the needs of those in vulnerable situations, women, children, persons with disabilities and older persons",SDG-11,Yes,https://sdgs.un.org/goals/goal11
SDG-11.3,"By 2030, enhance inclusive and sustainable urbanization and capacity for participatory, integrated and sustainable human settlement planning and management in all countries",SDG-11,Yes,https://sdgs.un.org/goals/goal11
SDG-11.4,Strengthen efforts to protect and safeguard the world’s cultural and natural heritage,SDG-11,Yes,https://sdgs.un.org/goals/goal11
SDG-11.5,"By 2030, significantly reduce the number of deaths and the number of people affected and substantially decrease the direct economic losses relative to global gross domestic product caused by disasters, including water-related disasters, with a focus on protecting the poor and people in vulnerable situations",SDG-11,Yes,https://sdgs.un.org/goals/goal11
SDG-11.6,"By 2030, reduce the adverse per capita environmental impact of cities, including by paying special attention to air quality and municipal and other waste management",SDG-11,Yes,https://sdgs.un.org/goals/goal11
SDG-11.7,"By 2030, provide universal access to safe, inclusive and accessible, green and public spaces, in particular for women and children, older persons and persons with disabilities",SDG-11,Yes,https://sdgs.un.org/goals/goal11
SDG-11.a,"Support positive economic, social and environmental links between urban, peri-urban and rural areas by strengthening national and regional development planning",SDG-11,Yes,https://sdgs.un.org/goals/goal11
SDG-11.b,"By 2020, substantially increase the number of cities and human settlements adopting and implementing integrated policies and plans towards inclusion, resource efficiency, mitigation and adaptation to climate change, resilience to disasters, and develop and implement, in line with the Sendai Framework for Disaster Risk Reduction 2015–2030, holistic disaster risk management at all levels",SDG-11,Yes,https://sdgs.un.org/goals/goal11
SDG-12.1,"Implement the 10‑Year Framework of Programmes on Sustainable Consumption and Production Patterns, all countries taking action, with developed countries taking the lead, taking into account the development and capabilities of developing countries",SDG-12,Yes,https://sdgs.un.org/goals/goal12
SDG-12.2,"By 2030, achieve the sustainable management and efficient use of natural resources",SDG-12,Yes,https://sdgs.un.org/goals/goal12
SDG-12.3,"By 2030, halve per capita global food waste at the retail and consumer levels and reduce food losses along production and supply chains, including post-harvest losses",SDG-12,Yes,https://sdgs.un.org/goals/goal12
SDG-12.4,"By 2020, achieve the environmentally sound management of chemicals and all wastes throughout their life cycle, in accordance with agreed international frameworks, and significantly reduce their release to air, water and soil in order to minimize their adverse impacts on human health and the environment",SDG-12,Yes,https://sdgs.un.org/goals/goal12
SDG-12.5,"By 2030, substantially reduce waste generation through prevention, reduction, recycling and reuse",SDG-12,Yes,https://sdgs.un.org/goals/goal12
SDG-12.6,"Encourage companies, especially large and transnational companies, to adopt sustainable practices and to integrate sustainability information into their reporting cycle",SDG-12,Yes,https://sdgs.un.org/goals/goal12
SDG-12.7,"Promote public procurement practices that are sustainable, in accordance with national policies and priorities",SDG-12,Yes,https://sdgs.un.org/goals/goal12
SDG-12.8,"By 2030, ensure that people everywhere have the relevant information and awareness for sustainable development and lifestyles in harmony with nature",SDG-12,Yes,https://sdgs.un.org/goals/goal12
SDG-12.a,Support developing countries to strengthen their scientific and technological capacity to move towards more sustainable patterns of consumption and production,SDG-12,Yes,https://sdgs.un.org/goals/goal12
SDG-12.b,Develop and implement tools to monitor sustainable development impacts for sustainable tourism that creates jobs and promotes local culture and products,SDG-12,Yes,https://sdgs.un.org/goals/goal12
SDG-12.c,"Rationalize inefficient fossil-fuel subsidies that encourage wasteful consumption by removing market distortions, in accordance with national circumstances, including by restructuring taxation and phasing out those harmful subsidies, where they exist, to reflect their environmental impacts, taking fully into account the specific needs and conditions of developing countries and minimizing the possible adverse impacts on their development in a manner that protects the poor and the affected communities",SDG-12,Yes,https://sdgs.un.org/goals/goal12
SDG-13.1,Strengthen resilience and adaptive capacity to climate-related hazards and natural disasters in all countries,SDG-13,Yes,https://sdgs.un.org/goals/goal13
SDG-13.2,"Integrate climate change measures into national policies, strategies and planning",SDG-13,Yes,https://sdgs.un.org/goals/goal13
SDG-13.3,"Improve education, awareness-raising and human and institutional capacity on climate change mitigation, adaptation, impact reduction and early warning",SDG-13,Yes,https://sdgs.un.org/goals/goal13
SDG-13.a,Implement the commitment undertaken by developed-country parties to the United Nations Framework Convention on Climate Change to a goal of mobilizing jointly $100 billion annually by 2020 from all sources to address the needs of developing countries in the context of meaningful mitigation actions and transparency on implementation and fully operationalize the Green Climate Fund through its capitalization as soon as possible,SDG-13,Yes,https://sdgs.un.org/goals/goal13
SDG-13.b,"Promote mechanisms for raising capacity for effective climate change-related planning and management in least developed countries and small island developing States, including focusing on women, youth and local and marginalized communities",SDG-13,Yes,https://sdgs.un.org/goals/goal13
SDG-14.1,"By 2025, prevent and significantly reduce marine pollution of all kinds, in particular from land-based activities, including marine debris and nutrient pollution",SDG-14,Yes,https://sdgs.un.org/goals/goal14
SDG-14.2,"By 2020, sustainably manage and protect marine and coastal ecosystems to avoid significant adverse impacts, including by strengthening their resilience, and take action for their restoration in order to achieve healthy and productive oceans",SDG-14,Yes,https://sdgs.un.org/goals/goal14
SDG-14.3,"Minimize and address the impacts of ocean acidification, including through enhanced scientific cooperation at all levels",SDG-14,Yes,https://sdgs.un.org/goals/goal14
SDG-14.4,"By 2020, effectively regulate harvesting and end overfishing, illegal, unreported and unregulated fishing and destructive fishing practices and implement science-based management plans, in order to restore fish stocks in the shortest time feasible, at least to levels that can produce maximum sustainable yield as determined by their biological characteristics",SDG-14,Yes,https://sdgs.un.org/goals/goal14
SDG-14.5,"By 2020, conserve at least 10 per cent of coastal and marine areas, consistent with national and international law and based on the best available scientific information",SDG-14,Yes,https://sdgs.un.org/goals/goal14
SDG-14.6,"By 2020, prohibit certain forms of fisheries subsidies which contribute to overcapacity and overfishing, eliminate subsidies that contribute to illegal, unreported and unregulated fishing and refrain from introducing new such subsidies, recognizing that appropriate and effective special and differential treatment for developing and least developed countries should be an integral part of the World Trade Organization fisheries subsidies negotiation4",SDG-14,Yes,https://sdgs.un.org/goals/goal14
SDG-14.7,"By 2030, increase the economic benefits to small island developing States and least developed countries from the sustainable use of marine resources, including through sustainable management of fisheries, aquaculture and tourism",SDG-14,Yes,https://sdgs.un.org/goals/goal14
SDG-14.a,"Increase scientific knowledge, develop research capacity and transfer marine technology, taking into account the Intergovernmental Oceanographic Commission Criteria and Guidelines on the Transfer of Marine Technology, in order to improve ocean health and to enhance the contribution of marine biodiversity to the development of developing countries, in particular small island developing States and least developed countries",SDG-14,Yes,https://sdgs.un.org/goals/goal14
SDG-14.b,Provide access for small-scale artisanal fishers to marine resources and markets,SDG-14,Yes,https://sdgs.un.org/goals/goal14
SDG-14.c,"Enhance the conservation and sustainable use of oceans and their resources by implementing international law as reflected in the United Nations Convention on the Law of the Sea, which provides the legal framework for the conservation and sustainable use of oceans and their resources, as recalled in paragraph 158 of “The future we want”",SDG-14,Yes,https://sdgs.un.org/goals/goal14
SDG-15.1,"By 2020, ensure the conservation, restoration and sustainable use of terrestrial and inland freshwater ecosystems and their services, in particular forests, wetlands, mountains and drylands, in line with obligations under international agreements",SDG-15,Yes,https://sdgs.un.org/goals/goal15
SDG-15.2,"By 2020, promote the implementation of sustainable management of all types of forests, halt deforestation, restore degraded forests and substantially increase afforestation and reforestation globally",SDG-15,Yes,https://sdgs.un.org/goals/goal15
SDG-15.3,"By 2030, combat desertification, restore degraded land and soil, including land affected by desertification, drought and floods, and strive to achieve a land degradation-neutral world",SDG-15,Yes,https://sdgs.un.org/goals/goal15
SDG-15.4,"By 2030, ensure the conservation of mountain ecosystems, including their biodiversity, in order to enhance their capacity to provide benefits that are essential for sustainable development",SDG-15,Yes,https://sdgs.un.org/goals/goal15
SDG-15.5,"Take urgent and significant action to reduce the degradation of natural habitats, halt the loss of biodiversity and, by 2020, protect and prevent the extinction of threatened species",SDG-15,Yes,https://sdgs.un.org/goals/goal15
SDG-15.6,"Promote fair and equitable sharing of the benefits arising from the utilization of genetic resources and promote appropriate access to such resources, as internationally agreed",SDG-15,Yes,https://sdgs.un.org/goals/goal15
SDG-15.7,Take urgent action to end poaching and trafficking of protected species of flora and fauna and address both demand and supply of illegal wildlife products,SDG-15,Yes,https://sdgs.un.org/goals/goal15
SDG-15.8,"By 2020, introduce measures to prevent the introduction and significantly reduce the impact of invasive alien species on land and water ecosystems and control or eradicate the priority species",SDG-15,Yes,https://sdgs.un.org/goals/goal15
SDG-15.9,"By 2020, integrate ecosystem and biodiversity values into national and local planning, development processes, poverty reduction strategies and accounts",SDG-15,Yes,https://sdgs.un.org/goals/goal15
SDG-15.a,Mobilize and significantly increase financial resources from all sources to conserve and sustainably use biodiversity and ecosystems,SDG-15,Yes,https://sdgs.un.org/goals/goal15
SDG-15.b,"Mobilize significant resources from all sources and at all levels to finance sustainable forest management and provide adequate incentives to developing countries to advance such management, including for conservation and reforestation",SDG-15,Yes,https://sdgs.un.org/goals/goal15
SDG-15.c,"Enhance global support for efforts to combat poaching and trafficking of protected species, including by increasing the capacity of local communities to pursue sustainable livelihood opportunities",SDG-15,Yes,https://sdgs.un.org/goals/goal15
SDG-17.1,"Strengthen domestic resource mobilization, including through international support to developing countries, to improve domestic capacity for tax and other revenue collection",SDG-17,Yes,https://sdgs.un.org/goals/goal17
SDG-17.2,"Developed countries to implement fully their official development assistance commitments, including the commitment by many developed countries to achieve the target of 0.7 per cent of gross national income for official development assistance (ODA/GNI) to developing countries and 0.15 to 0.20 per cent of ODA/GNI to least developed countries; ODA providers are encouraged to consider setting a target to provide at least 0.20 per cent of ODA/GNI to least developed countries",SDG-17,Yes,https://sdgs.un.org/goals/goal17
SDG-17.3,Mobilize additional financial resources for developing countries from multiple sources,SDG-17,Yes,https://sdgs.un.org/goals/goal17
SDG-17.4,"Assist developing countries in attaining long-term debt sustainability through coordinated policies aimed at fostering debt financing, debt relief and debt restructuring, as appropriate, and address the external debt of highly indebted poor countries to reduce debt distress",SDG-17,Yes,https://sdgs.un.org/goals/goal17
SDG-17.5,Adopt and implement investment promotion regimes for least developed countries,SDG-17,Yes,https://sdgs.un.org/goals/goal17
SDG-17.6,"Enhance North-South, South-South and triangular regional and international cooperation on and access to science, technology and innovation and enhance knowledge-sharing on mutually agreed terms, including through improved coordination among existing mechanisms, in particular at the United Nations level, and through a global technology facilitation mechanism",SDG-17,Yes,https://sdgs.un.org/goals/goal17
SDG-17.7,"Promote the development, transfer, dissemination and diffusion of environmentally sound technologies to developing countries on favourable terms, including on concessional and preferential terms, as mutually agreed",SDG-17,Yes,https://sdgs.un.org/goals/goal17
SDG-17.8,"Fully operationalize the technology bank and science, technology and innovation capacity-building mechanism for least developed countries by 2017 and enhance the use of enabling technology, in particular information and communications technology",SDG-17,Yes,https://sdgs.un.org/goals/goal17
SDG-17.9,"Enhance international support for implementing effective and targeted capacity-building in developing countries to support national plans to implement all the Sustainable Development Goals, including through North-South, South-South and triangular cooperation",SDG-17,Yes,https://sdgs.un.org/goals/goal17
SDG-17.10,"Promote a universal, rules-based, open, non‑discriminatory and equitable multilateral trading system under the World Trade Organization, including through the conclusion of negotiations under its Doha Development Agenda",SDG-17,Yes,https://sdgs.un.org/goals/goal17
SDG-17.11,"Significantly increase the exports of developing countries, in particular with a view to doubling the least developed countries’ share of global exports by 2020",SDG-17,Yes,https://sdgs.un.org/goals/goal17
SDG-17.12,"Realize timely implementation of duty-free and quota-free market access on a lasting basis for all least developed countries, consistent with World Trade Organization decisions, including by ensuring that preferential rules of origin applicable to imports from least developed countries are transparent and simple, and contribute to facilitating market access",SDG-17,Yes,https://sdgs.un.org/goals/goal17
SDG-17.13,"Enhance global macroeconomic stability, including through policy coordination and policy coherence",SDG-17,Yes,https://sdgs.un.org/goals/goal17
SDG-17.14,Enhance policy coherence for sustainable development,SDG-17,Yes,https://sdgs.un.org/goals/goal17
SDG-17.15,Respect each country’s policy space and leadership to establish and implement policies for poverty eradication and sustainable development,SDG-17,Yes,https://sdgs.un.org/goals/goal17
SDG-17.16,"Enhance the Global Partnership for Sustainable Development, complemented by multi-stakeholder partnerships that mobilize and share knowledge, expertise, technology and financial resources, to support the achievement of the Sustainable Development Goals in all countries, in particular developing countries",SDG-17,Yes,https://sdgs.un.org/goals/goal17
SDG-17.17,"Encourage and promote effective public, public-private and civil society partnerships, building on the experience and resourcing strategies of partnerships",SDG-17,Yes,https://sdgs.un.org/goals/goal17
SDG-17.18,"By 2020, enhance capacity-building support to developing countries, including for least developed countries and small island developing States, to increase significantly the availability of high-quality, timely and reliable data disaggregated by income, gender, age, race, ethnicity, migratory status, disability, geographic location and other characteristics relevant in national contexts",SDG-17,Yes,https://sdgs.un.org/goals/goal17
SDG-17.19,"By 2030, build on existing initiatives to develop measurements of progress on sustainable development that complement gross domestic product, and support statistical capacity-building in developing countries",SDG-17,Yes,https://sdgs.un.org/goals/goal17
