Code,Short_Title,Full_Text_Official,Used_In_Workbook,Official_Link
SDG GOALS,,,,
SDG-1,No Poverty,End poverty in all its forms everywhere.,Yes,https://sdgs.un.org/goals/goal1
SDG-2,Zero Hunger,"End hunger, achieve food security and improved nutrition and promote sustainable agriculture.",Yes,https://sdgs.un.org/goals/goal2
SDG-3,Good Health and Well-Being,Ensure healthy lives and promote well-being for all at all ages.,Yes,https://sdgs.un.org/goals/goal3
SDG-4,Quality Education,Ensure inclusive and equitable quality education and promote lifelong learning opportunities for all.,Yes,https://sdgs.un.org/goals/goal4
SDG-5,Gender Equality,Achieve gender equality and empower all women and girls.,Yes,https://sdgs.un.org/goals/goal5
SDG-6,Clean Water and Sanitation,Ensure availability and sustainable management of water and sanitation for all.,Yes,https://sdgs.un.org/goals/goal6
SDG-7,Affordable and Clean Energy,"Ensure access to affordable, reliable, sustainable and modern energy for all.",Yes,https://sdgs.un.org/goals/goal7
SDG-8,Decent Work and Economic Growth,"Promote sustained, inclusive and sustainable economic growth, full and productive employment and decent work for all.",Yes,https://sdgs.un.org/goals/goal8
SDG-9,"Industry, Innovation and Infrastructure","Build resilient infrastructure, promote inclusive and sustainable industrialization and foster innovation.",Yes,https://sdgs.un.org/goals/goal9
SDG-10,Reduced Inequalities,Reduce inequality within and among countries.,Yes,https://sdgs.un.org/goals/goal10
SDG-11,Sustainable Cities and Communities,"Make cities and human settlements inclusive, safe, resilient and sustainable.",Yes,https://sdgs.un.org/goals/goal11
SDG-12,Responsible Consumption and Production,Ensure sustainable consumption and production patterns.,Yes,https://sdgs.un.org/goals/goal12
SDG-13,Climate Action,Take urgent action to combat climate change and its impacts.,Yes,https://sdgs.un.org/goals/goal13
SDG-14,Life Below Water,"Conserve and sustainably use the oceans, seas and marine resources for sustainable development.",Yes,https://sdgs.un.org/goals/goal14
SDG-15,Life on Land,"Protect, restore and promote sustainable use of terrestrial ecosystems, sustainably manage forests, combat desertification, and halt and reverse land degradation and halt biodiversity loss.",Yes,https://sdgs.un.org/goals/goal15
SDG-16,"Peace, Justice and Strong Institutions","Promote peaceful and inclusive societies for sustainable development, provide access to justice for all and build effective, accountable and inclusive institutions at all levels.",Yes,https://sdgs.un.org/goals/goal16
SDG-17,Partnerships for the Goals,Strengthen the means of implementation and revitalize the Global Partnership for Sustainable Development.,Yes,https://sdgs.un.org/goals/goal17
,,,,
Note: 'Yes' in Used_In_Workbook indicates the SDG goal appears in the SDG_Goals_Clean column of an indicator sheet. This sheet lists GOALS only — SDG targets live in the 'SDG Target Lookup' sheet. Source: UN 2030 Agenda for Sustainable Development (A/RES/70/1). Official SDG indicator list: https://unstats.un.org/sdgs/indicators/indicators-list/ BIP SDG linkages verified from bipindicators.net HTML pages (downloaded May 2026).,,,,
